userAgent,anomaly_score,log_total_calls,out_degree,entropy,max_call
Boto3/1.9.201 Python/2.7.12 Linux/4.4.0-159-generic Botocore/1.12.201,979.5938,13.492997,10.0,0.102925465,713356.0
Boto3/1.9.201 Python/2.7.12 Linux/4.4.0-157-generic Botocore/1.12.201,616.9926,13.300662,11.0,0.1287172,585830.0
aws-cli/2.0.50 Python/3.8.5 Darwin/19.6.0 source/x86_64 command/ec2.run-instances,28.02353,1.3862944,1.0,0.0,3.0
aws-sdk-nodejs/2.279.1 linux/v10.7.0 promise,28.02353,1.3862944,1.0,0.0,3.0
aws-sdk-nodejs/2.279.1 linux/v10.8.0 promise,26.634079,2.8332133,1.0,0.0,16.0
aws-sdk-nodejs/2.221.1 win32/v8.11.1 callback,24.805239,6.302619,3.0,0.12602802,531.0
aws-sdk-nodejs/2.449.0 win32/v12.2.0 callback,24.691132,6.6133842,3.0,0.15723321,718.0
Botocore/1.16.26 Python/2.7.18 Linux/5.4.0-2-amd64,24.456297,6.731018,778.0,6.5751653,15.0
aws-sdk-nodejs/2.725.0 win32/v12.2.0 callback,24.160524,7.6043963,2.0,0.026011795,1998.0
Boto3/1.7.42 Python/2.7.12 Linux/4.4.0-131-generic Botocore/1.10.42,24.066088,7.6820216,6.0,0.36674005,2016.0
Botocore/1.12.25 Python/2.7.15 Linux/4.16.0-kali2-amd64,23.082237,8.391857,420.0,5.435299,300.0
Boto3/1.9.231 Python/2.7.15+ Linux/4.15.0-64-generic Botocore/1.12.231,20.86187,9.230829,11.0,0.09837226,10063.0
Boto3/1.7.4 Python/2.7.12 Linux/4.4.0-119-generic Botocore/1.10.4,18.540514,9.675646,7.0,1.0029644,8431.0
Boto3/1.7.4 Python/3.6.8 Linux/4.18.0-kali3-amd64 Botocore/1.10.4,13.643641,5.7430034,252.0,5.0642457,46.0
console.amazonaws.com,12.259021,8.353733,146.0,4.019748,386.0
Boto3/1.14.51 Python/3.8.5 Linux/4.19.76-linuxkit Botocore/1.17.51,11.561102,7.213032,218.0,3.9880443,166.0
aws-cli/1.11.30 Python/2.7.11 Darwin/16.4.0 botocore/1.4.87,11.410793,4.0430512,34.0,3.254663,8.0
aws-cli/1.16.99 Python/2.7.15rc1 Linux/4.9.93-boot2docker botocore/1.12.89,9.515792,4.060443,10.0,1.5359786,29.0
aws-cli/1.14.9 Python/2.7.13 Linux/4.9.81-35.56.amzn1.x86_64 botocore/1.8.13,9.39874,5.0106354,25.0,2.0965226,65.0
aws-cli/1.4.2 Python/3.4.2 Linux/4.4.0-0.bpo.1-amd64,9.133958,1.609438,2.0,0.56233513,3.0
Boto3/1.9.86 Python/3.7.3 Linux/5.1.0-parrot1-3t-amd64 Botocore/1.12.170,8.894151,9.445649,61.0,2.3142478,6604.0
[Boto3/1.15.13 Python/3.8.5 Darwin/19.6.0 Botocore/1.18.13 Resource],8.306004,10.063393,1.0,0.0,23467.0
aws-cli/1.16.130 Python/2.7.15rc1 Linux/4.15.0-47-generic botocore/1.12.120,8.287758,6.8079348,161.0,4.4245763,98.0
ec2.amazonaws.com,8.07114,10.695552,3.0,0.0757608,43555.0
aws-cli/1.16.161 Python/2.7.16 Linux/3.18.14-156973 botocore/1.12.151,7.6912327,4.0073333,6.0,1.413429,26.0
Boto3/1.9.171 Python/3.7.3 Linux/5.1.0-parrot1-3t-amd64 Botocore/1.12.171,7.1536345,9.933289,85.0,2.5689828,5420.0
aws-cli/1.16.308 Python/2.7.17 Linux/4.15.0-76-generic botocore/1.13.44,6.953831,2.7725887,4.0,1.3397943,5.0
Boto3/1.7.30 Python/3.6.1 Linux/4.9.93-41.60.amzn1.x86_64 Botocore/1.10.30,5.8635106,5.8081427,166.0,4.383843,22.0
console.ec2.amazonaws.com,5.6996202,7.20934,39.0,2.8667347,194.0
aws-cli/1.16.96 Python/3.6.7 Linux/4.18.0-kali3-amd64 botocore/1.12.86,5.6711392,1.609438,2.0,0.56233513,3.0
aws-cli/1.11.13 Python/2.7.16 Darwin/19.3.0 botocore/1.4.70,5.6576395,2.4849067,11.0,2.3978953,1.0
aws-cli/1.16.130 Python/3.7.3 Darwin/17.7.0 botocore/1.12.120,5.5175834,4.317488,7.0,1.6234055,24.0
Boto3/1.14.6 Python/3.8.4 Linux/5.5.0-kali2-amd64 Botocore/1.17.6,5.477478,6.930495,53.0,3.4853127,132.0
signin.amazonaws.com,5.1296897,5.4424176,48.0,3.1453242,58.0
aws-cli/1.17.10 Python/3.8.1 Darwin/19.2.0 botocore/1.14.10,4.784308,3.6635616,31.0,3.382216,2.0
aws-sdk-ruby2/2.9.37 ruby/2.3.3 x86_64-darwin15,4.4999886,6.061457,37.0,3.1755476,41.0
aws-cli/1.18.2 Python/2.7.16 Linux/4.14.165-103.209.amzn1.x86_64 botocore/1.15.2,4.3068748,5.0106354,147.0,4.9853387,2.0
Boto3/1.9.165 Python/3.5.2 Linux/4.15.0-55-generic Botocore/1.12.165,4.1238675,3.988984,33.0,3.4210055,4.0
aws-cli/2.0.38 Python/3.7.4 Darwin/19.6.0 exe/x86_64 command/ssm.list-documents,4.1035185,3.2580965,1.0,0.0,25.0
aws-sdk-go/1.12.55 (go1.10.1; linux; amd64),4.0411677,6.50279,36.0,3.4856098,60.0
Mozilla/5.0 (Macintosh; Intel Mac OS X 10.13; rv:13.0) Gecko/207396 ElasticWolf/5.1.7,3.8013594,4.65396,42.0,3.621267,8.0
aws-cli/1.14.28 Python/2.7.13 Darwin/16.7.0 botocore/1.8.32,3.618528,3.6635616,28.0,3.2314627,3.0
aws-cli/1.16.123 Python/3.6.8 Linux/4.19.0-kali1-amd64 botocore/1.12.113,3.6171522,7.431892,17.0,0.4225356,1540.0
Boto3/1.4.4 Python/2.7.12 Linux/4.4.0-78-generic Botocore/1.5.56,3.5407193,9.2824745,48.0,2.6942508,4522.0
aws-cli/1.9.20 Python/2.7.6 Linux/3.13.0-83-generic botocore/1.3.20,3.532075,3.465736,25.0,3.1656725,2.0
AWSPowerShell/251.194.70.74 .NET_Runtime/4.0 .NET_Framework/4.0 OS/Microsoft_Windows_NT_10.0.17369.0 WindowsPowerShell/5.0 ClientSync,3.44522,4.3307333,35.0,3.371439,8.0
[aws-cli/1.16.301 Python/3.7.6 Linux/5.4.0-kali3-amd64 botocore/1.13.37],3.3275998,8.434029,2.0,0.012788709,4592.0
aws-cli/1.16.206 Python/3.6.0 Windows/10 botocore/1.12.196,3.3189378,4.4308167,25.0,2.9963145,8.0
aws-cli/1.11.13 Python/3.5.2 Linux/4.4.0-34-generic botocore/1.4.70,3.1982782,4.189655,37.0,3.3970616,6.0
aws-cli/2.0.6 Python/3.8.2 Darwin/19.4.0 botocore/2.0.0dev10,3.1584802,4.304065,41.0,3.4628754,9.0
[Boto3/1.9.171 Python/3.7.3 Linux/5.1.0-parrot1-3t-amd64 Botocore/1.12.171 Resource],3.0726628,8.994048,17.0,2.7396562,894.0
aws-cli/1.11.13 Python/3.5.2 Linux/4.4.0-1050-aws botocore/1.4.70,3.0010753,3.3322046,26.0,3.2444928,2.0
[Boto3/1.9.86 Python/3.7.3 Linux/5.1.0-parrot1-3t-amd64 Botocore/1.12.170 Resource],2.9905837,9.011523,17.0,2.7174404,912.0
Boto3/1.11.16 Python/3.7.6 Linux/5.4.0-kali3-amd64 Botocore/1.14.16,2.9681392,5.4722705,28.0,2.917138,24.0
aws-sdk-go/1.12.55 (go1.10.3; darwin; amd64),2.8874373,6.1862087,43.0,3.6602454,30.0
aws-sdk-nodejs/2.653.0 linux/v12.15.0 callback,2.836141,7.52564,77.0,4.0070143,76.0
aws-sdk-go/1.8.11 (go1.8; linux; amd64),2.8278298,5.170484,33.0,3.4137375,17.0
aws-sdk-ruby2/2.7.16 ruby/2.3.1 x86_64-linux-gnu,2.7808282,4.1431346,39.0,3.4929156,5.0
aws-cli/2.0.50 Python/3.8.5 Darwin/19.6.0 source/x86_64 command/ec2.describe-security-groups,2.7222025,0.6931472,1.0,0.0,1.0
aws-cli/1.14.44 Python/3.6.8 Linux/4.4.0-039049-Microsoft botocore/1.8.48,2.6833298,6.347389,100.0,1.9976517,317.0
aws-cli/2.0.37 Python/3.7.4 Darwin/19.6.0 exe/x86_64 command/iam.get-policy-version,2.62757,0.6931472,1.0,0.0,1.0
aws-sdk-java/1.11.301 Linux/4.9.93-linuxkit-aufs Java_HotSpot(TM)_64-Bit_Server_VM/25.172-b11 java/1.8.0_172,2.6199794,9.148571,1.0,0.0,9400.0
Boto3/1.7.48 Python/3.8.2 Linux/4.9.184-linuxkit Botocore/1.10.48,2.5824065,6.703188,140.0,4.279161,42.0
[Boto3/1.7.66 Python/2.7.14+ Linux/4.13.0-kali1-amd64 Botocore/1.10.66 Resource],2.5622194,8.093157,1.0,0.0,3271.0
aws-cli/1.9.10 Python/2.7.9 Windows/8 botocore/1.3.10,2.5518777,3.5553482,23.0,2.9734855,5.0
Boto3/1.7.48 Python/3.7.5 Windows/10 Botocore/1.10.48,2.499932,4.804021,108.0,4.6295524,3.0
Boto/2.10.0 (linux2),2.4909518,6.6066504,12.0,2.3432364,120.0
aws-sdk-nodejs/2.413.0 linux/v12.0.0 callback,2.4896574,7.1316986,49.0,3.6851823,64.0
config.amazonaws.com,2.4077466,8.9662285,50.0,0.33276805,7473.0
aws-cli/1.11.168 Python/2.7.6 Linux/3.13.0-92-generic botocore/1.7.26,2.3960226,4.5325994,24.0,2.7173018,16.0
[Boto3/1.7.65 Python/3.5.2 Linux/4.13.0-37-generic Botocore/1.10.65 Resource],2.3518062,8.759826,1.0,0.0,6372.0
Boto3/1.9.149 Python/2.7.10 Darwin/18.5.0 Botocore/1.12.149,2.300894,6.0980744,51.0,2.7794948,108.0
aws-cli/2.0.39 Python/3.7.7 Windows/10 exe/AMD64 command/iam.get-policy-version,2.3000164,0.6931472,1.0,0.0,1.0
Boto3/1.4.4 Python/2.7.12 Linux/4.4.0-78-generic Botocore/1.5.56 Resource,2.2826622,8.643826,5.0,0.8233551,2866.0
aws-cli/1.14.1 Python/2.7.12 Linux/4.4.0-112-generic botocore/1.8.5,2.2186449,3.4011974,19.0,2.8414602,4.0
Boto3/1.9.62 Python/3.6.5 Darwin/18.0.0 Botocore/1.12.62,2.1826963,4.26268,32.0,3.3496723,7.0
aws-cli/1.16.145 Python/3.6.7 Linux/4.15.0-45-generic botocore/1.12.135,2.1787758,3.7376697,22.0,2.7049007,11.0
aws-cli/2.0.17 Python/3.7.4 Darwin/19.4.0 botocore/2.0.0dev21,2.076778,3.988984,30.0,3.2022188,5.0
Boto/2.47.0 Python/2.7.12 Linux/4.4.0-78-generic,2.066048,6.765039,11.0,2.0820131,140.0
[Boto3/1.4.4 Python/2.7.12 Linux/4.4.0-78-generic Botocore/1.5.56],2.0637453,8.108021,12.0,2.4303792,306.0
aws-cli/2.0.49 Python/3.7.4 Darwin/19.6.0 exe/x86_64 command/cloudtrail.describe-trails,2.0626786,0.6931472,1.0,0.0,1.0
[S3Console/0.4],2.0560725,7.184629,16.0,2.235112,426.0
ElasticWolf/5.0.0,2.04588,4.6821313,28.0,2.9491,15.0
aws-cli/1.14.30 Python/3.6.4 Darwin/17.3.0 botocore/1.8.34,2.0032203,3.1354942,13.0,2.4133406,4.0
Apache-HttpClient/4.5.x (Java/1.8.0_102),1.9843638,7.1196356,39.0,2.4704986,450.0
lambda.amazonaws.com,1.9831171,8.55891,1.0,0.0,5212.0
aws-cli/1.16.134 Python/3.7.4 Linux/5.3.8-arch1-1 botocore/1.12.124,1.9760231,3.1354942,15.0,2.626165,3.0
Boto3/1.13.12 Python/3.6.9 Linux/5.3.0-1017-aws Botocore/1.16.12,1.9675909,5.5412636,159.0,4.532538,22.0
aws-cli/1.14.18 Python/2.7.3 Linux/3.18.0-kali1-amd64 botocore/1.8.22,1.9039865,5.673323,43.0,3.0063813,54.0
Boto3/1.7.14 Python/3.6.1 Linux/4.9.93-41.60.amzn1.x86_64 Botocore/1.10.14,1.8845681,4.1431346,28.0,2.5982432,16.0
aws-sdk-nodejs/2.395.0 darwin/v11.6.0 callback,1.8397008,7.005789,47.0,3.6607616,60.0
aws-sdk-nodejs/2.331.0 linux/v8.11.2 callback,1.8383064,7.0066953,47.0,3.6601913,60.0
aws-sdk-nodejs/2.463.0 win32/v8.11.1 exec-env/AWS_Lambda_nodejs,1.814686,6.350886,17.0,2.4646378,128.0
awslambda-worker,1.7858604,8.165079,2.0,0.006883996,3512.0
aws-sdk-nodejs/2.7.21 linux/v4.3.2 exec-env/AWS_Lambda_nodejs4.3,1.7588184,7.365813,31.0,3.0372913,112.0
aws-cli/1.16.81 Python/3.7.2rc1 Linux/4.9.125-linuxkit botocore/1.12.71,1.7527436,7.3112183,48.0,3.3463576,160.0
aws-cli/2.0.44 Python/3.7.3 Linux/5.4.0-kali3-amd64 exe/x86_64.kali.2020 command/iam.list-policies,1.7481145,0.6931472,1.0,0.0,1.0
aws-sdk-nodejs/2.50.0 darwin/v4.3.2 callback,1.7443093,0.6931472,1.0,0.0,1.0
Boto3/1.14.20 Python/3.8.2 Linux/5.4.0-40-generic Botocore/1.17.20,1.7431537,6.413459,152.0,4.3502665,45.0
aws-cli/1.10.67 Python/2.7.10 Darwin/16.4.0 botocore/1.4.93,1.7303685,5.799093,77.0,4.072881,36.0
aws-cli/1.16.61 Python/2.7.15 Darwin/17.7.0 botocore/1.12.51,1.7117329,4.1743875,26.0,3.086739,8.0
aws-cli/1.16.300 Python/3.7.6 Darwin/19.3.0 botocore/1.13.36,1.70479,1.7917595,2.0,0.50040245,4.0
aws-cli/1.16.140 Python/3.6.7 Linux/4.15.0-47-generic botocore/1.12.130,1.6719496,5.8998976,44.0,2.898356,86.0
aws-cli/1.16.103 Python/2.7.12 Linux/4.4.0-142-generic botocore/1.12.93,1.6578966,4.744932,29.0,2.4747596,52.0
aws-cli/1.16.117 Python/2.7.12 Linux/4.15.0-36-generic botocore/1.12.107,1.6436677,4.0073333,20.0,2.9170477,6.0
Boto3/1.14.28 Python/3.8.5 Linux/5.7.0-kali1-amd64 Botocore/1.17.28,1.6429013,8.271293,229.0,5.4320426,34.0
aws-cli/1.11.127 Python/2.7.12 Linux/4.10.0-28-generic botocore/1.5.92,1.6417073,4.0775375,15.0,2.5034132,13.0
Boto3/1.13.23 Python/2.7.17 Linux/5.0.0-25-generic Botocore/1.16.23,1.6371489,6.5889263,616.0,6.255994,21.0
aws-cli/1.10.36 Python/2.7.10 Darwin/15.6.0 botocore/1.4.26,1.6180878,3.218876,15.0,2.5568273,4.0
aws-cli/1.14.44 Python/3.6.7 Linux/4.15.0-43-generic botocore/1.8.48,1.6152077,6.126869,50.0,3.0091913,81.0
aws-cli/1.11.13 Python/3.5.2 Linux/4.10.0-42-generic botocore/1.4.70,1.611319,0.6931472,1.0,0.0,1.0
aws-cli/1.16.131 Python/3.7.1 Darwin/18.7.0 botocore/1.12.121,1.6056455,4.8751974,21.0,1.976393,72.0
aws-cli/1.14.40 Python/2.7.15 Linux/4.17.2-200.fc28.x86_64 botocore/1.9.1,1.6024024,2.8332133,11.0,2.3066688,3.0
aws-sdk-go/1.19.18 (go1.12.4; linux; amd64),1.5992882,0.6931472,1.0,0.0,1.0
Boto3/1.4.6 Python/2.7.14 Linux/4.13.5-1-ARCH Botocore/1.6.0,1.5962318,6.6424866,35.0,3.3016357,42.0
aws-cli/1.11.181 Python/2.7.12 Linux/4.9.34-gentoo botocore/1.7.39,1.5887492,0.6931472,1.0,0.0,1.0
aws-cli/1.16.47 Python/2.7.13 Linux/4.17.0-3rodete2-amd64 botocore/1.12.37,1.5784897,4.2904596,26.0,2.6878607,23.0
aws-cli/2.0.24 Python/3.7.4 Darwin/18.7.0 botocore/2.0.0dev28,1.5671895,2.1972246,2.0,0.37677017,7.0
aws-cli/1.16.209 Python/2.7.14 Darwin/18.6.0 botocore/1.12.199,1.5597631,5.894403,13.0,1.1901923,218.0
Boto3/1.7.48 Python/3.7.3 Darwin/17.7.0 Botocore/1.10.48,1.5189342,5.1298985,9.0,1.7323325,64.0
aws-cli/1.18.106 Python/2.7.12 Linux/4.4.0-64-generic botocore/1.17.29,1.5050157,6.754604,53.0,3.4118774,96.0
aws-cli/1.11.72 Python/2.7.13 Darwin/16.6.0 botocore/1.5.35,1.5023293,4.2341065,31.0,3.1299024,12.0
[Boto3/1.4.7 Python/2.7.16 Linux/4.15.0-66-generic Botocore/1.7.48],1.4853834,6.799056,16.0,2.7725887,56.0
[Boto3/1.9.171 Python/3.7.4 Linux/5.2.0-2parrot1-amd64 Botocore/1.12.171 Resource],1.4784355,7.5005293,14.0,2.5993023,226.0
aws-cli/1.15.63 Python/2.7.12 Linux/4.15.0-29-generic botocore/1.10.62,1.4775473,0.6931472,1.0,0.0,1.0
aws-cli/2.0.52 Python/3.7.4 Darwin/18.7.0 exe/x86_64 command/apigateway.get-stages,1.4697133,0.6931472,1.0,0.0,1.0
[Boto3/1.9.47 Python/2.7.15+ Linux/4.18.0-kali1-amd64 Botocore/1.12.47 Resource],1.4662807,6.684612,1.0,0.0,799.0
aws-cli/1.10.26 Python/2.7.10 Darwin/16.6.0 botocore/1.4.17,1.4615778,1.3862944,1.0,0.0,3.0
aws-internal/3 aws-sdk-java/1.11.414 Mac_OS_X/10.12.6 Java_HotSpot(TM)_64-Bit_Server_VM/25.181-b13 java/1.8.0_181,1.4558835,0.6931472,1.0,0.0,1.0
aws-cli/2.0.38 Python/3.7.4 Darwin/19.6.0 exe/x86_64 command/sts.assume-role,1.4558835,0.6931472,1.0,0.0,1.0
aws-cli/1.16.123 Python/2.7.15+ Linux/4.19.0-kali1-amd64 botocore/1.12.113,1.4482131,3.8918202,12.0,2.2421212,14.0
aws-cli/1.16.158 Python/3.6.6 Darwin/17.7.0 botocore/1.12.148,1.4373883,5.587249,38.0,2.8927376,82.0
aws-cli/2.0.44 Python/3.7.7 Windows/10 exe/AMD64 command/lambda.get-policy,1.4347185,0.6931472,1.0,0.0,1.0
Boto3/1.7.48 Python/3.5.3 Linux/4.9.0-7-amd64 Botocore/1.10.48,1.4326668,7.7030077,27.0,0.31887168,2116.0
Boto3/1.7.62 Python/3.7.0 Windows/10 Botocore/1.10.62,1.4318576,5.5012584,106.0,4.603553,6.0
aws-internal/3 aws-sdk-java/1.11.429 Mac_OS_X/10.12.6 Java_HotSpot(TM)_64-Bit_Server_VM/25.181-b13 java/1.8.0_181,1.4304994,0.6931472,1.0,0.0,1.0
Boto3/1.9.111 Python/2.7.10 Darwin/18.2.0 Botocore/1.12.111,1.4303907,1.609438,1.0,0.0,4.0
aws-cli/1.18.127 Python/3.8.5 Darwin/19.6.0 botocore/1.17.50,1.4251724,2.4849067,9.0,2.1458418,2.0
aws-sdk-ruby3/3.30.0 ruby/2.5.1 x86_64-linux-gnu aws-sdk-ec2/1.33.0,1.4248766,1.609438,1.0,0.0,4.0
"Mozilla/5.0 (X11; Linux x86_64) AppleWebKit/537.36 (KHTML, like Gecko) Ubuntu Chromium/80.0.3987.163 Chrome/80.0.3987.163 Safari/537.36",1.412982,3.7612002,15.0,2.2504869,15.0
aws-cli/1.15.66 Python/3.7.2 Darwin/18.2.0 botocore/1.10.65,1.4030893,3.0910425,16.0,2.6895359,3.0
Boto3/1.9.142 Python/3.7.3 Linux/5.0.8-arch1-1-ARCH Botocore/1.12.142,1.4008232,7.6912003,57.0,3.731303,128.0
aws-cli/1.18.13 Python/3.7.4 Linux/4.14.165-131.185.amzn2.x86_64 botocore/1.15.13,1.3917135,3.295837,17.0,2.7047813,4.0
Boto3/1.10.8 Python/3.7.5rc1 Linux/5.2.0-kali3-amd64 Botocore/1.13.8,1.3873872,7.535297,222.0,5.3619905,14.0
aws-cli/1.16.148 Python/3.6.8 Linux/4.19.0-kali3-amd64 botocore/1.12.138,1.3805234,7.26473,49.0,3.26986,194.0
aws-cli/1.16.90 Python/3.7.3 Darwin/18.5.0 botocore/1.12.80,1.3792382,1.0986123,1.0,0.0,2.0
aws-cli/2.0.8 Python/3.7.3 Linux/4.16.18-188_fbk19_5237_gaa5ac55ed32e botocore/2.0.0dev12,1.3757017,4.962845,27.0,2.7440329,27.0
aws-cli/2.0.49 Python/3.7.4 Darwin/19.6.0 exe/x86_64 command/sts.assume-role,1.3742149,0.6931472,1.0,0.0,1.0
aws-cli/1.16.168 Python/3.6.7 Linux/4.15.0-50-generic botocore/1.12.158,1.3739693,7.689371,56.0,3.2642932,420.0
aws-cli/1.16.7 Python/2.7.14+ Linux/4.15.0-kali2-amd64 botocore/1.11.7,1.358995,2.7080503,10.0,2.2055984,3.0
aws-cli/1.17.0 Python/2.7.17 Linux/5.0.0-36-generic botocore/1.14.0,1.3498778,7.7790484,52.0,3.2029095,448.0
aws-cli/1.16.19 Python/3.7.4 Darwin/18.7.0 botocore/1.12.9,1.3477374,3.9512436,16.0,2.5145345,8.0
aws-cli/1.11.44 Python/3.5.3 Linux/4.10.0-11-generic botocore/1.5.7,1.3357162,4.4308167,23.0,2.5751925,18.0
Boto3/1.5.32 Python/3.6.4 Darwin/17.7.0 Botocore/1.8.50,1.3343264,3.912023,8.0,1.7143712,15.0
[aws-cli/1.17.0 Python/2.7.17 Linux/5.0.0-36-generic botocore/1.14.0],1.3273771,4.919981,7.0,1.7836337,40.0
Boto3/1.9.219 Python/3.7.4 Linux/4.19.0-kali5-amd64 Botocore/1.12.219,1.324287,0.6931472,1.0,0.0,1.0
aws-cli/1.16.185 Python/3.6.7 Linux/4.15.0-50-generic botocore/1.12.175,1.3091156,7.679251,55.0,3.0509253,608.0
aws-cli/1.11.78 Python/2.7.10 Darwin/16.5.0 botocore/1.5.41,1.3073385,1.3862944,1.0,0.0,3.0
aws-cli/1.16.24 Python/3.7.0 Linux/4.18.11-arch1-1-ARCH botocore/1.12.14,1.3044894,1.3862944,2.0,0.6365142,2.0
aws-cli/1.18.44 Python/3.7.7 Darwin/18.7.0 botocore/1.15.44,1.302575,3.6109178,17.0,2.5772107,8.0
aws-cli/1.16.80 Python/3.7.2 Darwin/18.2.0 botocore/1.12.70,1.2899282,2.944439,10.0,2.2161021,3.0
aws-cli/2.0.54 Python/3.8.5 Darwin/18.7.0 source/x86_64 command/iam.get-policy-version,1.2879432,0.6931472,1.0,0.0,1.0
aws-cli/1.11.57 Python/3.5.2 Linux/4.8.15-300.fc25.x86_64 botocore/1.5.20,1.2679265,3.0445225,13.0,2.4412146,4.0
aws-cli/1.16.122 Python/3.6.0 Windows/10 botocore/1.12.112,1.2675296,1.0986123,1.0,0.0,2.0
aws-cli/2.0.50 Python/3.7.7 Windows/10 exe/AMD64 command/iam.get-policy-version,1.2568189,0.6931472,1.0,0.0,1.0
aws-cli/1.10.1 Python/2.7.12 Linux/4.4.0-57-generic botocore/1.4.81,1.2503828,3.218876,19.0,2.8314803,4.0
aws-internal/3,1.2490053,6.0402546,6.0,1.1753074,241.0
aws-cli/1.16.302 Python/3.7.5 Linux/5.3.0-kali2-amd64 botocore/1.13.38,1.2401631,2.0794415,3.0,0.7963117,5.0
aws-cli/2.0.46 Python/3.8.5 Darwin/19.6.0 source/x86_64 command/iam.get-policy-version,1.2345831,0.6931472,1.0,0.0,1.0
Boto3/1.7.71 Python/3.6.5 Linux/4.15.0-1015-gcp Botocore/1.10.71,1.2317472,6.025866,56.0,3.7385457,22.0
aws-cli/2.0.44 Python/3.7.3 Linux/5.4.0-26-generic exe/x86_64.linuxmint.20 command/iam.get-policy-version,1.2278112,0.6931472,1.0,0.0,1.0
aws-cli/1.11.95 Python/2.7.10 Darwin/15.6.0 botocore/1.5.58,1.2276402,4.6728287,17.0,2.0226076,41.0
aws-cli/2.0.42 Python/3.7.3 Linux/5.2.0-kali2-amd64 exe/x86_64.kali.2019 command/iam.get-policy-version,1.2252781,0.6931472,1.0,0.0,1.0
aws-cli/1.15.51 Python/2.7.15rc1 Linux/4.15.0-kali2-amd64 botocore/1.10.50,1.2239408,7.0621915,45.0,3.2194858,150.0
Boto3/1.9.109 Python/2.7.15+ Linux/4.4.0-01985-Microsoft Botocore/1.12.109,1.2239316,7.7288556,1.0,0.0,2272.0
aws-cli/1.11.81 Python/2.7.9 Windows/7 botocore/1.5.44,1.2205294,3.8501475,21.0,2.849289,5.0
aws-cli/2.0.44 Python/3.7.7 Windows/10 exe/AMD64 command/iam.get-policy-version,1.2171793,0.6931472,1.0,0.0,1.0
aws-cli/1.14.44 Python/3.6.8 Linux/4.15.0-58-generic botocore/1.8.48,1.210894,0.6931472,1.0,0.0,1.0
AWSToolkitPackage.VS2015/67.6.49.120 .NET_Runtime/4.0 .NET_Framework/4.0 OS/Microsoft_Windows_NT_6.1.7601_Service_Pack_1 ClientSync AWSExplorerDescribeCall,1.2053841,3.0910425,7.0,1.9459103,3.0
aws-cli/1.11.56 Python/2.7.5 Linux/4.9.13-201.fc25.x86_64 botocore/1.5.19,1.2051774,3.8066626,19.0,2.221561,20.0
aws-cli/2.0.46 Python/3.7.3 Linux/5.7.0-kali1-amd64 exe/x86_64.kali.2020 command/iam.get-policy-version,1.2051218,0.6931472,1.0,0.0,1.0
aws-cli/1.11.163 Python/2.7.10 Darwin/17.6.0 botocore/1.10.28,1.192673,0.6931472,1.0,0.0,1.0
aws-cli/2.0.50 Python/3.7.3 Linux/4.15.0-117-generic exe/x86_64.ubuntu.18 command/iam.get-policy-version,1.1813216,0.6931472,1.0,0.0,1.0
aws-cli/2.0.38 Python/3.7.4 Darwin/19.6.0 exe/x86_64 command/iam.get-policy-version,1.1779525,2.8332133,1.0,0.0,16.0
aws-cli/2.0.40 Python/3.8.5 Darwin/19.6.0 source/x86_64 command/iam.get-policy-version,1.1758724,0.6931472,1.0,0.0,1.0
aws-cli/1.14.30 Python/2.7.10 Darwin/17.3.0 botocore/1.8.34,1.1702017,3.8918202,2.0,0.48257756,39.0
Boto3/1.7.71 Python/3.6.5 Linux/4.15.0-1014-gcp Botocore/1.10.71,1.158265,5.2832036,12.0,2.219153,30.0
aws-cli/1.10.0 Python/2.7.10 Darwin/15.3.0 botocore/1.3.22,1.1568102,1.0986123,1.0,0.0,2.0
aws-cli/2.0.42 Python/3.7.3 Linux/5.7.0-kali1-amd64 exe/x86_64.kali.2020 command/iam.get-policy-version,1.1549329,0.6931472,1.0,0.0,1.0
aws-cli/2.0.50 Python/3.8.5 Darwin/19.6.0 source/x86_64 command/apigateway.get-stages,1.1526589,1.0986123,1.0,0.0,2.0
aws-cli/1.10.14 Python/2.7.9 Windows/7 botocore/1.4.5,1.1482813,3.4011974,9.0,1.9445328,7.0
aws-cli/2.0.49 Python/3.7.4 Darwin/19.6.0 exe/x86_64 command/iam.list-policies,1.1479808,2.8332133,1.0,0.0,16.0
aws-sdk-go/1.4.10 (go1.7.4; linux; amd64),1.1479,4.762174,33.0,3.2265818,16.0
[Boto3/1.4.5 Python/3.6.1 Windows/10 Botocore/1.5.92],1.1470987,5.855072,2.0,0.459693,288.0
Boto3/1.3.1 Python/2.7.11 Darwin/15.6.0 Botocore/1.4.36,1.1469092,3.8066626,25.0,3.0315826,6.0
support.amazonaws.com,1.1467142,7.349231,23.0,2.532657,329.0
Boto3/1.4.4 Python/2.7.12 Linux/4.4.0-31-generic Botocore/1.5.56,1.1432936,5.902633,42.0,3.4089031,28.0
aws-cli/2.0.38 Python/3.7.4 Darwin/19.6.0 exe/x86_64 command/iam.list-policies,1.136669,2.3025851,1.0,0.0,9.0
aws-cli/1.14.44 Python/3.6.5 Linux/4.15.0-1023-aws botocore/1.8.48,1.1355488,3.218876,13.0,2.217435,7.0
Boto3/1.7.75 Python/3.6.5 Linux/4.15.0-1015-gcp Botocore/1.10.75,1.1330221,5.4467373,56.0,3.9112358,12.0
Boto3/1.4.4 Python/2.7.12 Linux/4.4.0-79-generic Botocore/1.5.80,1.1235476,5.9532433,42.0,3.4578376,28.0
aws-cli/2.0.50 Python/3.7.4 Darwin/19.6.0 exe/x86_64 command/iam.get-policy,1.1193365,0.6931472,1.0,0.0,1.0
Boto3/1.14.43 Python/2.7.16 Linux/4.19.0-kali5-amd64 Botocore/1.17.43,1.1180557,6.347389,51.0,3.6307309,32.0
Boto3/1.4.4 Python/2.7.13 Darwin/15.6.0 Botocore/1.5.56,1.1047274,5.902633,42.0,3.4089031,28.0
Boto3/1.7.55 Python/2.7.15 Linux/4.16.0-kali2-686-pae Botocore/1.10.55,1.0974598,5.575949,34.0,3.1093702,30.0
aws-sdk-go/1.15.41 (go1.11; linux; amd64) APN/1.0 HashiCorp/1.0 Terraform/0.11.8,1.0914556,2.9957323,10.0,2.1597314,4.0
apigateway.amazonaws.com,1.0907489,7.5637197,36.0,3.326501,125.0
Boto/2.10.0 (darwin),1.0899456,4.7957907,11.0,2.313723,19.0
aws-cli/2.0.50 Python/3.8.5 Darwin/19.6.0 source/x86_64 command/iam.get-policy-version,1.0895665,0.6931472,1.0,0.0,1.0
aws-sdk-go/1.8.7 (go1.7.4; darwin; amd64),1.0883845,1.0986123,1.0,0.0,2.0
Boto3/1.4.2 Python/2.7.13+ Linux/4.9.0-3-amd64 Botocore/1.5.19,1.0829971,8.14642,1.0,0.0,3450.0
aws-cli/2.0.37 Python/3.8.5 Darwin/19.6.0 source/x86_64 command/iam.get-policy-version,1.0792084,0.6931472,1.0,0.0,1.0
Boto3/1.9.145 Python/3.7.4 Darwin/18.7.0 Botocore/1.12.240,1.0774328,7.7341213,80.0,4.165012,64.0
Boto3/1.7.48 Python/3.5.3 Linux/4.9.0-9-amd64 Botocore/1.10.48,1.0646245,6.4264884,116.0,3.5967252,34.0
Boto3/1.9.145 Python/3.7.3 Linux/4.15.0-55-generic Botocore/1.12.200,1.0639678,7.6425242,82.0,4.216121,64.0
aws-cli/1.15.45 Python/2.7.12 Linux/4.4.0-66-generic botocore/1.10.45,1.0630734,6.037871,19.0,1.3323506,289.0
aws-sdk-ruby2/2.9.11 ruby/2.3.3 x86_64-darwin15,1.0615392,5.09375,27.0,3.0953565,13.0
aws-cli/1.14.44 Python/3.6.7 Linux/4.18.0-18-generic botocore/1.8.48,1.0550435,3.5553482,12.0,2.3639212,6.0
aws-cli/1.16.289 Python/3.6.8 Linux/4.9.184-linuxkit botocore/1.13.25,1.0495361,1.3862944,3.0,1.0986123,1.0
aws-cli/1.16.62 Python/2.7.12 Linux/4.15.0-36-generic botocore/1.12.52,1.0474858,2.3025851,6.0,1.6769878,3.0
aws-cli/1.15.21 Python/2.7.10 Darwin/18.6.0 botocore/1.10.21,1.0452707,2.8903718,13.0,2.476247,3.0
aws-cli/2.0.38 Python/3.7.7 Windows/10 exe/AMD64 command/iam.get-policy-version,1.0451827,0.6931472,1.0,0.0,1.0
Boto3/1.9.20 Python/2.7.15 Linux/4.16.0-kali2-amd64 Botocore/1.12.20,1.0435439,7.0457764,71.0,3.7788873,120.0
aws-cli/2.0.41 Python/3.7.3 Linux/5.2.0-kali3-amd64 exe/x86_64.kali.2019 command/iam.get-policy-version,1.0433477,1.0986123,1.0,0.0,2.0
aws-cli/2.0.50 Python/3.7.4 Darwin/19.6.0 exe/x86_64 command/iam.get-policy-version,1.0403606,0.6931472,1.0,0.0,1.0
aws-cli/1.15.45 Python/2.7.9 Windows/8 botocore/1.10.45,1.0399128,0.6931472,1.0,0.0,1.0
aws-cli/1.14.66 Python/2.7.10 Darwin/17.7.0 botocore/1.9.19,1.0399036,2.3978953,7.0,1.8866968,2.0
aws-cli/2.0.52 Python/3.7.4 Darwin/18.7.0 exe/x86_64 command/iam.get-policy-version,1.037868,0.6931472,1.0,0.0,1.0
aws-cli/1.18.32 Python/3.6.11 Linux/5.7.19-gentoo botocore/1.17.31,1.0346633,0.6931472,1.0,0.0,1.0
Boto3/1.4.2 Python/2.7.14 Linux/4.13.0-1-amd64 Botocore/1.5.19,1.0307629,8.070594,1.0,0.0,3198.0
aws-cli/1.11.66 Python/2.7.13 Darwin/16.6.0 botocore/1.5.29,1.0299875,4.919981,40.0,3.163086,31.0
aws-cli/2.0.42 Python/3.7.4 Darwin/19.6.0 exe/x86_64 command/ec2.describe-instances,1.0199937,0.6931472,1.0,0.0,1.0
aws-cli/2.0.51 Python/3.7.7 Windows/10 exe/AMD64 command/iam.get-policy-version,1.0181882,0.6931472,1.0,0.0,1.0
aws-cli/2.0.50 Python/3.7.4 Darwin/19.6.0 exe/x86_64 command/apigateway.get-stages,1.0174546,0.6931472,1.0,0.0,1.0
aws-cli/1.18.5 Python/3.7.6 Darwin/19.3.0 botocore/1.15.5,1.0165372,3.713572,4.0,0.7439637,31.0
aws-cli/1.14.67 Python/3.6.5 Darwin/15.6.0 botocore/1.9.20,1.0100038,4.317488,28.0,2.9610076,16.0
aws-cli/2.0.44 Python/3.7.3 Linux/5.4.0-26-generic exe/x86_64.linuxmint.20 command/lambda.get-policy,1.0065116,0.6931472,1.0,0.0,1.0
Boto3/1.5.36 Python/2.7.12 Linux/4.9.75-linuxkit-aufs Botocore/1.8.50,0.995592,7.4295206,1.0,0.0,1684.0
aws-cli/1.18.128 Python/3.8.5 Linux/4.19.76-linuxkit botocore/1.17.51,0.99407613,2.944439,9.0,2.1972246,2.0
aws-cli/1.16.106 Python/2.7.15+ Linux/4.20.12-14517-generic botocore/1.12.96,0.99306357,5.8777356,1.0,0.0,356.0
aws-sdk-nodejs/2.58.0 linux/v4.2.6 callback,0.9891962,5.5333896,27.0,3.0260353,14.0
aws-cli/1.18.26 Python/3.7.7 Linux/5.4.0-kali4-amd64 botocore/1.15.26,0.9888079,3.0910425,14.0,2.4383643,5.0
aws-cli/1.8.13 Python/2.7.10 Darwin/16.7.0,0.98848,2.5649493,10.0,2.2538576,2.0
Boto3/1.7.4 Python/3.6.7 Linux/4.15.0-47-generic Botocore/1.10.4,0.98793477,6.7923446,300.0,5.092182,62.0
Boto3/1.14.28 Python/3.8.5 Linux/5.8.0-kali1-amd64 Botocore/1.17.28,0.9839821,8.52536,223.0,5.405098,44.0
aws-cli/1.16.127 Python/3.6.0 Windows/10 botocore/1.12.117,0.98365825,4.0430512,14.0,2.2127895,20.0
aws-cli/1.16.190 Python/3.7.3 Darwin/16.7.0 botocore/1.12.180,0.97878563,4.564348,26.0,3.040933,8.0
aws-cli/1.15.66 Python/2.7.15 Linux/4.4.0-53329-Microsoft botocore/1.10.65,0.97809464,0.6931472,1.0,0.0,1.0
aws-cli/1.16.139 Python/3.6.9 Linux/5.4.0-45-generic botocore/1.12.141,0.97423995,3.9512436,9.0,1.7387861,16.0
aws-cli/1.16.200 Python/3.7.4 Darwin/18.7.0 botocore/1.12.190,0.97400844,2.0794415,2.0,0.4101163,6.0
aws-cli/1.18.103 Python/3.8.4 Darwin/19.6.0 botocore/1.17.26,0.971261,5.351858,47.0,3.297055,37.0
aws-cli/1.18.146 Python/3.6.7 Linux/4.6.0-kali1-amd64 botocore/1.18.5,0.9700395,2.9957323,12.0,2.3056574,4.0
aws-cli/1.16.147 Python/3.7.1 Windows/10 botocore/1.12.137,0.9682104,5.4161005,22.0,1.7998983,130.0
aws-cli/1.11.178 Python/2.7.12 Linux/4.10.0-37-generic botocore/1.7.36,0.9609558,3.8918202,16.0,1.9058919,25.0
Boto3/1.7.48 Python/3.6.8 Linux/4.18.0-80.11.2.el8_0.x86_64 Botocore/1.10.48,0.9608177,2.8332133,15.0,2.6859453,2.0
aws-cli/1.10.58 Python/2.7.11 Darwin/15.3.0 botocore/1.4.60,0.9571721,3.7841897,23.0,2.932904,6.0
aws-cli/2.0.50 Python/3.8.5 Darwin/19.6.0 source/x86_64 command/iam.list-entities-for-policy,0.955761,0.6931472,1.0,0.0,1.0
aws-cli/1.15.61 Python/3.6.6 Linux/4.16.0-kali2-amd64 botocore/1.10.60,0.95510453,6.418365,41.0,3.2543352,75.0
AWSPowerShell/3.3.563.1 .NET_Runtime/4.0 .NET_Framework/4.0 OS/Microsoft_Windows_NT_10.0.53329.0 WindowsPowerShell/5.0 ClientSync,0.9536124,5.2574954,3.0,0.7221837,96.0
Boto3/1.4.6 Python/2.7.13 CYGWIN_NT-10.0/2.8.0(0.309/5/3) Botocore/1.6.2,0.9533905,6.156979,50.0,3.6489046,28.0
aws-cli/1.16.52 Python/3.6.7 Linux/4.4.0-53329-Microsoft botocore/1.12.42,0.94852257,2.8332133,13.0,2.5126584,2.0
aws-cli/2.0.37 Python/3.7.4 Darwin/19.6.0 exe/x86_64 command/lambda.get-policy,0.94802994,1.0986123,1.0,0.0,2.0
[aws-cli/1.16.130 Python/2.7.15rc1 Linux/4.15.0-47-generic botocore/1.12.120],0.9462674,4.2341065,11.0,1.4828268,42.0
aws-sdk-go/1.7.9 (go1.8; linux; amd64),0.9457885,1.609438,1.0,0.0,4.0
aws-cli/2.0.36 Python/3.7.3 Linux/5.7.0-kali1-amd64 exe/x86_64.kali.2020 command/ec2.describe-instances,0.9419476,0.6931472,1.0,0.0,1.0
aws-cli/1.11.158 Python/2.7.10 Darwin/17.3.0 botocore/1.8.12,0.9411022,0.6931472,1.0,0.0,1.0
aws-cli/1.11.190 Python/3.6.4 Darwin/16.3.0 botocore/1.7.48,0.93981737,4.7184987,30.0,2.7062347,24.0
aws-cli/1.16.139 Python/2.7.15rc1 Linux/4.15.0-20-generic botocore/1.12.129,0.93725914,1.0986123,1.0,0.0,2.0
aws-cli/1.10.59 Python/2.7.10 Darwin/16.6.0 botocore/1.4.49,0.9364337,3.465736,22.0,2.9977567,3.0
aws-cli/1.16.102 Python/2.7.16 Linux/4.14.133-113.112.amzn2.x86_64 botocore/1.12.92,0.93454754,6.0980744,3.0,0.65040743,302.0
aws-cli/2.0.54 Python/3.8.5 Darwin/18.7.0 source/x86_64 command/iam.list-attached-user-policies,0.93341553,0.6931472,1.0,0.0,1.0
aws-cli/1.11.74 Python/2.7.10 Darwin/16.6.0 botocore/1.5.37,0.92479753,3.0910425,10.0,2.0159826,7.0
aws-cli/2.0.0dev3 Python/3.7.4 Darwin/18.7.0 botocore/2.0.0dev2,0.9109908,4.9272537,12.0,0.9872686,102.0
aws-cli/1.16.47 Python/2.7.13 Linux/4.16.0-3rodete1-amd64 botocore/1.12.37,0.910529,0.6931472,1.0,0.0,1.0
aws-cli/1.11.139 Python/3.6.3 Linux/4.13.0-38-generic botocore/1.6.6,0.90519947,4.744932,26.0,2.6480827,30.0
aws-cli/1.16.300 Python/2.7.16 Linux/4.14.177-139.254.amzn2.x86_64 botocore/1.13.36,0.9010664,5.26269,22.0,1.774105,111.0
Boto3/1.4.6 Python/2.7.17 Linux/4.9.184-linuxkit Botocore/1.13.28,0.8848942,6.061457,43.0,3.3730726,32.0
aws-cli/1.11.63 Python/2.7.12+ Linux/4.10.0-607186rc8-lowlatency botocore/1.5.26,0.87714297,5.1119876,18.0,1.9869153,64.0
aws-cli/1.16.96 Python/2.7.15+ Linux/4.15.0-54-generic botocore/1.12.86,0.87455606,3.8501475,3.0,1.024296,22.0
aws-cli/2.0.0 Python/3.7.3 Linux/4.4.0-039049-Microsoft botocore/2.0.0dev4,0.871553,0.6931472,1.0,0.0,1.0
"[S3Console/0.4, aws-internal/3]",0.8695904,4.5108595,14.0,2.1836843,35.0
aws-cli/1.15.9 Python/3.6.3 Darwin/16.7.0 botocore/1.10.9,0.86227953,0.6931472,1.0,0.0,1.0
aws-cli/1.16.52 Python/3.6.0 Windows/7 botocore/1.12.42,0.8613921,1.3862944,2.0,0.6365142,2.0
aws-cli/1.16.234 Python/2.7.15 Darwin/18.7.0 botocore/1.12.224,0.8613024,4.304065,15.0,1.2597027,53.0
aws-cli/1.11.61 Python/2.7.12 CYGWIN_NT-10.0/2.6.1(0.305/5/3) botocore/1.5.24,0.85921,4.1431346,22.0,2.8057642,11.0
aws-cli/1.10.54 Python/2.7.6 Linux/3.19.0-32-generic botocore/1.4.44,0.85715073,2.8903718,8.0,1.8705689,5.0
aws-cli/1.15.10 Python/2.7.9 Windows/8 botocore/1.10.10,0.85562426,6.322565,106.0,3.5579321,34.0
Boto3/1.12.47 Python/3.7.6 Linux/5.4.0-kali3-amd64 Botocore/1.15.47,0.8521271,5.521461,22.0,2.7504315,32.0
aws-cli/1.11.174 Python/2.7.12 Darwin/16.7.0 botocore/1.7.32,0.8459223,5.7004437,30.0,2.6983526,55.0
aws-cli/2.0.53 Python/3.7.3 Linux/5.7.0-kali3-amd64 exe/x86_64.kali.2020 command/iam.list-attached-user-policies,0.8429744,0.6931472,1.0,0.0,1.0
aws-cli/1.15.31 Python/2.7.14+ Linux/4.14.0-kali3-amd64 botocore/1.10.31,0.8332998,0.6931472,1.0,0.0,1.0
aws-cli/1.16.303 Python/3.6.9 Linux/5.3.0-1017-aws botocore/1.16.12,0.8318668,3.0445225,15.0,2.5536816,4.0
aws-cli/1.18.0 Python/3.6.9 Linux/5.3.0-40-generic botocore/1.15.0,0.8283735,0.6931472,1.0,0.0,1.0
AWSPowerShell/74.36.54.6 .NET_Runtime/4.0 .NET_Framework/4.0 OS/Microsoft_Windows_NT_10.0.814599.0 WindowsPowerShell/5.0 ClientSync,0.8273457,2.7725887,8.0,1.7075391,7.0
Boto/2.49.0 Python/2.7.15+ Linux/4.18.0-kali3-amd64,0.82730275,4.5108595,8.0,2.043192,20.0
Boto3/1.7.48 Python/3.7.4 Linux/4.14.165-131.185.amzn2.x86_64 Botocore/1.10.48,0.8271262,4.3820267,17.0,2.088204,16.0
Boto3/1.7.48 Python/3.6.8 Linux/4.4.0-039049-Microsoft Botocore/1.10.48,0.82684624,4.304065,14.0,1.8291231,33.0
aws-sdk-go/1.19.11 (go1.12.2; darwin; amd64) APN/1.0 HashiCorp/1.0 Terraform/0.12.0-dev,0.8246849,3.6109178,8.0,1.7964941,14.0
Boto3/1.4.7 Python/2.7.13 Darwin/16.7.0 Botocore/1.7.38,0.8224889,5.5093884,3.0,0.54653245,192.0
Boto/2.46.1 Python/2.7.13 Darwin/16.5.0,0.81999725,1.609438,1.0,0.0,4.0
aws-sdk-go/1.8.7 (go1.8.1; darwin; amd64),0.8195855,1.609438,1.0,0.0,4.0
aws-cli/1.16.209 Python/3.6.9 CYGWIN_NT-10.0-039049/3.0.7-338.x86_64 botocore/1.12.199,0.81796825,6.070738,38.0,2.717851,160.0
Boto/2.48.0 Python/2.7.12 Linux/4.4.0-128-generic,0.81585383,3.1354942,13.0,2.45257,3.0
aws-cli/1.11.58 Python/2.7.10 Darwin/16.0.0 botocore/1.5.21,0.81362456,3.0910425,14.0,2.4665773,4.0
aws-cli/2.0.54 Python/3.8.5 Darwin/18.7.0 source/x86_64 command/lambda.get-policy,0.8133417,0.6931472,1.0,0.0,1.0
aws-sdk-java/1.11.60 Linux/4.4.0-78-generic Java_HotSpot(TM)_64-Bit_Server_VM/25.131-b11/1.8.0_131,0.8098552,6.961296,34.0,1.7311542,713.0
Boto3/1.11.10 Python/3.7.6 Darwin/19.3.0 Botocore/1.14.10,0.80501574,6.535241,597.0,6.2720323,8.0
aws-cli/1.18.26 Python/3.7.6 Linux/5.4.0-kali3-amd64 botocore/1.15.38,0.80393267,3.3322046,17.0,2.6897273,5.0
Boto3/1.9.165 Python/3.5.2 Linux/4.15.0-55-generic Botocore/1.12.165 Resource,0.80113125,3.465736,19.0,2.897357,2.0
Boto3/1.13.0 Python/3.7.5 Linux/5.3.0-46-generic Botocore/1.16.0,0.79835534,6.9697905,81.0,4.190544,32.0
aws-cli/1.15.40 Python/3.6.5 Darwin/16.7.0 botocore/1.10.40,0.7974456,0.6931472,1.0,0.0,1.0
Boto3/1.7.45 Python/3.6.5 Windows/10 Botocore/1.10.45,0.79739726,3.713572,23.0,3.0997045,2.0
aws-cli/1.16.96 Python/3.6.7 Linux/4.18.0-kali3-amd64 botocore/1.12.92,0.7968274,1.9459101,2.0,0.6365142,4.0
aws-cli/1.16.102 Python/2.7.16 Linux/4.14.154-128.181.amzn2.x86_64 botocore/1.12.92,0.7947822,6.7345915,18.0,0.52128714,759.0
Boto3/1.9.180 Python/3.7.2 Darwin/18.6.0 Botocore/1.12.180,0.7943274,4.905275,10.0,1.6436515,46.0
Boto3/1.14.0 Python/2.7.16 Linux/4.19.0-kali4-amd64 Botocore/1.17.0,0.7929335,5.7930136,34.0,3.096723,32.0
aws-cli/1.16.260 Python/3.7.5 Darwin/18.7.0 botocore/1.12.250,0.7917529,2.7080503,10.0,2.2429733,2.0
Boto3/1.9.155 Python/3.7.3 Linux/4.9.0-5-amd64 Botocore/1.12.155,0.789049,8.000685,61.0,3.6247525,448.0
aws-cli/1.16.120 Python/3.7.4 Darwin/18.6.0 botocore/1.12.110,0.7885521,4.9904327,18.0,2.5793736,22.0
aws-cli/1.16.80 Python/3.7.2 Darwin/18.0.0 botocore/1.12.70,0.7818093,2.5649493,8.0,2.0228086,2.0
aws-cli/1.16.72 Python/3.6.6 Linux/4.15.0-55-generic botocore/1.12.62,0.77629143,3.218876,13.0,2.2538576,8.0
aws-cli/1.16.113 Python/3.7.2+ Linux/4.18.0-kali3-amd64 botocore/1.12.103,0.763399,6.408529,8.0,0.6671355,512.0
aws-cli/1.14.41 Python/2.7.13 Linux/4.9.0-5-amd64 botocore/1.8.45,0.7623114,4.2341065,18.0,2.700102,12.0
aws-cli/1.18.46 Python/3.8.2 Linux/5.5.0-kali2-amd64 botocore/1.17.24,0.7616561,1.7917595,3.0,0.95027053,3.0
aws-cli/2.0.51 Python/3.7.7 Windows/10 exe/AMD64 command/lambda.list-functions,0.761469,0.6931472,1.0,0.0,1.0
Boto3/1.9.210 Python/3.7.6 Linux/5.4.0-kali3-amd64 Botocore/1.12.210,0.76094174,5.42495,19.0,2.64976,32.0
aws-cli/2.0.50 Python/3.7.7 Windows/10 exe/AMD64 command/ec2.describe-snapshots,0.7602245,0.6931472,1.0,0.0,1.0
aws-cli/1.11.13 Python/3.5.2 Linux/4.4.0-1069-aws botocore/1.4.70,0.75616103,3.1780539,10.0,2.1858892,4.0
aws-cli/2.0.52 Python/3.7.4 Darwin/18.7.0 exe/x86_64 command/iam.get-policy,0.7556291,0.6931472,1.0,0.0,1.0
aws-cli/2.0.29 Python/3.7.3 Linux/5.5.0-kali2-amd64 botocore/2.0.0dev33,0.7553723,4.9698133,34.0,2.9957068,29.0
aws-cli/1.16.78 Python/3.7.2 Darwin/18.2.0 botocore/1.12.68,0.75409895,5.926926,4.0,0.19729093,360.0
aws-cli/1.15.20 Python/3.6.5 Darwin/16.7.0 botocore/1.10.20,0.75380605,3.9318256,6.0,0.91772026,34.0
Boto3/1.9.145 Python/3.7.2 Linux/4.9.0-9-amd64 Botocore/1.12.208,0.7482252,7.6113477,80.0,4.186191,64.0
aws-cli/1.11.56 Python/3.6.0 Darwin/16.4.0 botocore/1.5.19,0.7464589,4.1431346,28.0,2.7883375,17.0
[Boto3/1.14.51 Python/3.8.5 Linux/4.19.76-linuxkit Botocore/1.17.51],0.7454031,6.410175,23.0,2.5026038,62.0
aws-cli/1.11.170 Python/3.6.2 Linux/4.13.7-1-ARCH botocore/1.7.28,0.7422693,6.902743,6.0,0.27594382,940.0
aws-cli/1.16.226 Python/3.7.4 Darwin/18.7.0 botocore/1.12.216,0.73928463,1.3862944,2.0,0.6365142,2.0
[],0.7380489,4.65396,5.0,1.0720193,57.0
aws-cli/1.10.25 Python/2.7.10 Darwin/15.6.0 botocore/1.4.16,0.7328436,4.0253515,21.0,2.9027243,6.0
aws-cli/1.15.66 Python/3.5.4 Darwin/17.7.0 botocore/1.10.65,0.7327978,0.6931472,1.0,0.0,1.0
Boto3/1.14.32 Python/3.7.6 Linux/5.7.0-kali1-amd64 Botocore/1.17.32,0.73277056,4.465908,10.0,1.6052152,42.0
aws-cli/1.11.122 Python/2.7.10 Darwin/16.6.0 botocore/1.5.85,0.7313511,3.9702919,16.0,2.0744946,24.0
aws-cli/2.0.34 Python/3.7.3 Linux/5.6.0-2parrot1-amd64 botocore/2.0.0dev38,0.7312462,1.3862944,2.0,0.6365142,2.0
aws-cli/1.16.21 Python/3.6.5 Darwin/17.7.0 botocore/1.12.11,0.7305965,1.3862944,2.0,0.6365142,2.0
aws-cli/1.16.292 Python/2.7.17 Linux/5.4.0-2-amd64 botocore/1.13.28,0.7280336,6.5666723,42.0,3.2184525,96.0
aws-cli/1.16.276 Python/3.7.4 Darwin/19.2.0 botocore/1.13.16,0.727026,4.6151204,18.0,1.4454398,69.0
aws-cli/1.16.292 Python/2.7.17 Linux/4.9.184-linuxkit botocore/1.13.28,0.7220164,6.562444,42.0,3.2165089,96.0
Boto3/1.11.7 Python/3.7.5 Linux/5.0.0-36-generic Botocore/1.14.7,0.72140175,6.9255953,81.0,4.214204,32.0
aws-cli/1.16.47 Python/2.7.10 Darwin/18.0.0 botocore/1.12.37,0.71987295,1.3862944,2.0,0.6365142,2.0
aws-cli/1.18.69 Python/3.7.7 Linux/5.6.0-kali1-amd64 botocore/1.16.19,0.71944237,1.0986123,2.0,0.6931472,1.0
[Botocore/1.12.253 Python/3.7.6 Linux/5.4.0-kali4-amd64],0.7149074,5.918894,7.0,1.9459101,53.0
aws-cli/1.18.34 Python/2.7.15+ Linux/5.0.0-32-generic botocore/1.15.34,0.71252847,0.6931472,1.0,0.0,1.0
aws-cli/1.14.44 Python/3.6.7 Linux/4.15.0-46-generic botocore/1.8.48,0.7117652,5.8141303,13.0,0.8982389,272.0
Boto3/1.14.51 Python/3.8.5 Linux/4.19.76-linuxkit Botocore/1.17.51 Resource,0.7095048,1.7917595,1.0,0.0,5.0
Boto3/1.10.35 Python/2.7.16 Darwin/19.4.0 Botocore/1.13.35,0.70555663,5.7960577,34.0,3.1037614,32.0
Boto3/1.9.183 Python/3.6.8 Linux/3.10.0-957.21.3.el7.x86_64 Botocore/1.12.183,0.7053439,8.024535,62.0,3.6516466,448.0
aws-cli/1.18.31 Python/3.8.2 Linux/4.9.184-linuxkit botocore/1.15.31,0.70507973,4.94876,15.0,2.4481983,28.0
aws-cli/1.17.0 Python/2.7.17 Linux/5.3.0-kali2-amd64 botocore/1.14.0,0.703231,0.6931472,1.0,0.0,1.0
aws-cli/1.16.140 Python/3.7.3 Darwin/18.5.0 botocore/1.12.130,0.70274186,6.4150968,14.0,0.49710292,556.0
aws-cli/1.16.81 Python/2.7.15 Darwin/19.0.0 botocore/1.12.202,0.7004824,3.6109178,16.0,2.4382098,10.0
aws-cli/1.18.146 Python/3.8.4 Linux/5.7.0-kali1-amd64 botocore/1.18.5,0.7001816,4.317488,33.0,2.526905,34.0
aws-cli/1.16.230 Python/3.7.4 Darwin/17.7.0 botocore/1.12.220,0.69523674,5.241747,32.0,2.3343198,62.0
aws-cli/1.11.118 Python/2.7.10 Darwin/16.6.0 botocore/1.5.81,0.6941863,4.6634393,41.0,3.166507,22.0
aws-cli/1.14.32 Python/3.6.4 Darwin/16.7.0 botocore/1.8.36,0.69343394,1.3862944,2.0,0.6365142,2.0
aws-cli/1.11.57 Python/2.7.6 Linux/3.4.0+ botocore/1.5.20,0.69280803,0.6931472,1.0,0.0,1.0
Boto3/1.7.83 Python/2.7.14+ Linux/4.15.0-kali2-amd64 Botocore/1.10.83,0.69248205,6.363028,58.0,3.7655122,30.0
aws-cli/1.18.79 Python/3.8.2 Linux/5.4.0-40-generic botocore/1.17.2,0.692288,1.3862944,2.0,0.6365142,2.0
aws-cli/1.16.113 Python/3.7.4 Linux/4.9.125-linuxkit botocore/1.12.103,0.6892761,4.905275,8.0,0.77429247,110.0
Boto3/1.9.62 Python/2.7.15 Darwin/18.0.0 Botocore/1.12.62,0.6887551,6.364751,58.0,3.7661083,30.0
aws-cli/1.16.266 Python/2.7.10 Darwin/18.7.0 botocore/1.13.2,0.68772376,3.1780539,17.0,2.6908288,4.0
Boto3/1.14.43 Python/3.6.9 Linux/5.4.0-42-generic Botocore/1.17.43,0.6872763,3.7612002,29.0,3.2755713,4.0
aws-cli/1.16.11 Python/3.6.6 Linux/4.15.0-33-generic botocore/1.12.1,0.6843193,2.7725887,8.0,1.8943121,5.0
aws-cli/1.14.44 Python/3.6.7 Linux/4.15.0-29-generic botocore/1.8.48,0.67679566,4.75359,26.0,2.3444355,35.0
aws-cli/1.11.93 Python/2.7.10 Darwin/17.6.0 botocore/1.5.56,0.67610747,0.6931472,1.0,0.0,1.0
aws-cli/1.11.35 Python/2.7.10 Darwin/16.3.0 botocore/1.4.92,0.6742922,2.944439,5.0,1.1945063,9.0
aws-cli/1.16.250 Python/3.7.5 Darwin/18.2.0 botocore/1.12.240,0.6732132,0.6931472,1.0,0.0,1.0
aws-cli/1.15.60 Python/3.7.0 Darwin/16.7.0 botocore/1.10.59,0.67185235,1.0986123,2.0,0.6931472,1.0
Boto3/1.4.4 Python/3.6.1 Windows/7 Botocore/1.5.82 Resource,0.6682178,1.3862944,1.0,0.0,3.0
aws-cli/1.16.292 Python/3.7.3 Linux/4.19.0-6-amd64 botocore/1.13.28,0.666067,0.6931472,1.0,0.0,1.0
aws-cli/1.15.22 Python/2.7.15 Windows/10 botocore/1.10.22,0.6659089,2.7725887,15.0,2.7080503,1.0
aws-cli/1.15.51 Python/2.7.15 Linux/4.16.0-kali2-amd64 botocore/1.10.50,0.66566885,6.22059,38.0,3.03279,75.0
aws-cli/2.0.44 Python/3.7.3 Linux/5.4.0-26-generic exe/x86_64.linuxmint.20 command/apigateway.get-stages,0.6633764,0.6931472,1.0,0.0,1.0
Boto3/1.14.25 Python/3.6.8 Linux/3.10.0-1127.10.1.el7.x86_64 Botocore/1.17.25,0.66335803,1.7917595,5.0,1.609438,1.0
Boto/2.46.1 Python/2.7.15 Darwin/17.7.0,0.663299,1.609438,2.0,0.6931472,2.0
aws-cli/1.15.33 Python/2.7.9 Windows/8 botocore/1.10.33,0.66300285,2.1972246,7.0,1.9061548,2.0
aws-cli/2.0.36 Python/3.7.3 Linux/5.0.0-38-generic exe/x86_64.ubuntu.19 command/iam.get-policy-version,0.66249824,1.609438,1.0,0.0,4.0
aws-cli/1.16.37 Python/3.6.5 Darwin/17.7.0 botocore/1.12.27,0.661298,1.3862944,2.0,0.6365142,2.0
aws-cli/1.16.176 Python/3.7.3rc1 Linux/4.19.0-kali4-amd64 botocore/1.12.166,0.6592897,7.0596175,15.0,0.64065224,1022.0
aws-cli/1.14.60 Python/3.6.4 Darwin/17.4.0 botocore/1.9.13,0.658787,2.5649493,8.0,1.9792045,3.0
Boto3/1.8.4 Python/2.7.15rc1 Linux/4.15.0-33-generic Botocore/1.11.4,0.6553302,6.363028,58.0,3.7655122,30.0
Boto3/1.9.20 Python/2.7.15+ Linux/4.18.0-kali1-amd64 Botocore/1.12.21,0.6543664,6.364751,58.0,3.7661083,30.0
aws-cli/2.0.39 Python/3.7.7 Windows/10 exe/AMD64 command/iam.get-policy,0.6538937,0.6931472,1.0,0.0,1.0
Boto3/1.4.6 Python/2.7.15 Linux/4.16.0-kali2-amd64 Botocore/1.12.25,0.6534149,6.364751,58.0,3.7661083,30.0
[AWSToolkitPackage.VS2015/67.6.49.120 .NET_Runtime/4.0 .NET_Framework/4.0 OS/Microsoft_Windows_NT_6.1.7601_Service_Pack_1 ClientSync],0.65325755,0.6931472,1.0,0.0,1.0
aws-cli/1.16.19 Python/2.7.15+ Linux/4.18.0-kali1-amd64 botocore/1.12.9,0.6473006,7.329094,26.0,0.5030427,1345.0
aws-cli/1.16.114 Python/3.6.7 Linux/4.15.0-45-generic botocore/1.12.104,0.64723295,6.070738,10.0,0.8371705,352.0
aws-cli/2.0.42 Python/3.7.3 Linux/5.4.0-42-generic exe/x86_64.ubuntu.18 command/iam.get-policy-version,0.63912857,1.7917595,1.0,0.0,5.0
cloudformation.amazonaws.com,0.63709694,2.6390574,7.0,1.8446215,3.0
aws-cli/2.0.53 Python/3.7.3 Linux/5.7.0-kali3-amd64 exe/x86_64.kali.2020 command/lambda.get-policy,0.63596565,0.6931472,1.0,0.0,1.0
[Boto3/1.7.33 Python/2.7.15rc1 Linux/4.15.0-1012-azure Botocore/1.10.33 Resource],0.634385,1.0986123,1.0,0.0,2.0
aws-sdk-go/1.34.4 (go1.14.5; linux; amd64) APN/1.0 HashiCorp/1.0 Terraform/0.13.0 (+https://www.terraform.io),0.6334966,4.3694477,4.0,0.881712,51.0
Botocore/1.15.31 Python/3.8.2 Linux/4.9.184-linuxkit,0.6321459,5.817111,16.0,2.361032,48.0
aws-cli/1.16.200 Python/3.6.9 Linux/5.4.0-42-generic botocore/1.15.4,0.6307023,0.6931472,1.0,0.0,1.0
aws-cli/1.16.111 Python/3.7.5 Linux/5.3.16-200.fc30.x86_64 botocore/1.12.101,0.6298356,0.6931472,1.0,0.0,1.0
Boto3/1.5.34 Python/2.7.14 Darwin/16.7.0 Botocore/1.8.48,0.6294005,1.0986123,1.0,0.0,2.0
Boto3/1.11.1 Python/3.7.6 Darwin/18.7.0 Botocore/1.14.1,0.6284946,0.6931472,1.0,0.0,1.0
aws-cli/1.16.102 Python/2.7.16 Linux/4.14.138-114.102.amzn2.x86_64 botocore/1.12.92,0.6282727,4.890349,23.0,2.2446108,49.0
aws-cli/1.11.13 Python/3.5.2 Linux/4.4.0-53329-Microsoft botocore/1.4.70,0.6279591,5.888878,28.0,1.3061243,267.0
aws-cli/1.11.129 Python/2.7.13 CYGWIN_NT-10.0/2.8.0(0.309/5/3) botocore/1.6.2,0.627627,2.8903718,11.0,2.2623863,4.0
aws-cli/1.11.13 Python/3.5.2 Linux/4.8.0-41-generic botocore/1.4.70,0.6265635,3.6888795,20.0,2.685699,8.0
Boto3/1.4.7 Python/3.6.2 Linux/4.13.7-1-ARCH Botocore/1.7.33 Resource,0.6257443,1.609438,1.0,0.0,4.0
[aws-cli/1.16.81 Python/3.7.2rc1 Linux/4.9.125-linuxkit botocore/1.12.71],0.6243552,5.030438,6.0,1.675163,42.0
aws-cli/1.16.251 Python/3.7.3rc1 Linux/4.18.0-kali2-amd64 botocore/1.12.208,0.6212487,0.6931472,1.0,0.0,1.0
aws-cli/1.18.2 Python/3.7.4 Darwin/18.7.0 botocore/1.15.2,0.6208559,0.6931472,1.0,0.0,1.0
aws-cli/1.11.14 Python/2.7.11 Linux/4.4.0-64-generic botocore/1.4.71,0.6189789,3.7376697,23.0,2.663611,13.0
aws-cli/2.0.53 Python/3.7.3 Linux/5.7.0-kali3-amd64 exe/x86_64.kali.2020 command/apigateway.get-stages,0.6179023,0.6931472,1.0,0.0,1.0
aws-cli/1.16.30 Python/2.7.15 Linux/4.16.0-kali2-amd64 botocore/1.12.20,0.6178029,6.683361,43.0,3.1844263,111.0
aws-cli/1.16.223 Python/3.6.8 Linux/5.0.0-25-generic botocore/1.12.213,0.6156086,1.0986123,1.0,0.0,2.0
aws-cli/1.11.87 Python/2.7.6 Linux/3.13.0-96-generic botocore/1.5.50,0.61341137,3.295837,8.0,1.2788479,17.0
aws-cli/1.15.84 Python/3.6.5rc1 Linux/4.13.0-kali1-amd64 botocore/1.10.83,0.6110831,4.248495,10.0,1.1614121,47.0
aws-cli/1.16.26 Python/3.6.7 Linux/4.3.0-kali1-amd64 botocore/1.12.16,0.6081786,3.8286414,5.0,1.0171213,23.0
aws-cli/1.14.44 Python/3.6.9 Linux/4.15.0-91-generic botocore/1.8.48,0.60729134,4.624973,11.0,1.6779958,37.0
Boto/2.49.0 Python/2.7.15rc1 Linux/4.18.0-18-generic,0.60695845,3.4965076,11.0,2.2527285,8.0
aws-cli/1.11.170 Python/3.6.2 Linux/4.13.5-1-ARCH botocore/1.7.28,0.6054069,6.5117455,3.0,0.04760037,667.0
aws-cli/1.16.113 Python/3.7.3rc1 Linux/4.4.0-43-Microsoft botocore/1.12.103,0.6017212,1.0986123,1.0,0.0,2.0
aws-cli/1.11.13 Python/3.5.2 Linux/4.4.0-01985-Microsoft botocore/1.4.70,0.6017212,1.0986123,1.0,0.0,2.0
Boto3/1.4.6 Python/2.7.15rc1 Linux/4.14.0-kali3-amd64 Botocore/1.12.54,0.6015924,2.3978953,8.0,1.9730015,3.0
[Boto3/1.4.8 Python/3.8.5 Linux/5.7.0-kali1-amd64 Botocore/1.17.24 Resource],0.59935826,0.6931472,1.0,0.0,1.0
aws-cli/1.5.2 Python/2.7.8 Linux/4.9.0-1-amd64,0.597595,2.944439,6.0,1.4546247,9.0
aws-cli/1.14.5 Python/3.5.1 Darwin/17.7.0 botocore/1.8.9,0.5961521,3.9318256,5.0,0.67822427,41.0
aws-cli/1.16.309 Python/3.6.9 Linux/4.15.0-74-generic botocore/1.13.45,0.59571487,0.6931472,1.0,0.0,1.0
[aws-cli/1.14.33 Python/2.7.9 Windows/8 botocore/1.8.37],0.5942432,2.5649493,5.0,1.3579779,6.0
Boto3/1.13.12 Python/3.8.5 Linux/4.19.76-linuxkit Botocore/1.16.12,0.59279674,3.3322046,6.0,1.6769878,9.0
aws-cli/1.15.39 Python/2.7.10 Darwin/17.5.0 botocore/1.10.39,0.5913968,3.4011974,17.0,2.6439211,6.0
aws-cli/1.16.261 Python/3.7.1 Darwin/18.7.0 botocore/1.12.251,0.59079236,3.2580965,17.0,2.7334015,3.0
aws-cli/1.16.170 Python/3.7.3 Darwin/18.2.0 botocore/1.12.160,0.58945876,5.117994,23.0,2.3144157,72.0
Boto3/1.9.192 Python/3.5.3 Linux/4.9.0-9-amd64 Botocore/1.12.192,0.588177,8.058011,45.0,3.4268541,544.0
aws-cli/1.11.13 Python/3.5.2+ Linux/4.6.0-kali1-686-pae botocore/1.4.70,0.5877164,2.4849067,5.0,1.4681399,4.0
Boto3/1.7.80 Python/3.6.5 Linux/4.15.0-1017-gcp Botocore/1.10.80,0.5873373,5.5134287,56.0,3.7726133,22.0
[Boto3/1.14.20 Python/2.7.18rc1 Linux/5.5.0-kali1-amd64 Botocore/1.17.20],0.5871655,0.6931472,1.0,0.0,1.0
aws-cli/1.11.21 Python/2.7.10 Darwin/17.3.0 botocore/1.4.78,0.5867975,3.4011974,15.0,2.527885,5.0
aws-cli/1.10.17 Python/2.7.9 Linux/3.16.0-4-amd64 botocore/1.4.8,0.5864539,2.6390574,9.0,2.0317593,4.0
aws-cli/1.14.44 Python/3.6.9 Linux/4.4.0-76667-Microsoft botocore/1.14.9,0.58641607,0.6931472,1.0,0.0,1.0
Boto3/1.4.3 Python/2.7.10 Darwin/16.3.0 Botocore/1.4.92,0.58603495,0.6931472,1.0,0.0,1.0
aws-cli/1.16.193 Python/3.6.0 Windows/10 botocore/1.12.183,0.5829028,5.187386,7.0,0.6326574,152.0
aws-cli/1.11.21 Python/2.7.12 Darwin/15.6.0 botocore/1.5.60,0.58206296,3.465736,15.0,2.600328,3.0
AWSPowerShell/3.3.542.0 .NET_Runtime/4.0 .NET_Framework/4.0 OS/Microsoft_Windows_NT_10.0.53329.0 WindowsPowerShell/5.0 ClientSync,0.58049816,6.7945867,27.0,1.8164656,390.0
AWSPowerShell/31.59.151.53 .NET_Runtime/4.0 .NET_Framework/4.0 OS/Microsoft_Windows_NT_10.0.17369.0 WindowsPowerShell/5.0 ClientSync,0.57892096,4.0073333,12.0,2.0144324,15.0
aws-cli/1.16.140 Python/3.6.0 Windows/10 botocore/1.12.130,0.57862025,4.0430512,6.0,1.2569146,28.0
aws-cli/2.0.42 Python/3.7.3 Linux/5.4.0-42-generic exe/x86_64.ubuntu.18 command/iam.list-policy-versions,0.5785957,0.6931472,1.0,0.0,1.0
aws-cli/2.0.50 Python/3.8.5 Darwin/19.6.0 source/x86_64 command/iam.list-policy-versions,0.5785957,0.6931472,1.0,0.0,1.0
aws-cli/1.15.67 Python/2.7.14 Darwin/17.6.0 botocore/1.10.66,0.5752875,1.0986123,1.0,0.0,2.0
aws-cli/1.16.19 Python/2.7.10 Darwin/17.7.0 botocore/1.12.9,0.57259727,1.9459101,5.0,1.5607104,2.0
Boto3/1.7.44 Python/2.7.12 Linux/4.4.0-1063-aws Botocore/1.10.44,0.5721478,2.6390574,6.0,1.7782333,3.0
aws-cli/1.16.309 Python/3.6.9 Linux/4.15.0-1057-aws botocore/1.13.45,0.5714483,1.0986123,1.0,0.0,2.0
Boto3/1.9.236 Python/3.6.7 Linux/4.15.0-45-generic Botocore/1.12.236,0.5710002,7.3395376,64.0,3.6749215,224.0
aws-cli/1.16.206 Python/3.6.5 Darwin/18.6.0 botocore/1.12.196,0.57006305,5.739793,20.0,1.0979462,244.0
Boto3/1.14.32 Python/3.7.6 Linux/5.8.0-kali1-amd64 Botocore/1.17.32,0.5681848,2.7080503,2.0,0.6931472,7.0
aws-cli/1.16.134 Python/2.7.12 Linux/4.4.0-143-generic botocore/1.12.124,0.5679529,1.0986123,1.0,0.0,2.0
aws-cli/1.16.290 Python/3.7.5 Linux/5.3.12-200.fc30.x86_64 botocore/1.13.26,0.5672875,0.6931472,1.0,0.0,1.0
Boto3/1.4.4 Python/2.7.12 Linux/4.4.0-72-generic Botocore/1.5.48,0.5605136,5.605802,26.0,3.077725,14.0
aws-cli/2.0.42 Python/3.7.4 Darwin/18.7.0 exe/x86_64 command/ec2.describe-instances,0.5591149,0.6931472,1.0,0.0,1.0
Boto3/1.7.48 Python/3.7.6 Darwin/19.3.0 Botocore/1.10.48,0.5576729,3.713572,9.0,1.436151,16.0
aws-cli/1.14.22 Python/2.7.9 Windows/8 botocore/1.8.26,0.5550419,3.988984,8.0,1.5506549,28.0
aws-cli/1.16.141 Python/3.7.3 Darwin/18.5.0 botocore/1.12.131,0.5538816,1.609438,2.0,0.6931472,2.0
Boto3/1.9.4 Python/3.6.5 Linux/4.15.0-47-generic Botocore/1.12.4,0.5538816,1.609438,2.0,0.6931472,2.0
aws-cli/1.16.89 Python/3.6.0 Windows/10 botocore/1.12.79,0.5538816,1.609438,2.0,0.6931472,2.0
aws-cli/1.16.155 Python/2.7.16 Darwin/18.5.0 botocore/1.12.145,0.5526725,4.2341065,11.0,1.6391973,36.0
aws-cli/1.17.5 Python/3.7.3 Darwin/18.2.0 botocore/1.14.5,0.55219764,4.4426513,11.0,1.1752317,57.0
aws-cli/1.16.113 Python/3.7.4 Linux/4.9.0-kali3-amd64 botocore/1.12.103,0.5520236,1.0986123,1.0,0.0,2.0
Boto3/1.9.149 Python/2.7.10 Darwin/18.5.0 Botocore/1.12.149 Resource,0.55095387,5.7899604,6.0,1.3449659,118.0
aws-sdk-java/1.11.60 Linux/4.4.0-78-generic OpenJDK_64-Bit_Server_VM/25.131-b11/1.8.0_131,0.5509169,6.498282,34.0,1.609075,467.0
aws-cli/1.16.102 Python/2.7.16 Linux/4.14.133-113.105.amzn2.x86_64 botocore/1.12.92,0.5490574,6.951772,10.0,0.14640188,1022.0
aws-cli/1.11.135 Python/2.7.11 Darwin/16.4.0 botocore/1.6.2,0.5489668,3.3322046,16.0,2.6341527,3.0
aws-cli/1.14.58 Python/2.7.9 Windows/8 botocore/1.9.11,0.5477806,4.465908,37.0,2.9818885,22.0
[Cyberduck/30.1.75.147573 (Windows 7/6.1) (x86)],0.54418737,3.6635616,3.0,1.089784,15.0
Boto3/1.8.8 Python/3.6.6 Linux/4.17.0-kali3-amd64 Botocore/1.11.8,0.54392064,6.8035054,8.0,0.082010366,890.0
aws-cli/1.11.160 Python/2.7.10 Darwin/17.3.0 botocore/1.7.18,0.5427233,0.6931472,1.0,0.0,1.0
aws-cli/1.16.2 Python/2.7.15rc1 Linux/4.15.0-33-generic botocore/1.11.4,0.5423828,4.564348,31.0,3.0014608,21.0
aws-sdk-go/1.4.10 (go1.8.3; linux; amd64),0.5392838,3.0445225,3.0,1.0397208,10.0
Boto3/1.9.105 Python/2.7.16rc1 Linux/4.19.0-kali3-amd64 Botocore/1.12.105,0.5371031,7.277248,64.0,3.8928335,64.0
Boto3/1.5.24 Python/3.6.5 Darwin/17.5.0 Botocore/1.8.38 Resource,0.5368643,4.4308167,1.0,0.0,83.0
aws-cli/1.7.39 Python/2.7.10 Darwin/15.6.0,0.53489107,0.6931472,1.0,0.0,1.0
Boto3/1.4.7 Python/3.6.2 Linux/4.13.7-1-ARCH Botocore/1.7.33,0.5335253,3.713572,20.0,2.8178594,6.0
aws-cli/1.16.230 Python/2.7.10 Darwin/17.7.0 botocore/1.12.220,0.5309311,5.5529594,25.0,2.3810163,71.0
aws-cli/1.11.13 Python/3.5.2 Linux/4.4.0-62-generic botocore/1.4.70,0.5300098,4.919981,12.0,1.8940756,59.0
aws-cli/1.11.122 Python/2.7.13 Darwin/16.6.0 botocore/1.5.85,0.5290959,3.1354942,11.0,2.019815,8.0
aws-cli/1.16.208 Python/3.6.6 Linux/4.15.0-kali3-amd64 botocore/1.12.198,0.52832305,1.0986123,1.0,0.0,2.0
Botocore/1.17.51 Python/3.8.5 Linux/4.19.76-linuxkit,0.52740014,5.370638,16.0,2.3383338,32.0
Boto3/1.9.134 Python/3.6.7 Linux/4.9.125-linuxkit Botocore/1.12.134,0.5266914,3.4965076,2.0,0.56233513,24.0
aws-cli/2.0.50 Python/3.7.3 Linux/4.15.0-117-generic exe/x86_64.ubuntu.18 command/ec2.describe-snapshots,0.5245576,0.6931472,1.0,0.0,1.0
aws-cli/2.0.54 Python/3.7.3 Linux/4.6.0-kali1-amd64 exe/x86_64.kali.2020 command/ec2.describe-snapshots,0.5245576,0.6931472,1.0,0.0,1.0
Boto3/1.7.75 Python/3.6.5 Linux/4.15.0-1017-gcp Botocore/1.10.75,0.5234838,4.634729,56.0,3.6436174,11.0
aws-cli/1.18.127 Python/3.8.5 Linux/5.7.0-kali1-amd64 botocore/1.17.50,0.5189571,2.0794415,5.0,1.4750763,3.0
aws-cli/1.16.198 Python/3.7.3 Windows/10 botocore/1.12.203,0.51889247,3.713572,11.0,2.1944745,10.0
aws-cli/1.11.38 Python/3.5.2 Darwin/15.6.0 botocore/1.5.1,0.51876485,3.295837,16.0,2.6313376,4.0
aws-cli/1.14.37 Python/2.7.10 Darwin/16.7.0 botocore/1.9.11,0.51827365,1.9459101,6.0,1.7917595,1.0
aws-cli/1.11.56 Python/2.7.9 Linux/3.16.0-4-amd64 botocore/1.5.19,0.5175278,3.7376697,24.0,2.8687072,10.0
aws-cli/1.11.34 Python/2.7.13 Darwin/16.7.0 botocore/1.5.40,0.5174052,0.6931472,1.0,0.0,1.0
aws-sdk-nodejs/2.522.0 win32/v12.4.0 AWS-Toolkit-For-VSCode/1.4.0 Visual-Studio-Code/1.40.2 promise,0.5160623,1.0986123,1.0,0.0,2.0
aws-cli/1.15.53 Python/2.7.15 Linux/4.16.0-kali2-686-pae botocore/1.10.52,0.515514,2.0794415,3.0,0.7963117,5.0
aws-cli/1.14.28 Python/2.7.5 Linux/5.7.8-1.el7.elrepo.x86_64 botocore/1.8.35,0.5145508,2.1972246,6.0,1.732868,2.0
aws-cli/1.16.143 Python/2.7.17 Linux/4.15.0-74-generic botocore/1.12.133,0.51286227,1.0986123,1.0,0.0,2.0
aws-cli/1.16.165 Python/3.7.2 Darwin/18.0.0 botocore/1.12.182,0.51286227,1.0986123,1.0,0.0,2.0
aws-cli/1.11.29 Python/2.7.12 Linux/4.4.41-36.55.amzn1.x86_64 botocore/1.4.86,0.51257926,4.6634393,31.0,2.9855728,21.0
aws-cli/1.18.21 Python/3.7.7 Darwin/19.3.0 botocore/1.12.253,0.5118658,3.3672957,11.0,2.043499,7.0
[Boto3/1.7.41 Python/3.6.4 Darwin/17.6.0 Botocore/1.10.25 Resource],0.5118164,0.6931472,1.0,0.0,1.0
aws-cli/1.16.292 Python/3.6.9 Linux/4.15.0-70-generic botocore/1.13.28,0.5115808,1.0986123,1.0,0.0,2.0
aws-cli/1.18.66 Python/2.7.17 Linux/5.4.0-kali3-amd64 botocore/1.16.16,0.5098677,1.0986123,1.0,0.0,2.0
[Boto3/1.10.34 Python/3.7.5 Darwin/19.4.0 Botocore/1.13.34],0.50943226,1.0986123,2.0,0.6931472,1.0
aws-cli/2.0.51 Python/3.7.3 Linux/5.7.0-kali1-amd64 exe/x86_64.kali.2020 command/iam.get-policy-version,0.50843364,1.9459101,1.0,0.0,6.0
aws-cli/1.16.256 Python/2.7.16 Linux/4.14.146-93.123.amzn1.x86_64 botocore/1.12.246,0.5081878,5.0172796,36.0,2.7463481,45.0
aws-cli/1.11.175 Python/3.6.2 Linux/4.13.7-1-ARCH botocore/1.7.33,0.5081132,4.691348,64.0,3.717895,21.0
aws-sdk-nodejs/2.512.0 darwin/v12.0.0 promise,0.5062883,3.5553482,2.0,0.22371808,32.0
[aws-cli/2.0.24 Python/3.7.3 Linux/5.6.15-1-MANJARO botocore/2.0.0dev28],0.50551766,0.6931472,1.0,0.0,1.0
aws-cli/1.16.35 Python/2.7.15 Linux/4.16.0-kali2-amd64 botocore/1.12.25,0.5036577,6.514713,42.0,3.2349737,100.0
aws-cli/1.18.52 Python/2.7.18rc1 Linux/5.4.0-33-generic botocore/1.16.2,0.50278604,4.304065,6.0,0.45740396,66.0
aws-cli/1.16.209 Python/3.6.9 CYGWIN_NT-10.0-53329/3.0.7-338.x86_64 botocore/1.12.199,0.50199664,4.26268,17.0,2.3962214,24.0
aws-cli/1.7.36 Python/2.7.11 Linux/4.4.0-34-generic,0.5008258,4.0253515,21.0,2.5021667,15.0
aws-cli/2.0.26 Python/3.8.3 Darwin/19.6.0 botocore/2.0.0dev30,0.49911937,4.744932,14.0,1.0882881,86.0
aws-cli/1.16.81 Python/3.6.6 Linux/4.7.0-kali1-amd64 botocore/1.12.71,0.49896058,4.553877,15.0,1.8502532,50.0
Boto3/1.12.39 Python/3.7.7 Linux/5.4.0-kali3-amd64 Botocore/1.15.39,0.49777716,6.859615,71.0,3.9085808,112.0
aws-cli/1.16.4 Python/2.7.9 Windows/7 botocore/1.11.4,0.4976282,3.1780539,12.0,2.0721397,9.0
aws-cli/1.10.1 Python/3.5.2 Linux/4.4.0-41-generic botocore/1.3.23,0.49731806,0.6931472,1.0,0.0,1.0
aws-cli/2.0.50 Python/3.8.5 Darwin/19.6.0 source/x86_64 command/ec2.describe-instances,0.49640593,2.0794415,1.0,0.0,7.0
aws-cli/1.16.120 Python/3.7.2 Darwin/18.6.0 botocore/1.12.110,0.49629587,4.6151204,5.0,0.5264844,88.0
aws-cli/1.10.16 Python/2.7.10 Darwin/15.6.0 botocore/1.4.7,0.49257776,2.7080503,4.0,1.1709971,7.0
aws-cli/2.0.38 Python/3.7.4 Darwin/19.6.0 exe/x86_64 command/iam.get-account-summary,0.4907004,1.0986123,1.0,0.0,2.0
aws-cli/1.16.113 Python/3.7.3 Linux/4.9.125-linuxkit botocore/1.12.103,0.4907004,1.0986123,1.0,0.0,2.0
aws-cli/1.16.210 Python/3.7.4 Darwin/18.7.0 botocore/1.12.219,0.48950416,3.2580965,12.0,2.3452394,4.0
Boto3/1.5.32 Python/3.6.6 Linux/4.16.0-kali2-amd64 Botocore/1.8.50,0.48915118,6.6783423,69.0,4.035512,28.0
aws-cli/1.16.113 Python/3.7.5 Linux/5.3.0-3-amd64 botocore/1.12.103,0.48822898,4.356709,14.0,1.0331277,61.0
aws-sdk-go/1.34.14 (go1.14.5; linux; amd64) APN/1.0 HashiCorp/1.0 Terraform/0.12.26 (+https://www.terraform.io),0.48821354,3.9702919,4.0,1.026433,30.0
aws-cli/1.14.46 Python/2.7.10 Darwin/15.6.0 botocore/1.8.50,0.48794365,4.553877,22.0,1.9938645,45.0
"[S3Console/0.4, aws-internal/3 aws-sdk-java/1.11.347 Linux/3.2.45-0.6.wd.865.49.315.metal1.x86_64 Java_HotSpot(TM)_64-Bit_Server_VM/25.172-b31 java/1.8.0_172]",0.48771113,5.1474943,13.0,2.0536146,71.0
aws-cli/1.11.91 Python/2.7.10 Darwin/16.6.0 botocore/1.5.54,0.48728025,4.2195077,30.0,3.026471,15.0
Boto3/1.7.48 Python/3.6.2 Darwin/17.7.0 Botocore/1.10.48,0.48673567,2.1972246,4.0,1.3862944,2.0
aws-cli/1.14.44 Python/3.6.9 Linux/5.3.0-46-generic botocore/1.13.12,0.48456293,4.804021,23.0,2.2857752,46.0
Boto/2.10.0 (win32),0.4843727,2.8332133,11.0,2.2527285,4.0
aws-cli/1.16.237 Python/3.6.8 Linux/5.0.21-1-pve botocore/1.12.227,0.4835786,4.0430512,12.0,1.6290913,31.0
[Boto3/1.13.13 Python/3.8.2 Linux/5.4.0-45-generic Botocore/1.17.16 Resource],0.4834638,0.6931472,1.0,0.0,1.0
[Boto3/1.9.155 Python/3.7.3 Linux/4.9.0-5-amd64 Botocore/1.12.155],0.483125,5.652489,8.0,1.9925256,40.0
[Boto3/1.9.28 Python/2.7.13 Linux/4.14.0-0.bpo.3-amd64 Botocore/1.12.28],0.48205665,0.6931472,1.0,0.0,1.0
[aws-cli/1.18.2 Python/2.7.16 Linux/4.14.165-103.209.amzn1.x86_64 botocore/1.15.2],0.48145193,3.0910425,17.0,2.7555497,3.0
aws-cli/1.16.116 Python/3.6.1 Darwin/17.2.0 botocore/1.12.106,0.47996342,3.6635616,13.0,2.506662,4.0
AWSPowerShell/51.148.173.209 .NET_Core/103.8.217.217 OS/Darwin_16.6.0_Darwin_Kernel_Version_16.6.0:_Fri_Apr_14_16:21:16_PDT_2017;_root:xnu-3789.60.24~6/RELEASE_X86_64 PowerShellCore/6.-1 ClientAsync,0.47919348,0.6931472,1.0,0.0,1.0
aws-cli/1.16.60 Python/3.6.5 Darwin/17.6.0 botocore/1.12.50,0.47751775,4.8121843,14.0,1.2931814,82.0
aws-cli/2.0.53 Python/3.7.3 Linux/5.2.0-kali2-amd64 exe/x86_64.kali.2020 command/ec2.describe-snapshots,0.47458982,0.6931472,1.0,0.0,1.0
aws-cli/1.16.140 Python/3.7.3 Darwin/17.7.0 botocore/1.12.130,0.47397807,4.7957907,1.0,0.0,120.0
aws-cli/2.0.49 Python/3.7.4 Darwin/19.6.0 exe/x86_64 command/apigateway.get-method,0.4726046,1.0986123,1.0,0.0,2.0
aws-cli/1.16.149 Python/2.7.14 Darwin/18.6.0 botocore/1.12.139,0.4725581,4.89784,35.0,1.8321592,87.0
[AWSPowerShell/3.3.365.0 .NET_Runtime/4.0 .NET_Framework/4.0 OS/Microsoft_Windows_NT_10.0.01985.0 WindowsPowerShell/5.0 ClientSync],0.47236764,5.6240177,14.0,2.5956914,38.0
aws-cli/1.16.186 Python/3.6.6 Linux/4.4.0-53329-Microsoft botocore/1.12.188,0.47192663,5.6937323,2.0,0.19047906,282.0
aws-cli/1.16.190 Python/3.7.0 Darwin/18.6.0 botocore/1.12.180,0.4715277,4.574711,1.0,0.0,96.0
aws-cli/1.16.91 Python/3.6.7 Linux/4.16.0-kali2-amd64 botocore/1.12.81,0.47004563,6.0544395,11.0,0.485973,383.0
aws-cli/1.16.240 Python/2.7.10 Darwin/16.7.0 botocore/1.12.230,0.46981052,3.8286414,18.0,2.529826,12.0
Boto3/1.10.45 Python/2.7.17 Linux/5.3.0-kali2-amd64 Botocore/1.13.45,0.46781805,1.3862944,1.0,0.0,3.0
aws-cli/1.10.22 Python/2.7.13 Darwin/16.5.0 botocore/1.4.13,0.4676254,1.0986123,2.0,0.6931472,1.0
Boto3/1.7.48 Python/3.7.2+ Linux/4.4.0-01985-Microsoft Botocore/1.10.48,0.46660256,6.9402223,23.0,2.870597,96.0
aws-sdk-nodejs/2.214.1 win32/v8.11.1 callback,0.46527672,1.0986123,1.0,0.0,2.0
aws-cli/1.15.81 Python/2.7.9 Windows/8 botocore/1.10.80,0.45966065,3.6888795,9.0,1.337941,25.0
aws-cli/1.16.256 Python/2.7.16 Linux/4.19.0-6-amd64 botocore/1.12.246,0.45798907,4.060443,11.0,1.7124673,29.0
aws-sdk-go/1.10.18 (go1.8; darwin; amd64) APN/1.0 HashiCorp/1.0 Terraform/0.9.8,0.45781568,3.1780539,5.0,1.4031103,10.0
aws-cli/1.14.40 Python/3.6.4 Darwin/17.4.0 botocore/1.8.44,0.4572948,4.787492,30.0,2.7320673,29.0
aws-cli/1.16.95 Python/3.7.2 Linux/4.19.0-1-amd64 botocore/1.12.85,0.45699114,0.6931472,1.0,0.0,1.0
aws-cli/1.16.280 Python/2.7.17 Linux/5.3.0-kali2-amd64 botocore/1.13.16,0.45698577,4.3307333,14.0,1.945575,29.0
aws-cli/1.15.30 Python/2.7.9 Windows/8 botocore/1.10.30,0.4569834,1.609438,1.0,0.0,4.0
aws-cli/1.16.113 Python/3.7.3rc1 Linux/4.19.0-kali5-amd64 botocore/1.12.103,0.45636985,6.1800165,18.0,1.3479319,306.0
aws-cli/1.16.179 Python/3.7.3 Darwin/17.7.0 botocore/1.12.101,0.45537066,2.5649493,5.0,1.5607103,4.0
[aws-sdk-nodejs/2.395.0 darwin/v11.6.0 callback],0.45351857,4.644391,6.0,1.6737595,21.0
Boto3/1.12.39 Python/2.7.17 Linux/4.15.0-96-generic Botocore/1.15.39,0.4532649,1.9459101,6.0,1.7917595,1.0
aws-cli/1.16.193 Python/2.7.5 Linux/3.10.0-957.21.3.el7.x86_64 botocore/1.12.183,0.4524689,4.962845,12.0,1.135369,106.0
aws-cli/1.15.58 Python/3.5.2 Linux/5.4.0-48-generic botocore/1.10.57,0.45097595,1.609438,2.0,0.56233513,3.0
Boto3/1.7.48 Python/3.7.3 Linux/5.1.4-arch1-1-ARCH Botocore/1.10.48,0.4507941,6.4345465,92.0,3.6774473,34.0
Boto3/1.7.48 Python/3.6.7 Linux/4.4.0-53329-Microsoft Botocore/1.10.48,0.4501435,4.882802,94.0,4.115859,16.0
aws-cli/1.16.13 Python/2.7.15rc1 Linux/4.15.0-kali3-amd64 botocore/1.12.3,0.44836977,3.6635616,11.0,1.4915376,23.0
aws-cli/1.18.46 Python/3.7.5 Linux/5.4.0-kali2-amd64 botocore/1.15.46,0.44743037,2.7725887,12.0,2.395908,3.0
aws-cli/2.0.38 Python/3.7.4 Darwin/19.6.0 exe/x86_64 command/iam.list-access-keys,0.44717625,0.6931472,1.0,0.0,1.0
aws-cli/1.11.81 Python/2.7.13 Linux/4.10.14-100.fc24.x86_64 botocore/1.5.44,0.44717622,0.6931472,1.0,0.0,1.0
aws-cli/1.11.56 Python/2.7.6 Linux/3.13.0-147-generic botocore/1.5.19,0.44648135,4.8441873,10.0,0.99783456,98.0
aws-cli/1.16.136 Python/3.7.3 Linux/5.0.5-100.fc28.x86_64 botocore/1.12.126,0.44548124,3.4965076,11.0,2.2739658,6.0
aws-cli/1.14.39 Python/2.7.12 Darwin/18.0.0 botocore/1.8.43,0.44531593,2.3978953,6.0,1.6957425,3.0
[aws-sdk-nodejs/2.463.0 win32/v8.11.1 exec-env/AWS_Lambda_nodejs],0.444518,4.634729,5.0,1.4025669,40.0
aws-cli/1.16.93 Python/3.7.3 Linux/5.0.6-arch1-1-ARCH botocore/1.12.83,0.44435918,4.204693,7.0,0.9580915,50.0
[Boto3/1.9.183 Python/3.6.8 Linux/3.10.0-957.21.3.el7.x86_64 Botocore/1.12.183],0.44355637,5.652489,8.0,1.9925256,40.0
Boto3/1.5.32 Python/3.6.4 Darwin/17.6.0 Botocore/1.8.50,0.44346955,6.582025,62.0,3.9236665,30.0
[aws-cli/1.15.51 Python/2.7.15rc1 Linux/4.15.0-kali2-amd64 botocore/1.10.50],0.44330016,4.7184987,5.0,1.4803796,42.0
Boto3/1.12.43 Python/3.8.5 Linux/5.7.0-kali1-amd64 Botocore/1.15.49,0.44261304,7.2449417,62.0,3.619956,224.0
aws-cli/2.0.37 Python/3.7.4 Darwin/19.6.0 exe/x86_64 command/lambda.list-functions,0.44114694,0.6931472,1.0,0.0,1.0
[aws-cli/1.11.56 Python/2.7.10 Darwin/16.4.0 botocore/1.5.19],0.44103673,3.6888795,1.0,0.0,39.0
[Boto3/1.7.4 Python/2.7.15+ Linux/4.17.0-kali3-amd64 Botocore/1.10.4],0.43916646,1.0986123,1.0,0.0,2.0
aws-cli/1.16.276 Python/3.6.0 Windows/10 botocore/1.13.12,0.43908584,4.983607,23.0,2.0592952,58.0
aws-cli/1.14.44 Python/3.6.9 Linux/5.3.0-26-generic botocore/1.8.48,0.43907088,4.7791233,2.0,0.08591552,116.0
aws-cli/1.15.1 Python/2.7.18rc1 Linux/5.4.0-37-generic botocore/1.10.1,0.43860534,0.6931472,1.0,0.0,1.0
aws-cli/1.18.41 Python/3.7.7 Darwin/19.5.0 botocore/1.15.41,0.43852755,3.0445225,7.0,1.6080828,9.0
cloudtrail.amazonaws.com,0.43682876,3.713572,4.0,1.2022623,18.0
Boto3/1.7.5 Python/3.6.5 Darwin/17.5.0 Botocore/1.10.5 Resource,0.4364706,1.0986123,2.0,0.6931472,1.0
aws-cli/1.16.113 Python/3.6.6 Linux/4.18.0-kali2-amd64 botocore/1.12.103,0.43552813,5.351858,3.0,0.3454525,190.0
aws-cli/1.14.28 Python/2.7.5 Linux/3.10.0-957.21.3.el7.x86_64 botocore/1.8.35,0.43456662,1.609438,1.0,0.0,4.0
aws-cli/1.16.183 Python/2.7.15+ Linux/5.3.0-40-generic botocore/1.12.173,0.43444824,0.6931472,1.0,0.0,1.0
Boto3/1.7.4 Python/3.6.5 Linux/4.15.0-39-generic Botocore/1.10.4,0.43202513,6.331502,293.0,5.611715,16.0
aws-cli/1.11.165 Python/3.6.2 Darwin/16.7.0 botocore/1.5.95,0.42952564,3.4011974,11.0,2.1093726,6.0
[aws-sdk-nodejs/2.413.0 linux/v12.0.0 callback],0.42937186,4.727388,6.0,1.6702759,22.0
aws-cli/1.9.7 Python/2.7.10 Darwin/16.4.0 botocore/1.3.7,0.42867726,0.6931472,1.0,0.0,1.0
Boto3/1.12.31 Python/3.8.2 Linux/4.9.184-linuxkit Botocore/1.15.31,0.42833543,5.7745514,12.0,2.0723245,68.0
[Boto3/1.14.47 Python/3.8.5 Darwin/19.5.0 Botocore/1.17.47 Resource],0.42819774,0.6931472,1.0,0.0,1.0
[Boto3/1.14.47 Python/3.8.2 Linux/5.5.0-kali2-amd64 Botocore/1.17.47 Resource],0.42819774,0.6931472,1.0,0.0,1.0
[Boto3/1.14.47 Python/2.7.18 Linux/5.4.0-kali3-amd64 Botocore/1.17.47 Resource],0.42819774,0.6931472,1.0,0.0,1.0
aws-cli/1.16.310 Python/3.6.0 Windows/2012ServerR2 botocore/1.13.46,0.42812383,0.6931472,1.0,0.0,1.0
[aws-sdk-ruby2/2.7.16 ruby/2.3.1 x86_64-linux-gnu],0.4279624,3.6635616,3.0,0.8628578,18.0
aws-cli/1.15.15 Python/3.6.5 Windows/7 botocore/1.10.15,0.42735353,4.189655,1.0,0.0,65.0
aws-cli/1.16.14 Python/3.7.1 Linux/4.14.78-1-MANJARO botocore/1.12.4,0.42602232,1.0986123,2.0,0.6931472,1.0
aws-cli/2.0.5 Python/3.7.3 Linux/5.3.0-42-generic botocore/2.0.0dev9,0.4258798,1.0986123,2.0,0.6931472,1.0
aws-cli/1.9.10 Python/2.7.15 Darwin/17.7.0 botocore/1.3.10,0.42587975,1.0986123,2.0,0.6931472,1.0
aws-cli/1.16.220 Python/3.6.4 Darwin/19.0.0 botocore/1.12.210,0.42507806,2.5649493,7.0,1.7917595,4.0
aws-cli/1.16.102 Python/2.7.16 Linux/4.14.128-87.105.amzn1.x86_64 botocore/1.12.92,0.4248682,1.609438,3.0,1.0397208,2.0
[aws-sdk-nodejs/2.331.0 linux/v8.11.2 callback],0.4244746,4.634729,6.0,1.6743894,20.0
aws-cli/2.0.3 Python/3.7.4 Darwin/19.3.0 botocore/2.0.0dev7,0.422779,5.68358,35.0,1.8214003,177.0
aws-cli/1.16.271 Python/3.7.4+ Linux/5.2.0-2parrot1-amd64 botocore/1.13.7,0.4226197,3.4965076,15.0,2.4017677,8.0
aws-cli/1.11.151 Python/2.7.6 Linux/3.13.0-128-generic botocore/1.7.9,0.422204,3.7612002,13.0,1.6905897,24.0
aws-cli/1.11.170 Python/2.7.10 Darwin/17.4.0 botocore/1.7.28,0.42205632,5.1532917,19.0,2.6050334,18.0
aws-cli/1.16.303 Python/3.6.9 Linux/5.3.0-1017-aws botocore/1.13.39,0.42084888,3.9702919,8.0,1.2622842,33.0
aws-cli/1.16.132 Python/3.6.7 Linux/4.15.0-46-generic botocore/1.12.122,0.41942823,2.8332133,3.0,0.90025604,10.0
aws-cli/2.0.46 Python/3.7.3 Linux/5.7.0-kali1-amd64 exe/x86_64.kali.2020 command/ec2.describe-instances,0.41935515,1.3862944,1.0,0.0,3.0
aws-cli/1.14.44 Python/3.6.9 Linux/4.4.0-039049-Microsoft botocore/1.13.28,0.41880473,3.1354942,15.0,2.6023808,3.0
aws-cli/1.9.0 Python/2.7.10 Darwin/16.4.0 botocore/1.3.0,0.41835284,1.0986123,1.0,0.0,2.0
aws-cli/1.14.44 Python/3.6.7 Linux/4.15.0-47-generic botocore/1.8.48,0.41734558,2.5649493,5.0,1.5607104,4.0
aws-cli/1.16.260 Python/3.7.3 Linux/5.0.0-32-generic botocore/1.12.250,0.41707414,4.4188404,14.0,1.5530356,46.0
aws-cli/1.11.28 Python/2.7.12 Darwin/16.4.0 botocore/1.4.85,0.415782,2.4849067,4.0,0.88557416,8.0
aws-cli/1.14.9 Python/2.7.14 Linux/4.14.33-51.37.amzn1.x86_64 botocore/1.8.13,0.41460904,4.6821313,30.0,2.7872849,33.0
aws-cli/1.10.33 Python/2.6.6 Linux/2.6.32-431.el6.x86_64 botocore/1.4.23,0.41379723,1.0986123,2.0,0.6931472,1.0
aws-cli/2.0.35 Python/3.7.7 Windows/10 botocore/2.0.0dev39,0.41342175,0.6931472,1.0,0.0,1.0
aws-cli/1.17.7 Python/3.6.0 Windows/10 botocore/1.14.7,0.41342175,0.6931472,1.0,0.0,1.0
aws-cli/1.9.11 Python/2.7.10 Linux/4.1.13-19.30.amzn1.x86_64 botocore/1.4.34,0.41301516,0.6931472,1.0,0.0,1.0
aws-cli/2.0.50 Python/3.8.5 Darwin/19.6.0 source/x86_64 command/iam.get-policy,0.41199878,0.6931472,1.0,0.0,1.0
aws-cli/1.16.270 Python/3.6.0 Windows/7 botocore/1.13.6,0.41199738,0.6931472,1.0,0.0,1.0
aws-cli/1.16.47 Python/3.7.1 Darwin/17.7.0 botocore/1.12.37,0.41199377,5.0039463,21.0,1.6463232,72.0
aws-cli/1.16.113 Python/2.7.15 Darwin/18.6.0 botocore/1.12.103,0.411968,3.8918202,5.0,1.3622749,20.0
aws-cli/1.18.33 Python/3.7.0 Darwin/19.3.0 botocore/1.15.33,0.41121235,0.6931472,1.0,0.0,1.0
aws-cli/1.14.44 Python/3.6.9 Linux/4.15.0-96-generic botocore/1.8.48,0.41121235,0.6931472,1.0,0.0,1.0
aws-cli/1.15.51 Python/3.6.5 Linux/4.15.0-39-generic botocore/1.10.50,0.40970117,2.7725887,9.0,1.9867318,5.0
Boto3/1.12.24 Python/2.7.17 Linux/5.4.0-kali3-amd64 Botocore/1.15.24,0.40803736,5.4595857,218.0,5.360532,2.0
aws-cli/1.16.102 Python/2.7.16 Linux/4.14.165-102.185.amzn1.x86_64 botocore/1.12.92,0.40700966,4.3307333,11.0,0.7933104,63.0
aws-cli/1.11.91 Python/2.7.10 Darwin/17.3.0 botocore/1.5.54,0.4068685,4.1271343,27.0,2.8793695,15.0
[Boto3/1.14.42 Python/3.8.5 Linux/5.7.0-kali1-amd64 Botocore/1.17.42 Resource],0.4064694,0.6931472,1.0,0.0,1.0
aws-cli/1.16.260 Python/3.7.5 Darwin/17.7.0 botocore/1.12.250,0.4062142,2.9957323,13.0,2.4791224,3.0
aws-cli/1.16.160 Python/3.7.3 Darwin/18.6.0 botocore/1.12.150,0.40510014,5.2832036,15.0,1.2435957,132.0
aws-cli/1.11.95 Python/2.7.14 Darwin/16.7.0 botocore/1.5.58,0.40411505,2.5649493,7.0,1.7481554,4.0
Boto3/1.4.4 Python/2.7.12 CYGWIN_NT-10.0/2.6.1(0.305/5/3) Botocore/1.5.24,0.4032198,0.6931472,1.0,0.0,1.0
"[AWS Console S3, aws-internal/3]",0.4031967,3.0910425,11.0,1.7884821,11.0
Boto3/1.7.4 Python/3.6.7 Linux/4.15.0-50-generic Botocore/1.10.4,0.40266827,6.20859,238.0,5.4477205,8.0
"[Mozilla/5.0 (Macintosh; Intel Mac OS X 10_15_5) AppleWebKit/537.36 (KHTML, like Gecko) Chrome/84.0.4147.125 Safari/537.36]",0.40230176,0.6931472,1.0,0.0,1.0
[Boto3/1.9.186 Python/2.7.16 Darwin/19.4.0 Botocore/1.10.50 Resource],0.40230176,0.6931472,1.0,0.0,1.0
aws-cli/1.11.13 Python/3.5.2 Linux/4.4.0-042stab139.1 botocore/1.8.2,0.40097946,4.634729,5.0,0.451359,92.0
Boto3/1.11.1 Python/3.7.6 Darwin/19.2.0 Botocore/1.14.1,0.40061828,6.481577,57.0,3.7634606,32.0
aws-sdk-go/1.23.15 (go1.12.6; linux; amd64) APN/1.0 HashiCorp/1.0 Terraform/0.12.7,0.40005764,3.8286414,4.0,0.91237247,29.0
aws-cli/2.0.46 Python/3.7.4 Darwin/19.6.0 exe/x86_64 command/sts.get-caller-identity,0.3996947,0.6931472,1.0,0.0,1.0
[aws-sdk-nodejs/2.653.0 linux/v12.15.0 callback],0.3996193,5.0106354,8.0,1.9909861,21.0
aws-cli/2.0.49 Python/3.7.4 Darwin/19.6.0 exe/x86_64 command/ec2.describe-snapshots,0.39819378,5.379897,1.0,0.0,216.0
Boto3/1.7.4 Python/3.8.2 Linux/4.9.184-linuxkit Botocore/1.10.4,0.39792675,7.46451,346.0,5.822329,24.0
aws-cli/2.0.36 Python/3.7.4 Darwin/19.5.0 exe/x86_64 command/ec2.describe-snapshots,0.39707613,4.158883,1.0,0.0,63.0
aws-cli/1.14.44 Python/3.6.4 Linux/4.15.5-1-ARCH botocore/1.8.48,0.39699316,3.6888795,3.0,0.78921616,28.0
Boto3/1.9.83 Python/3.7.0 Darwin/19.2.0 Botocore/1.12.253,0.39657506,3.3672957,1.0,0.0,28.0
Boto3/1.14.41 Python/3.7.3 Linux/4.19.0-kali1-amd64 Botocore/1.17.41,0.39620927,7.3172126,52.0,3.5911257,224.0
aws-cli/1.14.20 Python/3.6.4 Darwin/16.7.0 botocore/1.8.24,0.39607185,4.5849676,3.0,0.7189541,64.0
aws-cli/1.16.34 Python/2.7.15+ Linux/4.18.0-kali1-amd64 botocore/1.12.24,0.3960546,2.8903718,12.0,2.3439329,4.0
Boto3/1.13.19 Python/2.7.18 Linux/5.4.0-kali4-amd64 Botocore/1.16.19,0.39594507,6.481577,57.0,3.7634606,32.0
aws-cli/1.11.29 Python/2.7.12 Linux/4.4.8-20.46.amzn1.x86_64 botocore/1.4.86,0.3956967,4.3307333,28.0,2.6544123,20.0
aws-cli/2.0.0 Python/3.7.3 Linux/4.4.0-179-generic botocore/2.0.0dev4,0.395224,4.060443,13.0,1.873647,27.0
aws-cli/1.17.17 Python/3.7.7 Linux/5.6.11-200.fc31.x86_64 botocore/1.14.17,0.394965,0.6931472,1.0,0.0,1.0
aws-cli/2.0.46 Python/3.8.5 Darwin/19.6.0 source/x86_64 command/iam.get-user,0.3941137,0.6931472,1.0,0.0,1.0
aws-cli/2.0.0dev1 Python/3.7.3 Linux/5.3.12-300.fc31.x86_64 botocore/2.0.0dev1,0.39401633,1.7917595,2.0,0.67301166,3.0
aws-cli/2.0.46 Python/3.7.3 Linux/5.7.0-kali1-amd64 exe/x86_64.kali.2020 command/iam.get-user,0.39384463,0.6931472,1.0,0.0,1.0
[aws-cli/1.18.111 Python/3.8.5 Linux/5.7.0-kali1-amd64 botocore/1.17.22],0.39241698,0.6931472,1.0,0.0,1.0
aws-cli/1.11.123 Python/2.7.10 Darwin/17.7.0 botocore/1.5.86,0.3913745,3.8918202,13.0,2.2843623,15.0
aws-internal/3 aws-sdk-java/1.11.829 Linux/4.9.217-0.1.ac.205.84.332.metal1.x86_64 OpenJDK_64-Bit_Server_VM/25.262-b10 java/1.8.0_262 vendor/Oracle_Corporation,0.39097506,1.7917595,5.0,1.609438,1.0
Boto3/1.13.20 Python/3.7.0 Darwin/19.6.0 Botocore/1.16.20,0.39074376,6.481577,57.0,3.7634606,32.0
aws-cli/1.11.72 Python/2.7.10 Darwin/15.6.0 botocore/1.5.35,0.3906848,2.5649493,4.0,1.3579777,4.0
aws-cli/1.11.13 Python/3.5.3 Linux/4.9.0-kali3-686-pae botocore/1.4.70,0.3877237,4.26268,5.0,0.4602614,63.0
aws-cli/2.0.40 Python/3.7.3 Linux/5.5.0-kali2-amd64 exe/x86_64.kali.2020 command/ec2.describe-instances,0.38647327,0.6931472,1.0,0.0,1.0
aws-cli/1.10.3 Python/2.7.14 Darwin/17.3.0 botocore/1.3.25,0.38549778,1.0986123,1.0,0.0,2.0
[Boto3/1.9.145 Python/3.7.4 Darwin/18.7.0 Botocore/1.12.240],0.38478622,5.332719,7.0,1.712792,40.0
aws-cli/1.16.299 Python/3.7.5 Darwin/18.7.0 botocore/1.13.44,0.38396508,3.5553482,11.0,1.9112229,13.0
Boto/2.43.0 Python/2.7.10 Darwin/15.6.0,0.3830194,2.8903718,9.0,2.1500602,3.0
aws-cli/2.0.38 Python/3.7.4 Darwin/19.6.0 exe/x86_64 command/ec2.describe-vpcs,0.38230497,1.0986123,1.0,0.0,2.0
aws-cli/1.16.193 Python/3.7.3 Darwin/18.6.0 botocore/1.12.183,0.38230497,1.0986123,1.0,0.0,2.0
apimanager.amazonaws.com,0.38083887,2.7080503,13.0,2.5400364,2.0
aws-cli/1.14.59 Python/2.7.10 Darwin/16.7.0 botocore/1.9.12,0.38038254,1.609438,4.0,1.3862944,1.0
aws-cli/2.0.49 Python/3.7.4 Darwin/19.6.0 exe/x86_64 command/ec2.describe-instances,0.38034996,1.9459101,1.0,0.0,6.0
aws-cli/1.11.56 Python/2.7.16 Linux/4.19.0-9-amd64 botocore/1.5.19,0.38027188,0.6931472,1.0,0.0,1.0
aws-cli/1.16.101 Python/3.6.7 Linux/4.15.0-47-generic botocore/1.12.91,0.3802426,2.1972246,1.0,0.0,8.0
Boto3/1.4.7 Python/3.6.8 Linux/4.19.0-kali1-amd64 Botocore/1.7.48,0.3802426,2.1972246,1.0,0.0,8.0
aws-cli/1.16.169 Python/2.7.10 Darwin/18.6.0 botocore/1.12.159,0.3802192,4.59512,10.0,2.1860495,18.0
aws-cli/1.16.196 Python/2.7.16 Linux/4.19.0-kali5-amd64 botocore/1.12.186,0.38014707,5.4071717,12.0,1.7473669,106.0
aws-sdk-go/1.31.0 (go1.13.4; darwin; amd64),0.37890053,1.7917595,1.0,0.0,5.0
aws-cli/1.11.56 Python/3.6.0 Darwin/16.7.0 botocore/1.5.19,0.3788063,5.170484,23.0,1.0222945,143.0
aws-cli/1.11.113 Python/3.6.2 Darwin/16.7.0 botocore/1.5.76,0.37878618,0.6931472,1.0,0.0,1.0
[Boto3/1.6.10 Python/2.7.12 Linux/4.15.0-42-generic Botocore/1.10.8],0.37878308,5.365976,8.0,1.9925256,30.0
aws-cli/1.11.168 Python/3.6.2 Linux/4.13.5-1-ARCH botocore/1.7.26,0.37863848,2.8332133,12.0,2.4260154,2.0
[Boto3/1.14.20 Python/3.8.2 Linux/5.4.0-40-generic Botocore/1.17.20],0.37775135,4.3694477,17.0,2.797041,8.0
[Boto3/1.7.30 Python/3.6.1 Linux/4.9.93-41.60.amzn1.x86_64 Botocore/1.10.30],0.3777238,3.6888795,17.0,2.797041,4.0
[Boto3/1.13.12 Python/3.6.9 Linux/5.3.0-1017-aws Botocore/1.16.12],0.3777238,3.6888795,17.0,2.797041,4.0
[Boto3/1.9.192 Python/3.5.3 Linux/4.9.0-9-amd64 Botocore/1.12.192],0.37681624,5.7268476,8.0,1.9924012,60.0
aws-cli/1.11.13 Python/3.5.3 Linux/4.9.0-8-amd64 botocore/1.4.70,0.37613124,6.126869,13.0,0.65348315,393.0
aws-sdk-go/1.15.13 (go1.10.3; linux; amd64),0.37535718,1.0986123,1.0,0.0,2.0
aws-cli/2.0.14 Python/3.7.7 Windows/10 botocore/2.0.0dev18,0.3741121,2.0794415,5.0,1.549826,2.0
aws-cli/1.16.283 Python/3.8.0 Linux/5.3.13-arch1-1 botocore/1.13.19,0.3738623,2.3978953,4.0,1.2206073,5.0
Boto3/1.14.20 Python/3.7.3 Darwin/19.5.0 Botocore/1.17.20,0.3732408,6.329721,13.0,2.5649302,44.0
[Boto3/1.4.6 Python/2.7.14 Linux/4.13.5-1-ARCH Botocore/1.6.0],0.3730162,5.214936,7.0,1.8460361,30.0
aws-sdk-go/1.7.3 (go1.8rc3; linux; amd64) Paginator,0.37292868,0.6931472,1.0,0.0,1.0
Boto3/1.14.16 Python/2.7.16 Darwin/19.3.0 Botocore/1.17.16,0.3726663,6.481577,57.0,3.7634606,32.0
aws-cli/1.18.37 Python/2.7.16 Darwin/19.3.0 botocore/1.15.37,0.37072846,3.3322046,11.0,2.0128942,10.0
ec2-frontend-api.amazonaws.com,0.3704961,7.521859,6.0,0.66776145,1544.0
[Boto3/1.9.62 Python/2.7.15+ Linux/4.18.0-kali1-amd64 Botocore/1.12.62],0.37032986,5.365976,8.0,1.9925256,30.0
aws-cli/1.16.152 Python/3.7.3 Linux/5.0.8-arch1-1-ARCH botocore/1.12.142,0.36961958,4.5325994,21.0,2.8161426,10.0
aws-cli/1.16.203 Python/2.7.16+ Linux/4.19.0-kali5-amd64 botocore/1.12.193,0.36879572,2.5649493,1.0,0.0,12.0
aws-cli/1.14.44 Python/3.6.9 Linux/4.15.0-1065-aws botocore/1.8.48,0.36731416,5.4026775,5.0,0.33197665,204.0
aws-cli/2.0.25 Python/3.7.3 Linux/5.5.0-kali2-amd64 botocore/2.0.0dev29,0.36627167,3.7612002,11.0,1.5188482,24.0
Boto3/1.14.16 Python/2.7.18 Linux/5.6.0-kali2-amd64 Botocore/1.17.16,0.3647139,6.481577,57.0,3.7634606,32.0
aws-cli/1.11.13 Python/3.5.2 Linux/4.13.0-37-generic botocore/1.10.65,0.3640251,2.0794415,1.0,0.0,7.0
aws-cli/2.0.51 Python/3.7.3 Linux/5.7.0-kali1-amd64 exe/x86_64.kali.2020 command/iam.get-policy,0.36369753,1.0986123,1.0,0.0,2.0
AWSPowerShell/3.3.498.0 .NET_Runtime/4.0 .NET_Framework/4.0 OS/Microsoft_Windows_NT_10.0.01985.0 WindowsPowerShell/5.0 ClientSync,0.36350444,2.3978953,5.0,1.609438,2.0
aws-cli/2.0.46 Python/3.7.3 Linux/5.5.0-kali2-amd64 exe/x86_64.kali.2020 command/sts.get-caller-identity,0.36344057,0.6931472,1.0,0.0,1.0
aws-sdk-go/1.34.4 (go1.14.5; darwin; amd64) APN/1.0 HashiCorp/1.0 Terraform/0.13.0 (+https://www.terraform.io),0.3629428,1.9459101,5.0,1.5607103,2.0
aws-cli/1.16.41 Python/3.6.6 Linux/4.18.14-arch1-1-ARCH botocore/1.12.31,0.3617913,4.3820267,5.0,0.5893009,67.0
aws-cli/2.0.44 Python/3.7.3 Linux/5.4.0-26-generic exe/x86_64.linuxmint.20 command/ec2.describe-snapshots,0.36138576,0.6931472,1.0,0.0,1.0
aws-cli/1.17.4 Python/2.7.5 Linux/3.10.0-957.5.1.el7.x86_64 botocore/1.14.4,0.3611591,1.3862944,1.0,0.0,3.0
aws-cli/1.16.172 Python/2.7.16 Darwin/17.7.0 botocore/1.12.162,0.3609319,4.406719,17.0,1.8482126,32.0
Boto3/1.7.4 Python/3.7.2+ Linux/4.4.0-01985-Microsoft Botocore/1.10.4,0.359875,6.3578424,278.0,5.590758,16.0
aws-cli/1.14.10 Python/3.6.4 Darwin/16.7.0 botocore/1.8.14,0.35936707,3.9702919,12.0,1.6966913,27.0
aws-cli/1.10.54 Python/2.7.9 Linux/3.16.0-4-amd64 botocore/1.4.44,0.35848138,1.7917595,2.0,0.50040245,4.0
aws-cli/2.0.42 Python/3.7.3 Linux/5.7.0-kali1-amd64 exe/x86_64.kali.2020 command/sts.get-caller-identity,0.35803702,0.6931472,1.0,0.0,1.0
aws-cli/1.11.154 Python/2.7.10 Darwin/16.7.0 botocore/1.7.12,0.35787868,1.609438,2.0,0.56233513,3.0
Botocore/1.12.137 Python/2.7.15+ Linux/4.19.0-kali1-amd64,0.35755464,5.916202,10.0,1.400068,218.0
Boto3/1.13.7 Python/2.7.17 Linux/5.3.0-kali2-amd64 Botocore/1.16.7,0.35699186,6.481577,57.0,3.7634606,32.0
aws-cli/2.0.44 Python/3.7.3 Linux/5.4.0-kali3-amd64 exe/x86_64.kali.2020 command/ec2.describe-instances,0.3558287,0.6931472,1.0,0.0,1.0
aws-cli/1.10.20 Python/2.7.10 Linux/4.2.0-42-generic botocore/1.4.81,0.3552849,2.944439,4.0,0.7607553,14.0
aws-cli/1.16.124 Python/3.5.2 Linux/4.15.0-29-generic botocore/1.12.114,0.35508114,1.0986123,1.0,0.0,2.0
Boto3/1.7.48 Python/3.5.2 Linux/4.4.0-87-generic Botocore/1.10.48,0.3544599,5.278115,13.0,2.5649495,15.0
Boto3/1.7.4 Python/3.7.1 Darwin/18.2.0 Botocore/1.10.4,0.35386273,6.3099184,293.0,5.6395593,8.0
Boto3/1.9.209 Python/3.7.3 Linux/4.12.0-kali2-686 Botocore/1.12.209,0.35382652,7.233455,45.0,3.4552026,224.0
aws-cli/1.11.158 Python/2.7.13 Linux/4.9.0-3-amd64 botocore/1.7.16,0.35155258,4.644391,29.0,2.6704838,27.0
aws-cli/1.16.200 Python/3.6.9 Linux/5.3.0-40-generic botocore/1.15.4,0.3514743,1.3862944,1.0,0.0,3.0
aws-cli/1.16.114 Python/3.6.8 Linux/4.15.0-kali2-amd64 botocore/1.12.104,0.35141924,3.295837,4.0,1.2711815,12.0
aws-cli/1.16.159 Python/2.7.15 Linux/4.20.15-200.fc29.x86_64 botocore/1.12.149,0.3514078,4.6634393,12.0,0.9732369,81.0
aws-cli/2.0.42 Python/3.7.4 Darwin/19.6.0 exe/x86_64 command/ec2.describe-images,0.35112706,1.0986123,1.0,0.0,2.0
aws-cli/1.14.63 Python/2.7.12 Linux/4.13.0-37-generic botocore/1.9.16,0.35047936,3.583519,12.0,1.8845756,16.0
aws-cli/1.16.113 Python/3.6.5rc1 Linux/4.14.0-kali3-amd64 botocore/1.12.103,0.34999093,6.285998,16.0,1.1128353,414.0
aws-cli/1.2.9 Python/3.4.3 Linux/4.4.0-53-generic,0.3495498,6.347389,28.0,1.2849606,364.0
[APN/1.0 CloudBerry Lab/1.0 Explorer/4.7],0.34954274,3.1354942,8.0,1.8854496,6.0
aws-cli/1.16.248 Python/2.7.16 Linux/4.19.0-kali1-amd64 botocore/1.12.238,0.34847313,0.6931472,1.0,0.0,1.0
Boto3/1.6.3 Python/2.7.14 Windows/2012ServerR2 Botocore/1.9.3,0.34777638,1.0986123,1.0,0.0,2.0
aws-cli/2.0.44 Python/3.7.7 Windows/10 exe/AMD64 command/iam.list-attached-user-policies,0.34735242,0.6931472,1.0,0.0,1.0
aws-cli/1.7.41 Python/2.7.9 Windows/7,0.34717458,1.3862944,2.0,0.6365142,2.0
aws-cli/1.10.17 Python/2.7.12 Darwin/16.4.0 botocore/1.4.8,0.34717456,1.3862944,2.0,0.6365142,2.0
aws-cli/1.11.13 Python/3.5.2 Linux/4.4.0-72-generic botocore/1.4.70,0.34690198,3.3322046,9.0,1.7613006,12.0
"Mozilla/5.0 (Macintosh; Intel Mac OS X 10_13_3) AppleWebKit/604.5.6 (KHTML, like Gecko) Version/11.0.3 Safari/604.5.6",0.34658387,2.4849067,2.0,0.6890092,6.0
aws-cli/1.18.15 Python/3.7.4 Darwin/17.7.0 botocore/1.15.15,0.3465573,0.6931472,1.0,0.0,1.0
aws-cli/1.14.44 Python/3.6.9 Linux/5.0.0-36-generic botocore/1.8.48,0.34646595,1.609438,1.0,0.0,4.0
aws-cli/1.14.44 Python/3.6.6 Linux/4.9.93-boot2docker botocore/1.8.48,0.3452893,5.081404,21.0,2.0009274,84.0
aws-cli/2.0.42 Python/3.7.3 Linux/5.4.0-42-generic exe/x86_64.ubuntu.18 command/iam.get-credential-report,0.34486175,1.0986123,1.0,0.0,2.0
Boto3/1.13.26 Python/3.7.7 Darwin/19.4.0 Botocore/1.16.26,0.3441296,7.1024995,58.0,3.728953,64.0
aws-cli/2.0.0 Python/3.8.1 Darwin/19.3.0 botocore/2.0.0dev4,0.34403896,5.5012584,31.0,2.0512385,132.0
aws-cli/1.11.13 Python/3.5.2 Linux/4.4.0-55862-Microsoft botocore/1.4.70,0.34382835,0.6931472,1.0,0.0,1.0
aws-cli/1.16.6 Python/2.7.10 Darwin/17.7.0 botocore/1.11.6,0.34382835,0.6931472,1.0,0.0,1.0
aws-cli/1.16.14 Python/2.7.15rc1 Linux/4.15.0-34-generic botocore/1.12.4,0.34382835,0.6931472,1.0,0.0,1.0
[aws-sdk-nodejs/2.7.21 linux/v4.3.2 exec-env/AWS_Lambda_nodejs4.3],0.34359866,4.7957907,4.0,0.96837014,81.0
[Boto3/1.7.4 Python/3.7.2+ Linux/4.4.0-01985-Microsoft Botocore/1.10.4],0.34327108,3.8501475,3.0,0.8418552,22.0
aws-cli/1.17.6 Python/3.7.5 Linux/5.4.0-kali2-amd64 botocore/1.14.6,0.34305793,0.6931472,1.0,0.0,1.0
Boto3/1.13.16 Python/3.5.2 Linux/4.15.0-99-generic Botocore/1.16.16,0.34278747,6.481577,57.0,3.7634606,32.0
aws-cli/1.16.19 Python/3.7.2 Darwin/18.2.0 botocore/1.12.9,0.34266967,2.4849067,10.0,2.2718685,2.0
aws-cli/2.0.46 Python/3.8.5 Darwin/19.6.0 source/x86_64 command/ec2.describe-instances,0.34254837,1.609438,1.0,0.0,4.0
aws-cli/1.14.61 Python/3.6.3 Linux/4.13.0-41-generic botocore/1.10.11,0.3407061,2.3025851,6.0,1.6769876,3.0
Boto3/1.11.17 Python/3.7.4 Windows/10 Botocore/1.14.17,0.34066388,5.9427996,3.0,0.28113872,353.0
Boto3/1.13.7 Python/3.7.5 Linux/5.3.0-kali2-amd64 Botocore/1.16.7,0.34061244,2.0794415,5.0,1.549826,2.0
aws-cli/1.16.273 Python/3.7.4 Windows/10 botocore/1.13.9,0.3387006,4.2341065,15.0,1.674862,35.0
Boto3/1.10.34 Python/3.7.5 Darwin/19.4.0 Botocore/1.13.34,0.3380154,7.295735,60.0,3.6842308,78.0
Boto3/1.12.31 Python/2.7.17 Linux/5.0.0-32-generic Botocore/1.15.31,0.33728635,6.5694814,614.0,6.303488,7.0
aws-cli/1.18.120 Python/2.7.16+ Linux/5.2.0-kali2-amd64 botocore/1.17.43,0.33705723,3.6109178,3.0,0.6134329,28.0
aws-cli/1.16.269 Python/3.7.3 Linux/4.19.0-6-amd64 botocore/1.13.5,0.33692923,0.6931472,1.0,0.0,1.0
aws-cli/1.2.9 Python/3.4.3 Linux/4.4.0-53329-Microsoft,0.33684367,1.3862944,2.0,0.6365142,2.0
[Botocore/1.15.36 Python/3.6.9 Linux/4.15.0-117-generic],0.33630416,2.0794415,7.0,1.9459101,1.0
[Botocore/1.16.12 Python/3.8.5 Linux/5.7.0-kali1-amd64],0.33630416,2.0794415,7.0,1.9459101,1.0
Boto3/1.13.20 Python/3.7.0 Darwin/19.4.0 Botocore/1.16.20,0.33597627,6.481577,57.0,3.7634606,32.0
aws-cli/1.16.116 Python/2.7.14 Darwin/18.2.0 botocore/1.12.106,0.3355099,4.828314,10.0,0.9566795,96.0
aws-cli/1.11.13 Python/3.5.3 Linux/4.4.0-039049-Microsoft botocore/1.4.70,0.33493736,3.9318256,4.0,0.4882935,44.0
aws-cli/1.16.32 Python/3.6.6 Linux/4.18.0-kali1-amd64 botocore/1.12.22,0.33469117,5.043425,35.0,2.5509233,61.0
[Boto3/1.9.33 Python/2.7.15 Darwin/18.2.0 Botocore/1.12.33],0.33411738,4.962845,8.0,1.9925256,20.0
aws-cli/2.0.40 Python/3.8.5 Darwin/19.6.0 source/x86_64 command/iam.get-user,0.33392715,0.6931472,1.0,0.0,1.0
aws-cli/1.16.5 Python/3.6.5 Linux/4.4.0-137-generic botocore/1.11.5,0.33383724,3.9702919,6.0,1.4839363,18.0
aws-cli/1.14.46 Python/2.7.12 Linux/4.4.0-1049-aws botocore/1.8.50,0.3335593,3.8066626,4.0,1.0597985,26.0
aws-cli/1.11.75 Python/3.6.0 Linux/4.10.8-1-ARCH botocore/1.5.38,0.33242902,1.9459101,3.0,0.86756325,4.0
aws-sdk-go/1.4.14 (go1.9.1; darwin; amd64),0.332202,2.3978953,3.0,0.95027053,6.0
aws-cli/2.0.35 Python/3.7.4 Darwin/18.7.0 botocore/2.0.0dev39,0.3318294,0.6931472,1.0,0.0,1.0
aws-cli/1.16.96 Python/2.7.16 Linux/4.19.0-kali5-amd64 botocore/1.12.86,0.33156326,4.94876,8.0,1.0104934,100.0
aws-cli/1.16.243 Python/3.6.0 Windows/10 botocore/1.12.233,0.3311852,4.26268,6.0,0.604293,60.0
aws-cli/1.16.78 Python/2.7.10 Darwin/18.2.0 botocore/1.12.68,0.3288845,4.454347,3.0,0.21622515,81.0
aws-cli/1.16.72 Python/3.6.0 Windows/10 botocore/1.12.62,0.32868797,5.0039463,21.0,1.6917055,88.0
"[S3Console/0.4, aws-internal/3 aws-sdk-java/1.11.408 Linux/4.9.119-0.1.ac.277.71.329.metal1.x86_64 OpenJDK_64-Bit_Server_VM/25.181-b13 java/1.8.0_181]",0.3278812,1.7917595,3.0,1.0549202,2.0
aws-cli/1.15.8 Python/2.7.12 Linux/4.15.0-47-generic botocore/1.10.8,0.32761794,3.713572,2.0,0.67301166,24.0
aws-cli/2.0.8 Python/3.7.4 Darwin/19.2.0 botocore/2.0.0dev12,0.32760212,2.7725887,11.0,2.3034887,3.0
[Boto3/1.9.218 Python/3.6.9 Linux/5.3.0-40-generic Botocore/1.15.4 Resource],0.32758403,1.0986123,1.0,0.0,2.0
aws-cli/1.16.242 Python/3.7.4+ Linux/5.2.0-kali2-amd64 botocore/1.12.232,0.32706243,2.9957323,4.0,1.2566378,8.0
aws-cli/1.11.63 Python/2.7.13 Darwin/15.6.0 botocore/1.5.26,0.32683966,3.637586,18.0,2.6318069,8.0
aws-cli/1.16.110 Python/3.6.4 Darwin/17.7.0 botocore/1.12.66,0.32683033,5.0172796,21.0,2.4633584,54.0
aws-sdk-java/1.11.52 Linux/4.4.0-66-generic Java_HotSpot(TM)_64-Bit_Server_VM/25.121-b13/1.8.0_121,0.3266814,1.3862944,1.0,0.0,3.0
aws-cli/1.16.149 Python/3.7.3 Linux/5.0.0-23-generic botocore/1.12.139,0.3262248,1.0986123,1.0,0.0,2.0
aws-cli/1.7.46 Python/2.7.13 Darwin/16.5.0,0.32585272,1.0986123,1.0,0.0,2.0
aws-cli/2.0.49 Python/3.7.4 Darwin/19.6.0 exe/x86_64 command/iam.get-policy-version,0.32492742,2.7080503,1.0,0.0,14.0
aws-cli/2.0.42 Python/3.7.4 Darwin/18.7.0 exe/x86_64 command/ec2.describe-snapshots,0.3249092,1.0986123,1.0,0.0,2.0
aws-cli/2.0.44 Python/3.7.3 Linux/5.6.0-kali1-amd64 exe/x86_64.kali.2020 command/ec2.describe-snapshots,0.3249092,1.0986123,1.0,0.0,2.0
Boto3/1.4.4 Python/2.7.6 Linux/3.19.0-32-generic Botocore/1.5.7,0.3245122,6.086775,32.0,2.826871,42.0
[Boto3/1.7.66 Python/2.7.13 Linux/4.9.0-7-amd64 Botocore/1.10.66],0.32336894,0.6931472,1.0,0.0,1.0
aws-cli/2.0.48 Python/3.7.3 Linux/5.4.0-47-generic exe/x86_64.ubuntu.20 command/iam.get-user,0.3229588,0.6931472,1.0,0.0,1.0
aws-cli/1.16.81 Python/3.6.8rc1 Linux/4.18.0-kali3-amd64 botocore/1.12.71,0.3222964,4.882802,11.0,1.0810854,95.0
aws-cli/2.0.50 Python/3.7.3 Linux/4.15.0-117-generic exe/x86_64.ubuntu.18 command/apigateway.get-stages,0.3222683,0.6931472,1.0,0.0,1.0
aws-cli/1.16.113 Python/3.7.3rc1 Linux/4.19.0-kali4-amd64 botocore/1.12.103,0.32194895,5.4510384,12.0,0.8370818,190.0
aws-cli/1.16.158 Python/3.7.3 Linux/5.1.3-arch1-1-ARCH botocore/1.12.148,0.32156163,5.4764633,23.0,1.6474644,156.0
aws-cli/2.0.51 Python/3.7.7 Windows/10 exe/AMD64 command/ec2.describe-snapshots,0.32030815,0.6931472,1.0,0.0,1.0
aws-cli/1.11.13 Python/3.5.2 Linux/4.4.0-1066-aws botocore/1.4.70,0.32022503,0.6931472,1.0,0.0,1.0
aws-cli/1.11.35 Python/2.7.12 Darwin/16.4.0 botocore/1.4.92,0.31989065,4.4998097,10.0,1.0926895,64.0
aws-cli/1.17.9 Python/3.6.4 Darwin/19.3.0 botocore/1.14.9,0.31935784,0.6931472,1.0,0.0,1.0
aws-cli/1.16.57 Python/3.5.3 Darwin/19.2.0 botocore/1.12.47,0.31880414,3.4339871,3.0,0.29113984,28.0
aws-cli/1.18.69 Python/3.8.2 Linux/5.4.0-40-generic botocore/1.16.19,0.3185259,0.6931472,1.0,0.0,1.0
aws-cli/1.11.51 Python/2.7.10 Darwin/16.4.0 botocore/1.5.14,0.3177759,4.4308167,5.0,0.6152482,70.0
aws-cli/1.2.9 Python/3.4.3 Linux/4.4.0-43-Microsoft,0.3171961,2.8332133,5.0,1.4898489,5.0
aws-cli/1.18.106 Python/2.7.16 Darwin/19.4.0 botocore/1.17.29,0.31711212,1.0986123,1.0,0.0,2.0
aws-cli/1.18.66 Python/3.6.10 Linux/4.15.0-99-generic botocore/1.16.16,0.316885,2.9957323,10.0,2.0592294,6.0
aws-cli/1.16.140 Python/2.7.10 Darwin/18.5.0 botocore/1.12.130,0.31682032,5.5012584,4.0,0.24583584,232.0
[Boto3/1.7.24 Python/2.7.14 Linux/4.11.0-kali1-686-pae Botocore/1.10.24],0.31671837,0.6931472,1.0,0.0,1.0
aws-cli/2.0.50 Python/3.7.3 Linux/5.5.0-kali2-amd64 exe/x86_64.kali.2020 command/iam.get-policy,0.31613648,0.6931472,1.0,0.0,1.0
aws-cli/1.16.313 Python/3.8.1 Windows/10 botocore/1.13.49,0.3160464,1.609438,3.0,1.0397208,2.0
aws-cli/1.17.9 Python/3.6.0 Windows/2012ServerR2 botocore/1.14.9,0.3156538,3.5553482,3.0,0.35459885,31.0
aws-cli/1.15.15 Python/3.6.6 Linux/4.16.0-kali2-amd64 botocore/1.10.15,0.31535253,3.8286414,11.0,1.6638218,25.0
aws-cli/1.18.20 Python/3.7.3 Linux/4.19.0-8-amd64 botocore/1.15.20,0.31503195,4.2341065,13.0,1.7881545,36.0
aws-cli/2.0.51 Python/3.7.7 Windows/10 exe/AMD64 command/iam.get-user,0.31492305,0.6931472,1.0,0.0,1.0
aws-cli/2.0.38 Python/3.7.4 Darwin/19.6.0 exe/x86_64 command/ec2.copy-snapshot,0.31474975,0.6931472,1.0,0.0,1.0
aws-cli/1.15.53 Python/2.7.15 Linux/4.16.0-kali2-686-pae botocore/1.10.55,0.31442976,1.609438,2.0,0.56233513,3.0
Boto3/1.9.111 Python/3.7.2 Linux/4.15.15-1-ARCH Botocore/1.12.111,0.31426066,7.192182,60.0,3.7943454,64.0
aws-cli/1.16.212 Python/2.7.12 Linux/4.4.0-53329-Microsoft botocore/1.12.202,0.31416917,0.6931472,1.0,0.0,1.0
aws-cli/1.15.4 Python/2.7.10 Darwin/18.0.0 botocore/1.10.4,0.31350744,4.8751974,30.0,2.6782155,48.0
Boto3/1.7.4 Python/3.7.7 Linux/5.4.0-kali3-amd64 Botocore/1.10.4,0.31297794,5.6970935,284.0,5.609714,8.0
Scout Suite/5.10.0 Python/3.7.3 Linux/4.4.0-039049-Microsoft Scout Suite/5.10.0 (https://github.com/nccgroup/ScoutSuite),0.31296876,6.727432,54.0,3.679081,112.0
[Boto3/1.4.7 Python/2.7.15rc1 Linux/4.15.0-1035-aws Botocore/1.12.143],0.3128467,4.1431346,15.0,2.7016015,6.0
aws-cli/1.16.5 Python/2.7.9 Windows/8 botocore/1.11.5,0.31264588,4.4308167,14.0,2.2275689,27.0
aws-sdk-ruby3/3.30.0 ruby/2.5.1 x86_64-linux-gnu aws-sdk-redshift/1.2.0,0.31239903,1.0986123,1.0,0.0,2.0
aws-cli/1.16.199 Python/2.7.15 Darwin/16.7.0 botocore/1.12.189,0.312328,5.164786,2.0,0.21995218,164.0
aws-cli/1.16.106 Python/2.7.16 Linux/4.19.45 botocore/1.12.96,0.3117082,4.59512,25.0,2.6435647,34.0
[Boto3/1.9.209 Python/3.7.3 Linux/4.12.0-kali2-686 Botocore/1.12.209],0.31159744,4.962845,8.0,1.9925256,20.0
Boto3/1.13.26 Python/3.8.3 Linux/5.4.0-2-amd64 Botocore/1.16.26,0.31136087,8.933137,640.0,6.324032,77.0
[aws-cli/1.18.69 Python/3.8.2 Linux/5.4.0-40-generic botocore/1.16.19],0.31086686,0.6931472,1.0,0.0,1.0
aws-cli/1.18.11 Python/3.7.5 Linux/5.3.0-kali2-amd64 botocore/1.15.11,0.31057745,0.6931472,1.0,0.0,1.0
Boto3/1.9.140 Python/2.7.15rc1 Linux/4.15.0-48-generic Botocore/1.12.140,0.31017762,7.133296,57.0,3.7528892,64.0
aws-cli/1.16.218 Python/2.7.16+ Linux/4.9.184-linuxkit botocore/1.12.208,0.30911604,3.6109178,10.0,2.058224,10.0
aws-cli/1.16.215 Python/2.7.16+ Linux/4.9.184-linuxkit botocore/1.12.205,0.30895957,5.26269,9.0,0.7410072,162.0
[aws-cli/1.16.185 Python/3.6.7 Linux/4.15.0-50-generic botocore/1.12.175],0.30884293,4.7095304,6.0,1.7044318,24.0
[aws-cli/1.18.135 Python/3.8.5 Linux/5.7.0-kali1-cloud-amd64 botocore/1.12.210],0.30851856,1.0986123,1.0,0.0,2.0
Boto3/1.14.16 Python/3.8.3 Linux/5.6.0-kali2-amd64 Botocore/1.17.16,0.308114,6.8679743,75.0,3.9230826,112.0
aws-sdk-go/1.4.14 (go1.11.4; darwin; amd64),0.30743665,3.0445225,3.0,0.39439774,18.0
aws-cli/1.11.142 Python/2.7.12 Linux/4.4.0-38-generic botocore/1.7.0,0.30691475,1.3862944,2.0,0.6365142,2.0
aws-cli/1.15.84 Python/2.7.12 Linux/4.4.0-43-Microsoft botocore/1.10.83,0.3063478,2.7080503,10.0,2.2055984,3.0
aws-cli/2.0.50 Python/3.7.7 Windows/10 exe/AMD64 command/iam.list-attached-user-policies,0.30626643,0.6931472,1.0,0.0,1.0
aws-cli/2.0.44 Python/3.7.3 Linux/5.4.0-kali3-amd64 exe/x86_64.kali.2020 command/ec2.create-volume,0.30567953,0.6931472,1.0,0.0,1.0
aws-cli/2.0.50 Python/3.7.3 Linux/4.15.0-117-generic exe/x86_64.ubuntu.18 command/ec2.create-volume,0.30567953,0.6931472,1.0,0.0,1.0
[Boto3/1.9.205 Python/3.7.4 Linux/5.2.5-arch1-1-ARCH Botocore/1.12.205],0.30559117,4.962845,8.0,1.9925256,20.0
Boto3/1.15.2 Python/2.7.16 Darwin/17.7.0 Botocore/1.18.2,0.30525255,5.9989367,217.0,5.3446198,4.0
Boto3/1.4.6 Python/2.7.16rc1 Linux/4.19.0-kali3-amd64 Botocore/1.12.139,0.30501148,7.133296,57.0,3.7528892,64.0
aws-cli/1.11.102 Python/2.7.10 Darwin/16.6.0 botocore/1.5.65,0.30433473,2.6390574,8.0,1.9251211,4.0
[Boto3/1.9.105 Python/2.7.16rc1 Linux/4.19.0-kali3-amd64 Botocore/1.12.105],0.30399895,4.962845,8.0,1.9925256,20.0
Boto3/1.15.6 Python/3.8.2 Linux/5.4.0-48-generic Botocore/1.18.6,0.30394024,6.6656837,51.0,3.6033754,112.0
aws-cli/2.0.30 Python/3.7.7 Windows/10 botocore/2.0.0dev34,0.30369982,0.6931472,1.0,0.0,1.0
aws-cli/1.16.96 Python/2.7.15 Windows/10 botocore/1.12.86,0.30367216,2.7080503,6.0,1.7721394,3.0
[aws-cli/1.11.56 Python/2.7.12 Linux/4.4.0-53-generic botocore/1.5.19],0.3036362,1.3862944,3.0,1.0986123,1.0
aws-cli/2.0.38 Python/3.7.4 Darwin/19.6.0 exe/x86_64 command/ec2.describe-vpc-peering-connections,0.3034285,0.6931472,1.0,0.0,1.0
Boto3/1.9.253 Python/3.7.4 Darwin/18.7.0 Botocore/1.12.253,0.30342406,0.6931472,1.0,0.0,1.0
aws-cli/1.15.80 Python/3.7.0 Darwin/16.7.0 botocore/1.10.79,0.30327955,3.8286414,13.0,1.7379452,24.0
aws-cli/1.18.26 Python/2.7.16 Windows/10 botocore/1.15.26,0.3023653,2.5649493,12.0,2.4849067,1.0
aws-cli/2.0.50 Python/3.8.5 Darwin/19.6.0 source/x86_64 command/ec2.describe-snapshots,0.3022786,4.564348,1.0,0.0,95.0
aws-sdk-nodejs/2.513.0 win32/v8.11.1 exec-env/AWS_Lambda_nodejs,0.3021257,5.273,4.0,0.6543204,160.0
aws-cli/2.0.37 Python/3.8.5 Darwin/19.6.0 source/x86_64 command/apigateway.get-stages,0.3021115,0.6931472,1.0,0.0,1.0
aws-cli/2.0.37 Python/3.7.4 Darwin/19.6.0 exe/x86_64 command/apigateway.get-stages,0.3021115,0.6931472,1.0,0.0,1.0
aws-cli/2.0.48 Python/3.7.4 Darwin/18.7.0 exe/x86_64 command/ec2.describe-snapshots,0.3021031,0.6931472,1.0,0.0,1.0
aws-cli/1.11.150 Python/2.7.10 Darwin/17.5.0 botocore/1.7.8,0.30165234,4.317488,13.0,1.6997201,40.0
[Boto3/1.9.120 Python/2.7.15+ Linux/4.9.125-linuxkit Botocore/1.12.130],0.30116177,4.962845,8.0,1.9925256,20.0
AWSPowerShell/3.3.365.0 .NET_Runtime/4.0 .NET_Framework/4.0 OS/Microsoft_Windows_NT_10.0.01985.0 WindowsPowerShell/5.0 ClientSync,0.30094898,8.585412,85.0,1.9993603,3584.0
aws-cli/2.0.9 Python/3.7.4 Darwin/19.5.0 botocore/2.0.0dev13,0.30089197,3.8918202,1.0,0.0,48.0
aws-cli/1.11.139 Python/3.6.3 Linux/4.13.0-37-generic botocore/1.6.6,0.30058122,0.6931472,1.0,0.0,1.0
Boto3/1.11.6 Python/2.7.17 Linux/5.4.0-kali2-amd64 Botocore/1.14.6,0.30023834,6.481577,57.0,3.7634606,32.0
aws-cli/1.15.85 Python/2.7.15rc1 Linux/4.15.0-55-generic botocore/1.10.84,0.30012015,4.2341065,10.0,1.6624246,30.0
aws-cli/1.15.9 Python/2.7.12 Linux/4.13.0-36-generic botocore/1.10.9,0.29987937,2.7725887,10.0,2.0791512,5.0
Boto3/1.14.3 Python/3.8.2 Linux/5.4.0-37-generic Botocore/1.17.3,0.29938185,1.0986123,1.0,0.0,2.0
[aws-cli/1.8.1 Python/2.7.10 Darwin/16.7.0],0.29910445,2.3025851,4.0,1.1490598,5.0
aws-cli/1.10.7 Python/3.5.1 Windows/8.1 botocore/1.3.29,0.29879853,1.0986123,1.0,0.0,2.0
aws-cli/2.0.44 Python/3.7.4 Darwin/19.5.0 exe/x86_64 command/iam.get-user,0.29877317,0.6931472,1.0,0.0,1.0
aws-cli/2.0.6 Python/3.8.2 Darwin/19.3.0 botocore/2.0.0dev10,0.2981457,3.5553482,9.0,1.3684647,21.0
aws-cli/1.14.44 Python/3.6.9 Linux/5.3.0-1019-aws botocore/1.8.48,0.29777044,5.5012584,11.0,0.63536596,208.0
aws-cli/1.7.45 Python/2.7.10 Darwin/15.6.0,0.2969849,0.6931472,1.0,0.0,1.0
aws-cli/1.16.180 Python/3.7.3 Darwin/18.6.0 botocore/1.12.170,0.29658264,5.1416636,17.0,1.5398586,112.0
aws-cli/2.0.49 Python/3.7.4 Darwin/19.6.0 exe/x86_64 command/iam.get-account-authorization-details,0.29620475,1.0986123,1.0,0.0,2.0
aws-cli/1.15.68 Python/2.7.10 Darwin/18.5.0 botocore/1.10.67,0.29578444,5.888878,9.0,0.42174977,332.0
[aws-cli/1.16.43 Python/2.7.15 Linux/3.10.0-862.14.4.el7.x86_64 botocore/1.12.33],0.29569244,2.1972246,4.0,1.3862944,2.0
aws-cli/1.16.140 Python/2.7.10 Darwin/18.6.0 botocore/1.12.130,0.29548034,1.0986123,1.0,0.0,2.0
aws-cli/1.11.117 Python/2.7.10 Darwin/18.6.0 botocore/1.5.80,0.29548034,1.0986123,1.0,0.0,2.0
aws-cli/1.11.34 Python/2.7.10 Darwin/18.6.0 botocore/1.4.91,0.29527235,3.8918202,1.0,0.0,48.0
aws-cli/1.11.53 Python/2.7.12 Darwin/15.6.0 botocore/1.5.16,0.2949901,3.637586,22.0,2.8539567,7.0
aws-cli/1.16.67 Python/2.7.15 Darwin/17.7.0 botocore/1.12.57,0.2941455,5.598422,12.0,0.67739546,234.0
aws-cli/1.18.9 Python/3.7.1 Darwin/19.3.0 botocore/1.15.9,0.29355624,5.2574954,11.0,0.5065725,173.0
aws-cli/1.14.46 Python/3.6.4 Linux/4.15.5-1-ARCH botocore/1.8.50,0.2935256,4.1743875,16.0,2.017663,21.0
aws-cli/1.16.272 Python/2.7.17 Darwin/18.7.0 botocore/1.13.8,0.29302347,4.0430512,13.0,1.7986041,29.0
Boto3/1.9.174 Python/3.5.3 Linux/4.9.0-6-amd64 Botocore/1.12.174,0.2920122,3.0445225,1.0,0.0,20.0
aws-cli/1.17.3 Python/2.7.16 Darwin/19.2.0 botocore/1.14.3,0.2918203,4.4426513,15.0,1.7658944,43.0
[Boto3/1.7.42 Python/2.7.15rc1 Linux/4.14.0-kali3-amd64 Botocore/1.10.42],0.29105708,4.8121843,7.0,1.8460361,20.0
aws-cli/2.0.39 Python/3.7.7 Windows/10 exe/AMD64 command/sts.get-caller-identity,0.29103503,0.6931472,1.0,0.0,1.0
Boto3/1.13.16 Python/2.7.16 Darwin/19.0.0 Botocore/1.16.16,0.290931,6.5638556,612.0,6.2887487,9.0
aws-cli/1.16.61 Python/2.7.12 Linux/4.4.0-53329-Microsoft botocore/1.12.51,0.28958246,3.9318256,11.0,1.3943789,32.0
aws-cli/1.16.198 Python/3.6.8 Linux/3.10.0-957.21.3.el7.x86_64 botocore/1.12.188,0.2893929,4.3438053,12.0,2.0307097,22.0
aws-cli/1.11.38 Python/2.7.9 Windows/7 botocore/1.5.1,0.2872585,2.6390574,3.0,0.53596103,11.0
aws-cli/1.10.46 Python/2.7.6 Linux/3.19.0-77-generic botocore/1.7.16,0.28698078,1.9459101,3.0,0.86756325,4.0
aws-cli/2.0.44 Python/3.7.7 Windows/10 exe/AMD64 command/apigateway.get-stages,0.28652838,0.6931472,1.0,0.0,1.0
Boto/2.48.0 Python/2.7.15rc1 Linux/4.13.0-kali1-amd64,0.28651747,2.3025851,8.0,2.043192,2.0
aws-cli/1.14.28 Python/2.7.5 Linux/3.10.0-1127.10.1.el7.x86_64 botocore/1.8.35,0.28629068,4.7957907,19.0,2.1798546,41.0
aws-cli/1.18.69 Python/3.8.3 Linux/5.4.0-2-amd64 botocore/1.16.26,0.28623676,5.5645204,23.0,1.2422336,190.0
aws-cli/1.11.13 Python/3.5.2 Linux/4.13.0-32-generic botocore/1.4.70,0.28596085,3.9702919,6.0,0.72432005,43.0
Boto3/1.7.48 Python/3.7.3 Linux/5.1.9-arch1-1-ARCH Botocore/1.10.48,0.2859271,6.066108,18.0,2.675424,32.0
Boto3/1.12.31 Python/3.7.7 Linux/5.3.0-kali2-amd64 Botocore/1.15.31,0.28589472,6.645091,50.0,3.5767467,112.0
Boto3/1.12.39 Python/3.7.6 Linux/4.14.154-128.181.amzn2.x86_64 Botocore/1.15.39,0.28589472,6.645091,50.0,3.5767467,112.0
Boto3/1.13.7 Python/3.8.2 Linux/5.5.0-kali2-amd64 Botocore/1.15.46,0.28589472,6.645091,50.0,3.5767467,112.0
Boto3/1.9.223 Python/2.7.15+ Linux/4.15.0-60-generic Botocore/1.12.223,0.28587392,1.0986123,1.0,0.0,2.0
Boto3/1.14.28 Python/3.8.3 Linux/5.6.0-2parrot1-amd64 Botocore/1.17.28,0.28498286,6.6871085,52.0,3.6290708,112.0
aws-cli/1.11.152 Python/2.7.10 Darwin/16.7.0 botocore/1.7.10,0.28470892,5.605802,38.0,2.512237,124.0
aws-cli/1.11.13 Python/3.5.2 Linux/4.13.0-37-generic botocore/1.4.70,0.2842335,1.3862944,3.0,1.0986123,1.0
Boto3/1.9.86 Python/2.7.16 Linux/4.19.0-5-amd64 Botocore/1.5.19,0.28264138,6.5117455,1.0,0.0,672.0
Boto3/1.14.33 Python/3.8.2 Linux/4.9.184-linuxkit Botocore/1.17.33,0.28250104,6.8700533,75.0,3.9253588,112.0
aws-cli/1.14.64 Python/2.7.9 Windows/2012Server botocore/1.9.17,0.28240848,4.6151204,4.0,0.365345,92.0
aws-cli/1.10.54 Python/2.7.10 Darwin/15.6.0 botocore/1.4.44,0.2823296,1.7917595,3.0,0.95027053,3.0
[Boto3/1.9.253 Python/3.7.4 Darwin/18.7.0 Botocore/1.12.253 Resource],0.28222466,1.0986123,1.0,0.0,2.0
[aws-cli/1.15.79 Python/3.6.6 Linux/4.17.0-kali3-amd64 botocore/1.10.78],0.28222466,1.0986123,1.0,0.0,2.0
[Boto3/1.9.218 Python/3.6.8 Linux/5.0.0-27-generic Botocore/1.12.190 Resource],0.28222466,1.0986123,1.0,0.0,2.0
aws-cli/1.16.239 Python/2.7.16+ Linux/5.2.0-kali2-amd64 botocore/1.12.229,0.28201377,4.3438053,10.0,1.1644161,54.0
aws-cli/1.16.198 Python/3.8.0b2 Linux/4.9.184-linuxkit botocore/1.12.188,0.28195068,5.645447,18.0,2.6711755,21.0
"Cyberduck/30.1.75.147573 (Windows 7/6.1) (x86), aws-sdk-java/1.11.381 Windows_7/6.1 IKVM.NET/8.1.6610.0 java/1.8.0 kotlin/1.1.50",0.281742,3.1780539,3.0,0.98994905,10.0
aws-cli/1.18.40 Python/3.7.6 Linux/5.7.0-kali1-amd64 botocore/1.15.40,0.28128517,4.912655,8.0,0.6861818,112.0
aws-cli/1.18.0 Python/3.7.4 Darwin/19.3.0 botocore/1.15.0,0.2812301,4.1431346,4.0,0.30629584,58.0
[Boto3/1.11.7 Python/3.7.5 Linux/5.0.0-36-generic Botocore/1.14.7],0.28091836,4.0253515,7.0,1.7653589,12.0
aws-cli/1.14.11 Python/3.6.7 Linux/4.15.0-43-generic botocore/1.8.15,0.279679,4.0430512,10.0,0.916916,45.0
Boto/2.49.0 Python/2.7.10 Darwin/18.7.0,0.27882078,2.3025851,8.0,2.043192,2.0
Boto/2.46.1 Python/2.7.13 Linux/4.6.0-kali1-686-pae,0.27882078,2.3025851,8.0,2.043192,2.0
aws-cli/2.0.50 Python/3.7.4 Darwin/19.6.0 exe/x86_64 command/ec2.describe-snapshots,0.278427,1.3862944,1.0,0.0,3.0
aws-cli/1.16.283 Python/3.6.8 Linux/4.15.0-1051-aws botocore/1.13.19,0.27817747,1.0986123,1.0,0.0,2.0
aws-cli/1.16.157 Python/3.7.3 Darwin/18.6.0 botocore/1.12.147,0.27734658,1.0986123,1.0,0.0,2.0
aws-cli/2.0.39 Python/3.7.3 Linux/5.4.0-40-generic exe/x86_64.linuxmint.20 command/sts.get-caller-identity,0.27733755,0.6931472,1.0,0.0,1.0
aws-cli/1.15.71 Python/3.5.2 Linux/4.15.0-38-generic botocore/1.10.70,0.27726856,3.3672957,11.0,2.0268831,10.0
[Boto3/1.9.250 Python/2.7.16+ Linux/5.2.0-kali2-amd64 Botocore/1.12.250],0.2772083,0.6931472,1.0,0.0,1.0
[aws-cli/1.14.28 Python/2.7.11 Darwin/18.2.0 botocore/1.8.32],0.2772083,0.6931472,1.0,0.0,1.0
aws-cli/1.16.208 Python/3.7.4 Linux/5.2.5-arch1-1-ARCH botocore/1.12.198,0.27683753,4.9767337,11.0,1.1025615,104.0
aws-cli/1.18.97 Python/3.6.9 Linux/4.15.0-111-generic botocore/1.17.20,0.27680084,0.6931472,1.0,0.0,1.0
[aws-cli/1.11.169 Python/2.7.10 Darwin/17.2.0 botocore/1.7.27],0.2767756,0.6931472,1.0,0.0,1.0
aws-cli/1.11.120 Python/2.7.10 Darwin/17.4.0 botocore/1.5.83,0.2752675,4.26268,17.0,1.5798992,45.0
Boto3/1.9.83 Python/3.7.0 Darwin/19.0.0 Botocore/1.12.236,0.27498695,4.4998097,1.0,0.0,89.0
aws-cli/2.0.38 Python/3.7.4 Darwin/19.6.0 exe/x86_64 command/iam.get-user,0.27471635,0.6931472,1.0,0.0,1.0
[aws-cli/1.16.120 Python/3.7.2 Darwin/18.7.0 botocore/1.12.110],0.2744511,2.944439,2.0,0.59084225,13.0
aws-cli/1.16.113 Python/3.7.3rc1 Linux/4.19.0-4-amd64 botocore/1.12.103,0.27374944,4.7957907,4.0,0.5127086,104.0
aws-cli/1.15.21 Python/3.6.5 Linux/4.16.8-1-ARCH botocore/1.10.21,0.27282068,4.1108737,33.0,2.9737952,17.0
[Boto3/1.9.62 Python/2.7.15 Darwin/18.0.0 Botocore/1.12.62],0.27265525,4.276666,8.0,1.9925256,10.0
aws-cli/1.16.150 Python/3.7.3 Darwin/18.5.0 botocore/1.12.140,0.27229372,5.26269,26.0,2.367935,78.0
aws-cli/1.11.56 Python/2.7.10 Darwin/16.4.0 botocore/1.5.19,0.27185637,5.7300997,50.0,2.8646586,105.0
Boto3/1.10.2 Python/3.7.7 Darwin/19.5.0 Botocore/1.13.2,0.2718459,1.609438,4.0,1.3862944,1.0
aws-cli/2.0.52 Python/3.7.3 Linux/4.19.128-microsoft-standard exe/x86_64.ubuntu.20 command/iam.list-access-keys,0.27130312,1.609438,1.0,0.0,4.0
aws-cli/1.16.283 Python/3.6.0 Windows/10 botocore/1.13.19,0.2706042,5.598422,41.0,2.3537166,138.0
[aws-sdk-nodejs/2.50.0 darwin/v4.3.2 callback],0.27034456,1.0986123,1.0,0.0,2.0
aws-cli/1.15.75 Python/2.7.10 Darwin/18.2.0 botocore/1.10.74,0.27016032,5.1532917,15.0,1.3377794,120.0
aws-cli/1.18.43 Python/2.7.17 Linux/5.3.0-46-generic botocore/1.15.43,0.2701444,4.1271343,5.0,0.94039977,34.0
aws-cli/1.14.16 Python/3.5.4 Linux/4.12.12-gentoo botocore/1.8.20,0.26977816,4.5325994,20.0,1.977298,38.0
Boto3/1.9.205 Python/3.7.4 Linux/5.2.5-arch1-1-ARCH Botocore/1.12.205,0.26962486,7.425954,61.0,3.7054305,224.0
aws-cli/1.11.169 Python/2.7.14 CYGWIN_NT-10.0/2.9.0(0.318/5/3) botocore/1.7.27,0.26939917,4.3307333,12.0,1.2021191,53.0
aws-cli/1.16.209 Python/3.6.0 Windows/10 botocore/1.12.199,0.2682459,5.17615,3.0,0.21046811,168.0
aws-cli/2.0.50 Python/3.7.3 Linux/4.15.0-117-generic exe/x86_64.ubuntu.18 command/iam.list-attached-user-policies,0.2682264,0.6931472,1.0,0.0,1.0
Boto3/1.11.0 Python/3.6.9 Linux/5.0.0-36-generic Botocore/1.14.0,0.2679891,6.7452364,63.0,3.7581596,112.0
aws-cli/1.16.40 Python/3.7.4 Darwin/19.2.0 botocore/1.12.30,0.2679876,3.871201,9.0,1.3982143,28.0
aws-cli/1.16.261 Python/3.7.4 Darwin/18.7.0 botocore/1.12.251,0.26787776,4.0775375,11.0,1.7452676,28.0
aws-cli/1.16.7 Python/2.7.15rc1 Linux/4.4.0-53329-Microsoft botocore/1.11.7,0.26757714,1.609438,4.0,1.3862944,1.0
aws-cli/2.0.52 Python/3.7.7 Windows/10 exe/AMD64 command/ec2.describe-snapshots,0.26743373,0.6931472,1.0,0.0,1.0
Boto3/1.10.13 Python/2.7.16 Linux/4.17.0-kali1-amd64 Botocore/1.12.14,0.26700485,2.5649493,1.0,0.0,12.0
aws-cli/1.15.0 Python/2.7.14 Darwin/17.4.0 botocore/1.10.0,0.2657524,3.295837,11.0,1.7103026,14.0
aws-cli/1.11.51 Python/3.5.2 Darwin/16.4.0 botocore/1.5.14,0.26571745,3.5263605,14.0,2.3725636,8.0
aws-cli/2.0.54 Python/3.8.5 Darwin/18.7.0 source/x86_64 command/iam.get-user,0.26549333,0.6931472,1.0,0.0,1.0
[Botocore/1.16.19 Python/3.6.9 Linux/5.3.0-1034-aws],0.2650352,3.9512436,7.0,1.8292071,15.0
aws-cli/1.16.60 Python/3.7.1 Darwin/18.2.0 botocore/1.12.50,0.26471344,4.3438053,14.0,1.1338859,58.0
aws-cli/1.18.146 Python/2.7.18rc1 Linux/5.4.0-48-generic botocore/1.18.5,0.2643316,2.3025851,4.0,1.2730284,4.0
aws-cli/1.14.8 Python/2.7.9 Windows/8 botocore/1.8.12,0.26424563,3.6109178,9.0,1.558115,20.0
aws-cli/1.15.31 Python/2.7.13 Linux/4.12.0-kali2-686 botocore/1.10.31,0.2641983,1.609438,3.0,1.0397208,2.0
aws-cli/1.16.219 Python/3.6.0 Windows/10 botocore/1.12.209,0.26360264,3.6635616,20.0,2.8138125,7.0
aws-cli/1.16.54 Python/2.7.15 Windows/10 botocore/1.12.44,0.2635853,0.6931472,1.0,0.0,1.0
aws-cli/1.16.4 Python/2.7.15 Darwin/17.5.0 botocore/1.11.4,0.26345083,3.988984,8.0,0.71206355,45.0
aws-cli/2.0.4 Python/3.7.3 Linux/4.4.0-174-generic botocore/2.0.0dev8,0.26332605,1.0986123,2.0,0.6931472,1.0
aws-cli/1.14.44 Python/3.6.9 Linux/5.3.0-45-generic botocore/1.15.32,0.26332605,1.0986123,2.0,0.6931472,1.0
aws-cli/1.14.40 Python/3.6.4 Darwin/16.7.0 botocore/1.8.44,0.263301,4.3820267,26.0,2.1406362,41.0
aws-cli/1.16.168 Python/3.7.3rc1 Linux/4.19.0-kali3-amd64 botocore/1.12.158,0.26316145,4.4188404,17.0,2.5699005,18.0
aws-cli/1.16.201 Python/3.6.6 Linux/4.15.0-47-generic botocore/1.12.191,0.26307112,1.0986123,1.0,0.0,2.0
aws-cli/2.0.37 Python/3.7.4 Darwin/19.3.0 exe/x86_64 command/ec2.describe-snapshots,0.26275295,1.0986123,1.0,0.0,2.0
aws-cli/1.16.26 Python/3.6.7 Linux/4.18.0-13-generic botocore/1.12.16,0.26235253,2.5649493,3.0,0.7214637,9.0
ElasticWolf/5.1.7,0.26217753,2.7080503,3.0,1.0042424,6.0
aws-cli/1.15.2 Python/3.6.5rc1 Linux/4.15.0-kali2-amd64 botocore/1.10.2,0.26162094,3.7612002,1.0,0.0,42.0
aws-cli/1.14.32 Python/3.6.4 Linux/4.9.79-1-MANJARO botocore/1.8.36,0.26154706,5.529429,15.0,0.9226282,204.0
aws-cli/1.16.58 Python/2.7.15 Darwin/17.7.0 botocore/1.12.48,0.2614805,4.762174,18.0,1.9338601,62.0
aws-sdk-go/1.24.1 (go1.13.1; darwin; amd64),0.26143458,2.944439,3.0,1.0114043,9.0
aws-cli/1.16.10 Python/2.7.9 Windows/8 botocore/1.12.0,0.26077768,5.57973,14.0,1.7037823,134.0
aws-cli/1.18.5 Python/3.6.9 Linux/4.15.0-72-generic botocore/1.15.5,0.2603124,5.605802,10.0,0.47166646,244.0
aws-cli/1.16.200 Python/3.7.4 Darwin/18.2.0 botocore/1.12.190,0.26005217,4.394449,10.0,1.3631725,52.0
aws-cli/1.15.79 Python/2.7.12 Linux/4.15.0-65-generic botocore/1.10.78,0.259979,5.062595,9.0,0.46369925,143.0
[Boto3/1.10.13 Python/2.7.16 Linux/4.17.0-kali1-amd64 Botocore/1.12.14 Resource],0.2595988,4.317488,1.0,0.0,74.0
aws-cli/1.16.120 Python/3.7.3 Darwin/18.2.0 botocore/1.12.110,0.2594615,1.0986123,1.0,0.0,2.0
aws-cli/1.16.73 Python/2.7.15 Darwin/18.2.0 botocore/1.12.63,0.25941718,2.1972246,6.0,1.6674619,3.0
aws-cli/2.0.51 Python/3.7.7 Windows/10 exe/AMD64 command/apigateway.get-stages,0.2592413,0.6931472,1.0,0.0,1.0
aws-cli/1.18.83 Python/3.8.3 Linux/5.6.0-kali2-amd64 botocore/1.17.6,0.25920233,2.7080503,2.0,0.25731868,13.0
[Boto3/1.7.48 Python/3.8.2 Linux/4.9.184-linuxkit Botocore/1.10.48],0.2591692,3.5263605,14.0,2.5984643,4.0
[Boto3/1.7.48 Python/3.7.5 Windows/10 Botocore/1.10.48],0.2591692,3.5263605,14.0,2.5984643,4.0
[Boto3/1.7.48 Python/3.6.7 Linux/4.4.0-53329-Microsoft Botocore/1.10.48],0.2591692,3.5263605,14.0,2.5984643,4.0
aws-cli/1.16.67 Python/2.7.10 Darwin/18.2.0 botocore/1.12.57,0.25868788,2.1972246,6.0,1.732868,2.0
aws-cli/1.16.113 Python/3.6.8 Linux/4.19.0-kali1-amd64 botocore/1.12.103,0.25849038,5.379897,4.0,0.30994976,202.0
aws-cli/1.17.9 Python/3.7.4 Darwin/18.7.0 botocore/1.14.9,0.25810596,0.6931472,1.0,0.0,1.0
aws-cli/1.16.106 Python/2.7.15 Darwin/18.2.0 botocore/1.12.96,0.25791672,5.572154,14.0,0.86189115,218.0
Boto3/1.7.4 Python/3.6.6 Linux/4.16.0-kali2-amd64 Botocore/1.10.4,0.25791326,5.6801724,283.0,5.6274853,4.0
[Boto3/1.13.12 Python/3.8.5 Linux/5.7.0-kali1-amd64 Botocore/1.16.12 Resource],0.25772047,0.6931472,1.0,0.0,1.0
aws-cli/2.0.47 Python/3.7.7 Windows/10 exe/AMD64 command/ec2.describe-snapshots,0.25744432,1.3862944,1.0,0.0,3.0
aws-cli/2.0.39 Python/3.7.7 Windows/10 exe/AMD64 command/iam.list-attached-user-policies,0.25716668,0.6931472,1.0,0.0,1.0
aws-cli/2.0.31 Python/3.7.3 Linux/5.7.0-2parrot2-amd64 botocore/2.0.0dev35,0.2567369,1.609438,1.0,0.0,4.0
aws-cli/2.0.46 Python/3.7.3 Linux/5.7.0-kali1-amd64 exe/x86_64.kali.2020 command/apigateway.get-stages,0.25602105,0.6931472,1.0,0.0,1.0
[Boto3/1.8.4 Python/2.7.15rc1 Linux/4.15.0-33-generic Botocore/1.11.4],0.25565368,4.276666,8.0,1.9925256,10.0
aws-cli/2.0.42 Python/3.7.3 Linux/5.2.0-kali2-amd64 exe/x86_64.kali.2019 command/apigateway.get-stages,0.25527468,0.6931472,1.0,0.0,1.0
aws-cli/1.16.75 Python/3.6.7 Linux/4.18.0-16-generic botocore/1.12.65,0.25504735,1.0986123,1.0,0.0,2.0
aws-cli/1.16.210 Python/3.7.5 Darwin/18.6.0 botocore/1.12.200,0.25491634,5.655992,25.0,1.507344,137.0
aws-cli/2.0.37 Python/3.8.5 Darwin/19.6.0 source/x86_64 command/iam.list-attached-user-policies,0.25428006,1.3862944,1.0,0.0,3.0
aws-cli/1.15.71 Python/3.7.5 Linux/5.2.11-100.fc29.x86_64 botocore/1.10.41,0.25362417,3.871201,7.0,1.4424541,25.0
aws-cli/1.15.70 Python/3.7.0 Darwin/18.2.0 botocore/1.10.69,0.25356022,2.8903718,11.0,2.1659765,5.0
[Boto3/1.14.3 Python/3.8.2 Linux/5.4.0-37-generic Botocore/1.17.3 Resource],0.25353545,1.3862944,1.0,0.0,3.0
aws-cli/1.11.13 Python/3.5.2 Linux/4.15.0-29-generic botocore/1.4.70,0.25343332,4.276666,22.0,2.2995992,30.0
Boto3/1.11.1 Python/3.7.5 Linux/5.3.0-kali2-amd64 Botocore/1.14.1,0.25314924,6.5957804,47.0,3.5161088,112.0
aws-cli/1.16.41 Python/2.7.14+ Linux/4.15.0-kali2-amd64 botocore/1.12.31,0.25287843,1.3862944,3.0,1.0986123,1.0
Boto3/1.7.61 Python/3.5.0 Windows/ Botocore/1.10.62,0.25269756,6.066108,18.0,2.675424,32.0
Boto3/1.12.47 Python/3.8.1 Darwin/19.4.0 Botocore/1.15.47,0.25238878,4.634729,2.0,0.22371808,96.0
Boto3/1.11.17 Python/3.8.1 Darwin/19.2.0 Botocore/1.14.17,0.25231776,6.552508,598.0,6.2509103,13.0
Boto3/1.10.19 Python/3.6.8 Linux/4.15.0-66-generic Botocore/1.13.19,0.25216052,6.561031,603.0,6.2568936,14.0
aws-cli/1.11.13 Python/3.5.2 Linux/5.3.0-1028-aws botocore/1.4.70,0.2519855,3.6888795,8.0,1.0396204,29.0
aws-cli/2.0.36 Python/3.7.3 Linux/5.0.0-38-generic exe/x86_64.ubuntu.19 command/ec2.describe-instances,0.25153923,1.7917595,1.0,0.0,5.0
aws-cli/1.14.44 Python/3.6.7 Linux/4.15.0-44-generic botocore/1.8.48,0.25118598,1.0986123,2.0,0.6931472,1.0
aws-cli/1.18.96 Python/3.8.3 Linux/5.7.4-1-ck botocore/1.17.16,0.25084025,0.6931472,1.0,0.0,1.0
aws-cli/2.0.40 Python/3.7.3 Linux/5.5.0-kali2-amd64 exe/x86_64.kali.2020 command/sts.get-caller-identity,0.25084025,0.6931472,1.0,0.0,1.0
Boto3/1.9.20 Python/2.7.15 Linux/4.16.0-kali2-amd64 Botocore/1.12.20 Resource,0.25076163,6.2461066,18.0,2.6118689,45.0
aws-cli/1.16.112 Python/2.7.15+ Linux/4.19.0-kali1-amd64 botocore/1.12.102,0.25063875,4.727388,9.0,1.9526175,40.0
aws-cli/1.15.34 Python/2.7.9 Windows/8 botocore/1.10.34,0.25061393,5.42495,36.0,1.4187212,169.0
aws-cli/1.9.5 Python/2.7.10 Darwin/16.0.0 botocore/1.3.5,0.24991381,1.0986123,1.0,0.0,2.0
aws-cli/1.16.169 Python/3.7.3 Windows/10 botocore/1.12.159,0.24955909,4.4886365,9.0,1.533804,50.0
Boto3/1.12.26 Python/3.7.6 Linux/5.4.0-kali3-amd64 Botocore/1.15.26,0.24941136,6.5971456,48.0,3.521681,112.0
aws-cli/1.16.72 Python/3.7.1 Windows/10 botocore/1.12.113,0.24920823,5.894403,2.0,0.106101,354.0
[aws-cli/1.15.10 Python/2.7.9 Windows/8 botocore/1.10.10],0.24908069,3.5553482,14.0,2.5885732,4.0
Boto3/1.4.7 Python/2.7.16 Linux/4.19.0-6-amd64 Botocore/1.7.48,0.24830033,6.3578424,59.0,3.778084,28.0
aws-cli/1.16.203 Python/2.7.16 Windows/10 botocore/1.12.193,0.24803898,1.0986123,1.0,0.0,2.0
Boto3/1.9.189 Python/3.7.4 Darwin/18.6.0 Botocore/1.12.189,0.24803898,1.0986123,1.0,0.0,2.0
Boto3/1.14.16 Python/3.8.3rc1 Linux/5.6.0-kali1-amd64 Botocore/1.17.16,0.24798521,8.428362,640.0,6.344308,49.0
aws-cli/1.11.120 Python/2.7.10 Darwin/16.7.0 botocore/1.5.83,0.24795935,3.1354942,2.0,0.3046361,20.0
[aws-cli/1.11.55 Python/2.7.12+ Linux/4.8.0-39-generic botocore/1.5.18],0.24756703,0.6931472,1.0,0.0,1.0
aws-cli/1.16.81 Python/3.6.8 Linux/4.19.0-kali1-amd64 botocore/1.12.71,0.24669792,4.276666,1.0,0.0,71.0
aws-cli/1.16.100 Python/3.7.2 Darwin/18.2.0 botocore/1.12.90,0.2466142,6.037871,17.0,0.9722444,336.0
[Boto3/1.9.20 Python/2.7.15+ Linux/4.18.0-kali1-amd64 Botocore/1.12.21],0.24642725,4.276666,8.0,1.9925256,10.0
[Boto3/1.9.50 Python/2.7.15 Darwin/17.7.0 Botocore/1.12.50],0.24599652,4.276666,8.0,1.9925256,10.0
Boto3/1.9.130 Python/3.7.7 Darwin/19.3.0 Botocore/1.12.130,0.24528235,1.3862944,1.0,0.0,3.0
Boto3/1.5.32 Python/3.6.9 Linux/4.19.86-gentoo Botocore/1.14.16,0.245252,7.30586,608.0,6.2814054,14.0
aws-cli/1.16.109 Python/3.5.2 Linux/4.4.0-142-generic botocore/1.12.99,0.24520916,1.0986123,1.0,0.0,2.0
aws-cli/1.16.166 Python/3.6.7 Linux/4.15.0-50-generic botocore/1.12.156,0.24421655,4.94876,9.0,1.0170959,106.0
aws-cli/1.16.262 Python/3.7.7 Darwin/19.5.0 botocore/1.12.252,0.24405125,1.0986123,1.0,0.0,2.0
[Boto3/1.7.48 Python/3.7.3 Linux/5.1.4-arch1-1-ARCH Botocore/1.10.48],0.2439794,4.204693,14.0,2.5984643,8.0
Boto3/1.5.8 Python/3.6.3 Windows/10 Botocore/1.8.22,0.24391839,5.4467373,17.0,2.7275765,16.0
aws-cli/1.16.19 Python/2.7.14 Windows/10 botocore/1.12.9,0.24385631,1.609438,4.0,1.3862944,1.0
aws-cli/1.16.41 Python/3.6.0 Windows/10 botocore/1.12.31,0.2431612,1.3862944,2.0,0.6365142,2.0
aws-cli/1.14.30 Python/2.7.14 Linux/4.13.0-32-generic botocore/1.8.34,0.24269828,4.3694477,14.0,1.7134564,34.0
[aws-sdk-go/1.12.55 (go1.10.3; darwin; amd64)],0.24269181,5.484797,3.0,0.7214637,180.0
[Boto3/1.4.6 Python/2.7.17 Linux/4.9.184-linuxkit Botocore/1.13.28],0.24246253,2.4849067,2.0,0.3046361,10.0
Botocore/1.17.27 Python/3.8.2 Linux/5.4.0-40-generic,0.24244097,4.7361984,16.0,2.3662944,16.0
aws-cli/1.14.22 Python/2.7.15 Darwin/17.7.0 botocore/1.8.26,0.24179101,5.164786,4.0,0.54675084,146.0
aws-cli/1.11.56 Python/2.7.12+ Linux/4.6.0-kali1-amd64 botocore/1.5.19,0.24174894,3.637586,17.0,2.282462,14.0
aws-cli/1.18.66 Python/2.7.18 Linux/5.4.0-kali4-amd64 botocore/1.16.16,0.24044919,3.7612002,4.0,0.58327985,35.0
aws-cli/2.0.38 Python/3.7.7 Windows/10 exe/AMD64 command/apigateway.get-stages,0.23954847,0.6931472,1.0,0.0,1.0
Boto3/1.9.62 Python/2.7.15rc1 Linux/4.15.0-47-generic Botocore/1.12.62,0.23950724,7.1396604,60.0,3.7994149,60.0
[aws-cli/1.11.162 Python/2.7.9 Linux/3.16.0-4-amd64 botocore/1.7.20],0.2388807,3.6109178,2.0,0.6154983,25.0
aws-sdk-go/1.29.6 (go1.13.4; darwin; amd64),0.23849972,1.609438,1.0,0.0,4.0
Boto/2.49.0 Python/2.7.10 Darwin/18.0.0,0.23846956,0.6931472,1.0,0.0,1.0
aws-cli/1.11.13 Python/3.5.2 Linux/4.4.0-039049-Microsoft botocore/1.12.219,0.23801316,0.6931472,1.0,0.0,1.0
ElasticWolf/5.1.6,0.23799036,2.0794415,5.0,1.549826,2.0
aws-cli/1.16.140 Python/3.7.3 Darwin/18.7.0 botocore/1.12.130,0.23688892,1.609438,2.0,0.6931472,2.0
aws-cli/1.16.179 Python/2.7.10 Darwin/18.6.0 botocore/1.12.169,0.23662303,4.5325994,12.0,1.44841,60.0
aws-cli/1.16.144 Python/3.7.3 Darwin/19.0.0 botocore/1.12.134,0.2365479,4.204693,11.0,1.3452398,43.0
aws-cli/1.11.56 Python/2.7.11 Darwin/16.4.0 botocore/1.5.19,0.23613276,2.4849067,3.0,0.6001661,9.0
aws-cli/1.16.6 Python/2.7.15rc1 Linux/4.15.0-36-generic botocore/1.11.6,0.23606579,3.295837,20.0,2.841951,5.0
APN/1.0 CloudBerry Lab/1.0 Explorer/5.9,0.23598737,2.944439,3.0,1.0986123,6.0
Boto3/1.7.48 Python/3.6.9 Linux/4.15.0-74-generic Botocore/1.10.48,0.23590493,2.3025851,7.0,1.8891592,2.0
aws-cli/1.16.142 Python/3.6.7 Linux/4.9.125-linuxkit botocore/1.12.132,0.2357195,4.26268,5.0,0.7558093,56.0
aws-cli/1.11.55 Python/2.7.9 Linux/4.8.6-x86_64-linode78 botocore/1.5.18,0.23481998,2.4849067,3.0,0.6001661,9.0
aws-cli/1.11.51 Python/2.7.10 Darwin/15.6.0 botocore/1.5.14,0.23477654,2.4849067,3.0,0.6001661,9.0
[Boto3/1.4.4 Python/2.7.6 Linux/3.19.0-32-generic Botocore/1.5.7],0.23465876,4.7095304,7.0,1.8500581,18.0
aws-cli/1.16.85 Python/3.7.1 Linux/4.14.77-81.59.amzn2.x86_64 botocore/1.12.75,0.23401076,2.6390574,11.0,2.3516731,2.0
aws-cli/1.15.79 Python/3.6.6 Linux/4.17.0-kali3-amd64 botocore/1.11.8,0.23400159,3.1354942,10.0,2.0352602,6.0
aws-cli/1.18.147 Python/3.6.0 Windows/10 botocore/1.18.6,0.23353581,1.609438,4.0,1.3862944,1.0
aws-cli/1.16.311 Python/3.6.9 Linux/4.4.0-01985-Microsoft botocore/1.13.47,0.23353578,1.609438,4.0,1.3862944,1.0
Boto3/1.10.46 Python/2.7.17 Linux/4.15.0-1056-aws Botocore/1.13.45,0.23340827,6.53814,600.0,6.27898,7.0
[aws-cli/1.16.30 Python/2.7.15 Linux/4.16.0-kali2-amd64 botocore/1.12.20],0.23258595,4.060443,5.0,1.4611329,22.0
[aws-cli/1.16.292 Python/2.7.17 Linux/4.9.184-linuxkit botocore/1.13.28],0.2322555,1.0986123,2.0,0.6931472,1.0
[aws-cli/1.16.292 Python/2.7.17 Linux/5.4.0-2-amd64 botocore/1.13.28],0.2322555,1.0986123,2.0,0.6931472,1.0
aws-sdk-go/1.30.12 (go1.13.12; darwin; amd64) APN/1.0 HashiCorp/1.0 Terraform/0.12.28,0.23190548,1.0986123,1.0,0.0,2.0
"AWSCloudTrail, aws-internal/3 aws-sdk-java/1.11.347 Linux/4.9.93-0.1.ac.178.67.327.metal1.x86_64 OpenJDK_64-Bit_Server_VM/25.172-b11 java/1.8.0_172",0.23176727,2.9957323,5.0,1.4934105,6.0
Boto3/1.4.6 Python/2.7.17 Linux/5.4.0-2-amd64 Botocore/1.13.28,0.23168638,6.4831076,58.0,3.7691529,32.0
aws-cli/1.16.268 Python/3.7.7 Darwin/18.7.0 botocore/1.13.4,0.23168223,4.983607,69.0,2.940983,65.0
aws-cli/1.16.1 Python/3.7.0 Windows/10 botocore/1.11.1,0.23131505,1.3862944,2.0,0.6365142,2.0
aws-cli/1.16.5 Python/2.7.10 Darwin/17.7.0 botocore/1.11.5,0.23131505,1.3862944,2.0,0.6365142,2.0
aws-cli/1.2.9 Python/3.4.0 Linux/3.13.0-48-generic,0.23128794,2.4849067,7.0,1.8462201,3.0
aws-cli/1.11.28 Python/2.7.13 Darwin/16.0.0 botocore/1.4.85,0.23054408,2.3025851,8.0,2.043192,2.0
[aws-cli/1.16.113 Python/3.6.5rc1 Linux/4.14.0-kali3-amd64 botocore/1.12.103],0.23035794,3.4339871,2.0,0.24493003,28.0
aws-cli/1.11.13 Python/3.5.2 Linux/4.4.0-119-generic botocore/1.4.70,0.22796398,1.9459101,3.0,1.0114043,3.0
aws-cli/1.14.66 Python/2.7.10 Darwin/17.6.0 botocore/1.9.19,0.22707899,2.6390574,6.0,1.6260207,5.0
aws-cli/1.15.36 Python/2.7.10 Darwin/18.6.0 botocore/1.12.74,0.22703092,3.6109178,4.0,0.46435663,32.0
aws-cli/1.15.30 Python/3.6.5 Darwin/17.5.0 botocore/1.10.30,0.22694361,4.9416423,41.0,2.7971911,40.0
[Boto3/1.13.1 Python/2.7.18 Linux/5.4.0-kali3-amd64 Botocore/1.15.7 Resource],0.22685623,1.3862944,1.0,0.0,3.0
[Boto3/1.14.13 Python/3.8.5 Linux/5.6.0-kali2-amd64 Botocore/1.17.13],0.22665404,3.4965076,16.0,2.7725887,2.0
[Boto3/1.14.41 Python/3.7.3 Linux/4.19.0-kali1-amd64 Botocore/1.17.41],0.22635452,5.220356,11.0,2.2692597,20.0
[aws-cli/1.15.30 Python/3.6.5 Darwin/17.5.0 botocore/1.10.30],0.22617684,4.0253515,5.0,1.4680722,21.0
[aws-cli/1.15.61 Python/3.6.6 Linux/4.16.0-kali2-amd64 botocore/1.10.60],0.22617684,4.0253515,5.0,1.4680722,21.0
aws-cli/1.15.25 Python/3.6.4 Darwin/17.6.0 botocore/1.10.25,0.22610268,0.6931472,1.0,0.0,1.0
aws-cli/1.11.118 Python/3.6.1 Linux/4.11.9-1-ARCH botocore/1.5.81,0.22565451,2.4849067,2.0,0.3046361,10.0
[Boto3/1.14.16 Python/2.7.16 Darwin/19.3.0 Botocore/1.17.16],0.22558148,2.4849067,2.0,0.3046361,10.0
[Boto3/1.12.22 Python/2.7.17 Linux/5.4.0-kali3-amd64 Botocore/1.15.22],0.22558148,2.4849067,2.0,0.3046361,10.0
[Boto3/1.4.6 Python/2.7.17 Linux/5.4.0-2-amd64 Botocore/1.13.28],0.2252151,2.4849067,2.0,0.3046361,10.0
[Boto3/1.13.19 Python/2.7.18 Linux/5.4.0-kali4-amd64 Botocore/1.16.19],0.2252151,2.4849067,2.0,0.3046361,10.0
Boto3/1.9.210 Python/2.7.10 Darwin/18.7.0 Botocore/1.12.210,0.22492717,7.238497,623.0,6.2911844,24.0
fms.amazonaws.com,0.22467592,3.4339871,2.0,0.6931472,15.0
aws-cli/1.11.55 Python/2.7.10 Linux/4.2.0-42-generic botocore/1.5.18,0.2244292,4.644391,8.0,0.8440817,76.0
Boto3/1.13.16 Python/2.7.17 Linux/4.15.0-1057-aws Botocore/1.16.16,0.22420892,5.4467373,29.0,2.8781781,25.0
[aws-cli/1.16.81 Python/2.7.9 Darwin/15.6.0 botocore/1.12.71],0.22400516,2.9957323,2.0,0.33649576,17.0
[aws-cli/1.11.40 Python/3.5.2 Linux/4.9.9-200.fc25.x86_64 botocore/1.5.3],0.22388706,0.6931472,1.0,0.0,1.0
"[S3Console/0.4, aws-internal/3 aws-sdk-java/1.11.408 Linux/4.9.93-0.1.ac.178.67.327.metal1.x86_64 OpenJDK_64-Bit_Server_VM/25.181-b13 java/1.8.0_181]",0.22370693,1.609438,3.0,1.0397208,2.0
[Boto3/1.14.43 Python/2.7.16 Linux/4.19.0-kali5-amd64 Botocore/1.17.43],0.22368467,2.4849067,2.0,0.3046361,10.0
"Mozilla/5.0 (Macintosh; Intel Mac OS X 10_12_5) AppleWebKit/537.36 (KHTML, like Gecko) Chrome/58.0.3029.110 Safari/537.36",0.22360042,2.0794415,2.0,0.68290806,4.0
aws-cli/1.11.129 Python/2.7.12 Darwin/14.5.0 botocore/1.5.92,0.22358741,4.2904596,22.0,2.5991879,22.0
[aws-cli/1.11.13 Python/3.5.2 Linux/4.4.0-112-generic botocore/1.4.70],0.2230188,2.7080503,3.0,0.65597576,11.0
aws-cli/1.16.169 Python/2.7.16 Darwin/18.6.0 botocore/1.12.159,0.22283722,3.218876,10.0,2.2538576,4.0
aws-cli/1.11.36 Python/2.7.11 Darwin/15.6.0 botocore/1.4.93,0.22272174,2.8332133,3.0,0.60192394,13.0
Boto3/1.14.51 Python/2.7.18 Linux/4.19.76-linuxkit Botocore/1.17.51,0.22267658,5.676754,18.0,2.1907892,114.0
aws-cli/1.16.176 Python/3.7.3 Darwin/18.6.0 botocore/1.12.166,0.2224494,4.6151204,15.0,1.9002886,50.0
Boto3/1.7.48 Python/3.7.6 Linux/4.4.0-039049-Microsoft Botocore/1.10.48,0.22053465,5.855072,91.0,3.6012661,34.0
aws-cli/1.2.9 Python/3.4.3 Linux/3.13.0-170-generic,0.22013845,2.3025851,4.0,1.2730284,4.0
aws-cli/1.16.242 Python/3.7.3rc1 Linux/4.19.0-kali4-amd64 botocore/1.12.232,0.21989615,3.8286414,11.0,1.4752107,28.0
[Boto3/1.9.145 Python/3.7.2 Linux/4.9.0-9-amd64 Botocore/1.12.208],0.21960565,4.65396,7.0,1.7372196,20.0
[Boto3/1.9.145 Python/3.7.3 Linux/4.15.0-55-generic Botocore/1.12.211],0.21958336,1.9459101,2.0,0.6365142,4.0
aws-cli/2.0.44 Python/3.7.7 Windows/10 exe/AMD64 command/ec2.describe-snapshots,0.21861908,4.6821313,1.0,0.0,107.0
[aws-cli/1.16.168 Python/3.6.7 Linux/4.15.0-50-generic botocore/1.12.158],0.21845756,4.59512,6.0,1.6810057,24.0
aws-cli/1.16.260 Python/3.5.2 Linux/4.4.0-57-generic botocore/1.12.250,0.21833967,4.204693,17.0,1.7604959,35.0
[Boto3/1.9.95 Python/2.7.10 Darwin/17.7.0 Botocore/1.12.95],0.21816647,3.6635616,5.0,0.92690754,28.0
[aws-cli/1.11.13 Python/3.5.2 Linux/4.4.0-67-generic botocore/1.4.70],0.21751411,1.9459101,3.0,1.0114043,3.0
aws-cli/2.0.10 Python/3.8.2 Darwin/19.5.0 botocore/2.0.0dev14,0.21704751,4.8520303,20.0,1.690352,63.0
aws-cli/2.0.49 Python/3.7.4 Darwin/19.6.0 exe/x86_64 command/iam.get-user,0.21698122,1.9459101,1.0,0.0,6.0
aws-cli/1.16.230 Python/3.7.4 Darwin/18.7.0 botocore/1.12.220,0.2166543,5.645447,30.0,1.3680468,206.0
aws-cli/1.16.50 Python/2.7.15 Windows/10 botocore/1.12.40,0.21658877,4.3438053,9.0,1.2580545,51.0
aws-cli/2.0.50 Python/3.7.7 Windows/10 exe/AMD64 command/apigateway.get-stages,0.21645966,0.6931472,1.0,0.0,1.0
aws-cli/1.11.30 Python/3.5.2 Windows/10 botocore/1.4.87,0.21554543,2.4849067,3.0,0.6001661,9.0
aws-cli/2.0.40 Python/3.8.5 Darwin/19.6.0 source/x86_64 command/iam.list-attached-user-policies,0.21532601,0.6931472,1.0,0.0,1.0
aws-cli/1.17.14 Python/3.8.2 Linux/5.4.0-42-generic botocore/1.17.47,0.2142383,1.7917595,3.0,1.0549202,2.0
aws-cli/1.18.5 Python/3.7.0 Windows/10 botocore/1.15.5,0.21399033,4.7095304,20.0,1.3795727,78.0
[aws-cli/1.18.111 Python/3.8.5 Linux/5.7.0-kali1-amd64 botocore/1.17.48],0.21393514,2.1972246,7.0,1.9061546,2.0
aws-cli/1.15.11 Python/3.6.5 Linux/4.8.6-078388-generic botocore/1.10.11,0.21389239,3.583519,4.0,0.70568657,27.0
aws-cli/1.16.80 Python/3.7.1 Darwin/18.2.0 botocore/1.12.70,0.21358635,1.0986123,2.0,0.6931472,1.0
aws-cli/1.15.33 Python/2.7.10 Darwin/17.7.0 botocore/1.10.33,0.21358635,1.0986123,2.0,0.6931472,1.0
aws-cli/1.16.122 Python/3.5.2 Linux/4.15.0-29-generic botocore/1.12.112,0.21356279,5.888878,12.0,0.60176796,320.0
"AWS Organizations Console, aws-internal/3 aws-sdk-java/1.11.367 Linux/4.9.110-0.1.ac.201.71.329.metal1.x86_64 OpenJDK_64-Bit_Server_VM/25.181-b13 java/1.8.0_181",0.21242933,0.6931472,1.0,0.0,1.0
[aws-cli/2.0.30 Python/3.8.3 Darwin/19.5.0 botocore/2.0.0dev34],0.21222606,0.6931472,1.0,0.0,1.0
[aws-cli/1.15.51 Python/2.7.15 Linux/4.16.0-kali2-amd64 botocore/1.10.50],0.21176246,4.0073333,5.0,1.4380616,21.0
Boto3/1.7.48 Python/3.7.6 Darwin/18.7.0 Botocore/1.10.48,0.2114751,3.5263605,24.0,3.0447063,4.0
aws-cli/2.0.38 Python/3.7.4 Darwin/19.6.0 exe/x86_64 command/apigateway.get-stages,0.2114723,0.6931472,1.0,0.0,1.0
[aws-cli/1.11.47 Python/2.7.6 Linux/3.19.0-61-generic botocore/1.5.10],0.21109292,0.6931472,1.0,0.0,1.0
aws-cli/1.16.280 Python/3.7.5 Darwin/18.7.0 botocore/1.13.16,0.21101901,4.0430512,17.0,1.8221339,32.0
aws-cli/1.7.36 Python/2.7.12 Linux/4.4.0-53-generic,0.21091403,1.3862944,1.0,0.0,3.0
aws-cli/2.0.39 Python/3.7.4 Darwin/19.6.0 exe/x86_64 command/sts.get-caller-identity,0.2108115,1.0986123,1.0,0.0,2.0
aws-cli/1.18.76 Python/3.7.3 Linux/4.4.0-76667-Microsoft botocore/1.16.26,0.21020101,3.5553482,1.0,0.0,34.0
aws-cli/1.11.156 Python/2.7.10 Darwin/16.7.0 botocore/1.7.14,0.21017341,3.295837,11.0,1.7955399,13.0
[aws-sdk-go/1.8.11 (go1.8; linux; amd64)],0.20978098,4.3438053,3.0,0.8569977,40.0
aws-cli/2.0.17 Python/3.7.4 Darwin/19.5.0 botocore/2.0.0dev21,0.20972756,3.8286414,6.0,1.3234117,25.0
aws-cli/2.0.0dev2 Python/3.7.3 Linux/4.4.0-01985-Microsoft botocore/2.0.0dev1,0.20967914,1.0986123,2.0,0.6931472,1.0
AWS Internal,0.20949122,5.2832036,5.0,0.71012557,143.0
[Boto3/1.11.6 Python/2.7.17 Linux/5.4.0-kali2-amd64 Botocore/1.14.6],0.20945904,2.4849067,2.0,0.3046361,10.0
[Boto3/1.14.16 Python/2.7.18 Linux/5.6.0-kali2-amd64 Botocore/1.17.16],0.20945904,2.4849067,2.0,0.3046361,10.0
[Boto3/1.4.7 Python/2.7.16 Linux/4.19.0-6-amd64 Botocore/1.7.48],0.20945904,2.4849067,2.0,0.3046361,10.0
aws-cli/1.11.122 Python/2.7.12 Linux/4.4.0-101-generic botocore/1.5.85,0.2093961,3.7841897,9.0,1.013355,33.0
[aws-cli/1.11.38 Python/3.5.2 Darwin/15.6.0 botocore/1.5.1],0.20865206,2.4849067,8.0,2.019815,2.0
aws-cli/1.11.116 Python/2.7.10 Darwin/16.7.0 botocore/1.5.79,0.20847274,3.871201,9.0,1.5468627,24.0
aws-cli/1.16.287 Python/3.6.0 Windows/10 botocore/1.13.23,0.20777246,0.6931472,1.0,0.0,1.0
awslambda-worker/1.0 rusoto/0.42.0 rust/1.42.0 linux,0.20769253,5.4293456,1.0,0.0,227.0
Boto3/1.4.4 Python/3.6.0 Linux/4.9.11-1-ARCH Botocore/1.5.19,0.20648178,4.8598123,11.0,2.254208,14.0
aws-cli/1.16.81 Python/2.7.9 Darwin/15.6.0 botocore/1.12.71,0.2061591,4.317488,12.0,2.322584,14.0
aws-cli/1.14.14 Python/2.7.9 Windows/8 botocore/1.8.18,0.20606142,3.4965076,9.0,1.8093255,13.0
aws-cli/2.0.10 Python/3.7.4 Darwin/18.7.0 botocore/2.0.0dev14,0.20598641,4.0253515,9.0,1.366272,32.0
[aws-cli/1.16.121 Python/3.6.0 Windows/10 botocore/1.12.111],0.20574167,3.1354942,2.0,0.65548176,14.0
aws-cli/1.16.251 Python/2.7.10 Darwin/18.5.0 botocore/1.12.241,0.2053458,4.6051702,4.0,0.469207,87.0
aws-cli/1.15.51 Python/2.7.15rc1 Linux/4.15.0-23-generic botocore/1.10.55,0.2049987,1.609438,4.0,1.3862944,1.0
aws-cli/1.14.52 Python/3.6.5 Darwin/17.6.0 botocore/1.9.5,0.20459527,3.8066626,7.0,0.91747814,33.0
aws-cli/1.11.170 Python/2.7.12 Linux/4.4.0-97-generic botocore/1.7.28,0.20382154,2.6390574,2.0,0.2711894,12.0
Boto3/1.4.2 Python/2.7.15 Linux/4.17.0-3-amd64 Botocore/1.5.19,0.2038036,6.2245584,1.0,0.0,504.0
Boto3/1.12.15 Python/3.7.6 Darwin/19.3.0 Botocore/1.15.15,0.20346265,1.9459101,4.0,1.3296614,2.0
aws-cli/2.0.2 Python/3.7.3 Linux/5.3.0-42-generic botocore/2.0.0dev6,0.20337246,2.9957323,9.0,1.5561838,11.0
aws-cli/1.16.266 Python/3.5.2 Linux/5.3.0-42-generic botocore/1.13.2,0.20329094,4.804021,17.0,1.5756757,63.0
aws-cli/1.16.105 Python/3.7.0 Darwin/18.2.0 botocore/1.12.95,0.20266934,4.744932,9.0,0.8197262,94.0
aws-cli/1.17.5 Python/3.6.0 Windows/10 botocore/1.14.5,0.20254469,5.123964,14.0,1.6650077,98.0
aws-cli/2.0.42 Python/3.7.3 Linux/5.7.0-kali1-amd64 exe/x86_64.kali.2020 command/apigateway.get-stages,0.20253648,1.0986123,1.0,0.0,2.0
[Boto3/1.9.145 Python/3.7.3 Linux/4.15.0-55-generic Botocore/1.12.200],0.20240791,4.65396,7.0,1.7372196,20.0
aws-cli/1.16.78 Python/2.7.12 Linux/4.4.0-53329-Microsoft botocore/1.12.68,0.20165437,3.8501475,10.0,1.7757404,21.0
aws-cli/2.0.0 Python/3.7.4 Darwin/19.3.0 botocore/2.0.0dev4,0.20161407,5.220356,13.0,1.1340264,134.0
aws-cli/1.11.56 Python/2.7.13 Linux/4.9.0-kali1-686-pae botocore/1.5.19,0.20159775,2.7080503,10.0,2.2055984,3.0
aws-cli/1.18.12 Python/3.7.3 Linux/4.19.0-8-amd64 botocore/1.15.12,0.20150211,2.5649493,2.0,0.28683597,11.0
[aws-cli/1.15.30 Python/2.7.9 Windows/8 botocore/1.10.30],0.20147118,1.609438,2.0,0.6931472,2.0
aws-cli/1.18.6 Python/3.6.9 Linux/4.15.0-74-generic botocore/1.15.6,0.2013074,6.510258,10.0,0.65624,585.0
"[S3Console/0.4, aws-internal/3 aws-sdk-java/1.11.761 Linux/4.9.217-0.1.ac.205.84.332.metal1.x86_64 OpenJDK_64-Bit_Server_VM/25.242-b08 java/1.8.0_242 vendor/Oracle_Corporation]",0.20127144,5.3423343,7.0,1.7581083,54.0
aws-cli/1.16.99 Python/3.6.7 Linux/4.15.0-45-generic botocore/1.12.89,0.20119597,5.1532917,12.0,1.0261995,132.0
aws-cli/1.11.146 Python/2.7.10 Darwin/16.7.0 botocore/1.7.4,0.20100495,2.7080503,2.0,0.25731868,13.0
aws-cli/1.11.121 Python/2.7.10 Darwin/16.7.0 botocore/1.5.84,0.20100495,2.7080503,2.0,0.25731868,13.0
aws-sdk-nodejs/2.3.14 darwin/v4.3.2,0.20092481,3.4339871,1.0,0.0,30.0
aws-cli/1.18.69 Python/3.8.2 Linux/5.4.0-47-generic botocore/1.17.61,0.20069109,1.609438,2.0,0.56233513,3.0
[aws-cli/2.0.36 Python/3.7.3 Linux/5.0.0-38-generic exe/x86_64.ubuntu.19 command/s3api.get-bucket-acl],0.20025857,0.6931472,1.0,0.0,1.0
awslambda-worker/1.0 rusoto/0.42.0 rust/1.43.0 linux,0.20019184,5.4026775,1.0,0.0,221.0
[Boto3/1.4.7 Python/2.7.15rc1 Linux/4.15.0-1035-aws Botocore/1.7.48],0.19997855,3.8918202,15.0,2.6581936,4.0
[Boto3/1.4.7 Python/2.7.0 Java/14 Botocore/1.7.21],0.19930455,2.7725887,15.0,2.7080505,1.0
[Boto3/1.4.7 Python/2.7.2 Java/1.8.0_261 Botocore/1.7.21],0.19930455,2.7725887,15.0,2.7080505,1.0
aws-cli/2.0.15 Python/3.7.4 Darwin/19.5.0 botocore/2.0.0dev19,0.19929786,4.804021,18.0,2.0881274,35.0
aws-cli/1.16.113 Python/3.7.4 Linux/4.19.0-kali5-amd64 botocore/1.12.103,0.19899046,4.1271343,12.0,1.9346486,27.0
aws-cli/2.0.49 Python/3.7.4 Darwin/19.6.0 exe/x86_64 command/iam.list-attached-user-policies,0.19893508,1.3862944,1.0,0.0,3.0
aws-cli/2.0.44 Python/3.7.3 Linux/5.7.0-kali1-amd64 exe/x86_64.kali.2020 command/ec2.create-volume,0.19853784,1.609438,1.0,0.0,4.0
aws-cli/1.11.13 Python/3.5.2 Linux/4.4.0-145-generic botocore/1.4.70,0.19805503,6.1590953,9.0,0.23989134,454.0
aws-cli/1.16.128 Python/2.7.16rc1 Linux/4.19.0-kali3-amd64 botocore/1.12.118,0.19780038,3.1354942,11.0,2.3978953,2.0
aws-cli/2.0.38 Python/3.7.4 Darwin/19.6.0 exe/x86_64 command/ec2.describe-subnets,0.19757634,0.6931472,1.0,0.0,1.0
aws-cli/2.0.31 Python/3.7.3 Linux/5.4.0-40-generic botocore/2.0.0dev35,0.19703281,5.1532917,13.0,0.6394159,151.0
aws-cli/1.16.240 Python/2.7.16 Darwin/18.7.0 botocore/1.12.230,0.19687492,0.6931472,1.0,0.0,1.0
[aws-cli/1.11.47 Python/2.7.3 Linux/3.2.0-4-amd64 botocore/1.5.10],0.19626833,2.944439,1.0,0.0,18.0
[aws-cli/1.14.40 Python/3.6.4 Darwin/17.4.0 botocore/1.8.44],0.19603239,3.1780539,9.0,1.8913188,9.0
aws-cli/1.15.63 Python/2.7.15 Linux/4.18.9-200.fc28.x86_64 botocore/1.11.3,0.19592011,2.3025851,1.0,0.0,9.0
aws-cli/1.16.198 Python/2.7.16 Darwin/19.0.0 botocore/1.12.188,0.19466929,1.3862944,2.0,0.6365142,2.0
[aws-cli/2.0.36 Python/3.7.3 Linux/5.0.0-38-generic exe/x86_64.ubuntu.19 command/s3api.get-bucket-location],0.19445193,0.6931472,1.0,0.0,1.0
[aws-cli/1.18.110 Python/3.6.0 Windows/10 botocore/1.17.33],0.19445193,0.6931472,1.0,0.0,1.0
[Boto3/1.4.7 Python/3.8.5 Linux/5.7.0-kali1-amd64 Botocore/1.7.48],0.1942493,3.4965076,16.0,2.7725887,2.0
aws-cli/2.0.4 Python/3.7.3 Linux/5.4.0-kali4-amd64 botocore/2.0.0dev8,0.19410871,1.3862944,2.0,0.6365142,2.0
[Boto/2.48.0 Python/2.7.0 Java/14],0.19409887,0.6931472,1.0,0.0,1.0
[Boto3/1.14.43 Python/3.8.5 Linux/5.7.0-kali1-amd64 Botocore/1.17.43 Resource],0.19409887,0.6931472,1.0,0.0,1.0
aws-cli/2.0.40 Python/3.7.4 Darwin/19.0.0 exe/x86_64 command/sts.get-caller-identity,0.19368936,0.6931472,1.0,0.0,1.0
[Cyberduck/30.1.75.147573 (Windows 10/10.0) (x86)],0.1927848,0.6931472,1.0,0.0,1.0
[Cyberduck/209.185.2.117193 (Mac OS X/10.12.5) (x86_64)],0.1927848,0.6931472,1.0,0.0,1.0
aws-cli/1.11.75 Python/2.7.10 Darwin/16.5.0 botocore/1.5.38,0.19266999,2.5649493,3.0,0.5660857,10.0
aws-cli/1.11.47 Python/3.5.2 Linux/4.9.0-541777-generic botocore/1.5.10,0.19266999,2.5649493,3.0,0.5660857,10.0
aws-cli/1.15.10 Python/3.6.0 Windows/10 botocore/1.10.10,0.1926207,2.7725887,4.0,0.7201249,12.0
aws-cli/1.16.145 Python/2.7.10 Darwin/18.2.0 botocore/1.12.135,0.19223443,5.043425,10.0,1.2814673,102.0
aws-cli/1.15.36 Python/2.7.12 Linux/4.4.0-104-generic botocore/1.10.36,0.19219704,5.1532917,17.0,1.6072783,90.0
aws-cli/1.16.130 Python/2.7.16rc1 Linux/4.19.0-kali3-amd64 botocore/1.12.120,0.19195093,5.733341,24.0,1.8575745,154.0
aws-cli/1.16.91 Python/3.7.2 Windows/10 botocore/1.12.81,0.1918845,4.4886365,22.0,2.3359249,34.0
aws-cli/1.16.72 Python/2.7.10 Darwin/17.7.0 botocore/1.12.95,0.19158268,5.370638,14.0,1.0571411,166.0
aws-cli/1.15.75 Python/2.7.15+ Linux/4.4.0-53329-Microsoft botocore/1.12.73,0.19103128,1.0986123,2.0,0.6931472,1.0
aws-cli/1.18.74 Python/3.8.3rc1 Linux/5.6.0-kali1-amd64 botocore/1.16.24,0.19099109,1.0986123,2.0,0.6931472,1.0
[aws-cli/1.10.58 Python/2.7.11 Darwin/15.3.0 botocore/1.4.60],0.1908908,2.4849067,6.0,1.5403059,5.0
aws-sdk-nodejs/2.3.14 darwin/v4.8.3,0.19080243,0.6931472,1.0,0.0,1.0
aws-cli/1.2.9 Python/3.4.3 Linux/3.4.0+,0.1907725,3.8501475,8.0,1.2347252,29.0
[aws-cli/1.10.1 Python/3.5.2+ Linux/4.6.0-kali1-amd64 botocore/1.3.23],0.19065474,0.6931472,1.0,0.0,1.0
aws-sdk-go/1.25.3 (go1.12.13; linux; amd64) APN/1.0 HashiCorp/1.0 Terraform/0.12.24,0.19054386,1.0986123,1.0,0.0,2.0
[aws-cli/1.11.55 Python/2.7.9 Linux/4.8.6-x86_64-linode78 botocore/1.5.18],0.19051059,0.6931472,1.0,0.0,1.0
aws-cli/1.16.193 Python/2.7.16 Linux/4.4.0-039049-Microsoft botocore/1.12.183,0.19049327,5.187386,12.0,1.2422688,118.0
aws-cli/1.16.313 Python/3.6.9 Linux/5.0.0-36-generic botocore/1.13.49,0.19039842,3.8918202,14.0,1.6010472,30.0
aws-internal/3 aws-sdk-java/1.11.523 Linux/4.9.137-0.1.ac.218.74.329.metal1.x86_64 OpenJDK_64-Bit_Server_VM/25.202-b08 java/1.8.0_202 vendor/Oracle_Corporation,0.19028877,3.1354942,1.0,0.0,22.0
aws-cli/1.14.20 Python/3.6.4 Darwin/17.4.0 botocore/1.8.24,0.18981421,3.1354942,13.0,2.3265433,6.0
aws-cli/1.15.85 Python/3.4.7 Linux/4.9.124-0.1.ac.198.71.329.metal1.x86_64 botocore/1.10.84,0.18958497,4.4998097,16.0,1.2657478,65.0
aws-cli/1.16.190 Python/3.7.4 Darwin/18.7.0 botocore/1.12.180,0.18939789,4.7706847,3.0,0.1355678,114.0
aws-cli/1.11.38 Python/2.7.5 Linux/3.10.0-514.2.2.el7.x86_64 botocore/1.5.1,0.18916923,1.3862944,3.0,1.0986123,1.0
aws-cli/1.16.303 Python/3.8.0 Linux/5.4.5-arch1-1 botocore/1.13.39,0.18843679,1.609438,3.0,1.0397208,2.0
aws-cli/1.16.301 Python/3.6.9 Linux/4.4.0-01985-Microsoft botocore/1.13.37,0.1884056,3.218876,6.0,1.2108694,15.0
[aws-cli/1.10.17 Python/2.7.12 Darwin/16.4.0 botocore/1.4.8],0.18835612,0.6931472,1.0,0.0,1.0
aws-cli/1.14.18 Python/2.7.10 Darwin/16.7.0 botocore/1.8.29,0.18788831,4.4308167,23.0,2.377658,35.0
Coral/Netty4,0.18773775,6.8501263,11.0,0.34037277,886.0
[Boto3/1.12.36 Python/2.7.16 Linux/4.9.184-linuxkit Botocore/1.15.36],0.18760076,2.9957323,2.0,0.6806295,11.0
aws-cli/2.0.28 Python/3.7.3 Linux/5.6.0-kali2-amd64 botocore/2.0.0dev32,0.18754287,4.955827,6.0,0.6614133,119.0
aws-cli/2.0.12 Python/3.7.4 Darwin/19.4.0 botocore/2.0.0dev16,0.18752679,2.5649493,6.0,1.4735024,6.0
aws-cli/1.16.113 Python/3.7.2+ Linux/4.18.0-kali2-amd64 botocore/1.12.103,0.18741399,4.1108737,11.0,1.7202026,32.0
aws-cli/1.16.160 Python/3.7.3 Darwin/18.6.0 botocore/1.12.104,0.18723008,4.727388,12.0,1.6244041,66.0
aws-cli/1.16.96 Python/2.7.15rc1 Linux/4.15.0-47-generic botocore/1.12.86,0.18720502,2.8332133,1.0,0.0,16.0
aws-cli/1.16.259 Python/3.6.0 Windows/10 botocore/1.12.249,0.18681292,5.1474943,14.0,1.2890725,119.0
aws-cli/1.16.52 Python/2.7.15+ Linux/4.4.0-53329-Microsoft botocore/1.12.42,0.18653302,1.7917595,3.0,1.0549202,2.0
aws-cli/1.11.13 Python/3.5.2 Linux/4.8.0-39-generic botocore/1.4.70,0.18614154,2.944439,4.0,0.6336633,15.0
Boto3/1.9.145 Python/3.7.3 Linux/4.15.0-55-generic Botocore/1.12.211,0.18607491,3.4965076,5.0,0.9089087,24.0
aws-cli/1.16.10 Python/3.6.5 Linux/4.15.0-36-generic botocore/1.12.0,0.18583962,3.4965076,9.0,1.0821955,24.0
aws-cli/1.11.56 Python/3.6.0 Linux/4.9.11-1-ARCH botocore/1.5.19,0.18563494,4.0253515,12.0,1.5793535,29.0
aws-cli/1.11.93 Python/2.7.13 Darwin/15.6.0 botocore/1.5.56,0.18560632,2.4849067,5.0,1.3667111,5.0
aws-cli/1.10.50 Python/2.7.10 Linux/4.4.0-66-generic botocore/1.4.40,0.1852881,0.6931472,1.0,0.0,1.0
aws-cli/2.0.42 Python/3.7.3 Linux/5.4.0-42-generic exe/x86_64.ubuntu.18 command/apigateway.get-rest-api,0.1852881,0.6931472,1.0,0.0,1.0
aws-cli/2.0.54 Python/3.8.5 Darwin/18.7.0 source/x86_64 command/apigateway.get-rest-api,0.1852881,0.6931472,1.0,0.0,1.0
aws-cli/1.16.43 Python/2.7.15 Linux/3.10.0-862.14.4.el7.x86_64 botocore/1.12.33,0.18498173,2.1972246,2.0,0.6931472,4.0
"[AWSCloudTrail, aws-internal/3]",0.1849146,2.7080503,4.0,0.7549968,11.0
aws-cli/1.11.55 Python/2.7.13 Darwin/16.6.0 botocore/1.4.93,0.18483062,3.5263605,14.0,2.1875432,11.0
aws-cli/1.11.105 Python/2.7.13 Darwin/17.3.0 botocore/1.5.68,0.18478987,2.5649493,2.0,0.28683597,11.0
aws-cli/1.16.291 Python/2.7.10 Darwin/16.7.0 botocore/1.13.27,0.18464538,4.204693,7.0,1.5102706,32.0
aws-cli/2.0.50 Python/3.7.7 Windows/10 exe/AMD64 command/iam.get-user,0.18444961,1.0986123,1.0,0.0,2.0
aws-cli/1.16.102 Python/2.7.16 Linux/4.14.123-111.109.amzn2.x86_64 botocore/1.12.92,0.18442833,4.189655,11.0,1.9729673,20.0
aws-cli/1.15.68 Python/3.6.6 Linux/4.16.0-kali2-amd64 botocore/1.10.67,0.18442665,4.0775375,17.0,2.0342636,27.0
aws-cli/1.11.87 Python/2.7.12+ Linux/4.3.0-kali1-amd64 botocore/1.5.50,0.18398766,2.5649493,3.0,0.5660857,10.0
aws-cli/1.11.13 Python/3.5.2 Linux/4.4.0-103-generic botocore/1.4.70,0.18386689,4.3438053,12.0,2.0578554,28.0
aws-cli/1.17.9 Python/3.7.0 Darwin/19.4.0 botocore/1.14.9,0.18386036,1.0986123,2.0,0.6931472,1.0
aws-cli/1.18.72 Python/2.7.18 Linux/5.4.0-kali3-amd64 botocore/1.16.22,0.18386036,1.0986123,2.0,0.6931472,1.0
[aws-cli/1.16.110 Python/3.6.4 Darwin/17.7.0 botocore/1.12.66],0.1835688,2.8332133,6.0,1.732868,4.0
aws-cli/1.16.253 Python/2.7.10 Darwin/18.7.0 botocore/1.12.243,0.1832124,4.3438053,4.0,0.63070005,62.0
S3 Browser 8-4-1 https://s3browser.com,0.18281807,2.3025851,3.0,1.0986123,3.0
aws-cli/2.0.22 Python/3.7.3 Linux/4.9.0-12-amd64 botocore/2.0.0dev26,0.18258329,3.9318256,10.0,1.2359942,35.0
[Boto3/1.12.43 Python/3.8.5 Linux/5.7.0-kali1-amd64 Botocore/1.15.49],0.1823506,4.65396,11.0,2.2704098,20.0
aws-cli/1.18.97 Python/2.7.18 Linux/4.4.0-76667-Microsoft botocore/1.17.20,0.18225648,3.0445225,4.0,1.2968441,8.0
aws-cli/1.16.170 Python/3.7.3 Darwin/18.5.0 botocore/1.12.160,0.1819264,2.5649493,5.0,1.5607104,4.0
aws-cli/1.16.113 Python/3.7.3 Linux/5.1.0-parrot1-3t-amd64 botocore/1.12.103,0.18167777,5.8493247,17.0,1.271582,254.0
aws-cli/1.16.215 Python/3.7.4 Linux/5.2.5-arch1-1-ARCH botocore/1.12.205,0.18147612,3.5553482,13.0,2.5070264,4.0
aws-cli/1.16.15 Python/2.7.15rc1 Linux/4.15.0-42-generic botocore/1.12.47,0.18103497,1.0986123,2.0,0.6931472,1.0
aws-cli/1.16.79 Python/2.7.15rc1 Linux/4.15.0-42-generic botocore/1.12.69,0.18103497,1.0986123,2.0,0.6931472,1.0
aws-cli/1.16.74 Python/3.6.0 Windows/10 botocore/1.12.64,0.18103497,1.0986123,2.0,0.6931472,1.0
aws-cli/1.16.74 Python/2.7.15+ Linux/4.18.0-kali2-amd64 botocore/1.12.64,0.18103497,1.0986123,2.0,0.6931472,1.0
aws-cli/1.16.62 Python/2.7.10 Darwin/17.7.0 botocore/1.12.52,0.18103497,1.0986123,2.0,0.6931472,1.0
aws-cli/1.16.69 Python/2.7.10 Darwin/17.7.0 botocore/1.12.59,0.18103497,1.0986123,2.0,0.6931472,1.0
aws-cli/1.16.74 Python/3.6.0 Windows/7 botocore/1.12.64,0.18103497,1.0986123,2.0,0.6931472,1.0
aws-cli/1.14.58 Python/3.6.3 Windows/10 botocore/1.9.11,0.18103497,1.0986123,2.0,0.6931472,1.0
aws-cli/1.17.17 Python/3.8.5 Linux/5.8.10-200.fc32.x86_64 botocore/1.14.17,0.18103497,1.0986123,2.0,0.6931472,1.0
Boto3/1.9.182 Python/3.7.2 Darwin/18.0.0 Botocore/1.12.182,0.18078963,1.0986123,2.0,0.6931472,1.0
aws-cli/1.16.230 Python/3.7.5 Darwin/19.0.0 botocore/1.12.233,0.18069682,3.218876,2.0,0.17320523,23.0
Boto3/1.7.4 Python/3.7.2+ Linux/4.4.0-01985-Microsoft Botocore/1.12.110,0.18067092,6.4118185,296.0,5.6759863,8.0
aws-cli/1.11.2 Python/2.7.10 Darwin/16.4.0 botocore/1.4.60,0.18039759,4.1108737,11.0,1.6518567,32.0
aws-cli/1.16.96 Python/3.7.2 Windows/10 botocore/1.12.86,0.18026842,1.0986123,2.0,0.6931472,1.0
aws-cli/2.0.2 Python/3.7.5 Windows/10 botocore/2.0.0dev6,0.18015537,5.187386,16.0,1.0655072,139.0
aws-cli/1.11.46 Python/2.7.6 Linux/3.13.0-110-generic botocore/1.5.9,0.18009257,3.218876,14.0,2.2385702,9.0
[Boto3/1.13.0 Python/3.7.5 Linux/5.3.0-46-generic Botocore/1.16.0],0.18004818,3.9702919,7.0,1.7372196,10.0
[Boto3/1.14.15 Python/2.7.18 Linux/5.8.0-kali1-amd64 Botocore/1.17.15 Resource],0.18004127,0.6931472,1.0,0.0,1.0
[Boto3/1.13.13 Python/3.8.2 Linux/5.4.0-47-generic Botocore/1.17.16 Resource],0.17987075,0.6931472,1.0,0.0,1.0
Boto3/1.12.39 Python/3.7.7 OpenBSD/6.7 Botocore/1.15.39,0.17974275,1.7917595,3.0,0.95027053,3.0
aws-cli/1.16.210 Python/3.7.4 Darwin/18.7.0 botocore/1.12.200,0.17970864,5.187386,16.0,1.8024302,92.0
aws-sdk-go/1.29.20 (go1.13.7; windows; amd64) APN/1.0 HashiCorp/1.0 Terraform/0.11+compatible (+https://www.terraform.io),0.17969856,3.871201,16.0,2.3526888,11.0
aws-cli/1.16.260 Python/2.7.16 Darwin/17.7.0 botocore/1.12.250,0.17931001,4.4886365,9.0,1.2972634,57.0
aws-cli/2.0.50 Python/3.7.3 Linux/5.5.0-kali2-amd64 exe/x86_64.kali.2020 command/ec2.describe-snapshots,0.1792845,4.26268,1.0,0.0,70.0
aws-cli/1.14.30 Python/3.6.4 Darwin/16.7.0 botocore/1.8.34,0.17891645,3.988984,3.0,0.59985226,41.0
[Boto3/1.15.3 Python/3.8.2 Linux/4.4.0-31473-Microsoft Botocore/1.18.3 Resource],0.17884056,0.6931472,1.0,0.0,1.0
[aws-cli/1.18.69 Python/3.6.9 Linux/5.3.0-1035-aws botocore/1.16.19],0.17884056,0.6931472,1.0,0.0,1.0
[Boto3/1.12.43 Python/3.8.2 Linux/5.4.0-48-generic Botocore/1.15.49 Resource],0.17884056,0.6931472,1.0,0.0,1.0
aws-cli/2.0.44 Python/3.7.7 Windows/10 exe/AMD64 command/sts.get-caller-identity,0.17873117,2.3025851,1.0,0.0,9.0
aws-cli/1.11.13 Python/3.5.2 Linux/4.4.0-31-generic botocore/1.4.70,0.17838435,5.620401,19.0,2.4762104,42.0
aws-cli/1.16.207 Python/3.6.0 Windows/10 botocore/1.12.197,0.17819628,3.713572,7.0,1.591093,18.0
aws-cli/1.16.197 Python/2.7.16 Linux/4.4.0-01985-Microsoft botocore/1.12.187,0.17808312,3.4965076,8.0,1.8903627,10.0
[Boto/2.48.0 Python/2.7.2 Java/1.8.0_261],0.17791414,0.6931472,1.0,0.0,1.0
aws-cli/1.14.17 Python/2.7.10 Darwin/16.7.0 botocore/1.8.21,0.17783333,4.4886365,15.0,1.6672242,54.0
aws-cli/2.0.46 Python/3.7.7 Windows/10 exe/AMD64 command/ec2.describe-instances,0.1775771,0.6931472,1.0,0.0,1.0
aws-cli/1.14.50 Python/2.7.12+ Linux/4.8.0-kali1-amd64 botocore/1.9.3,0.1775659,3.1780539,3.0,0.88718516,15.0
aws-cli/1.12.2 Python/3.5.1 Darwin/15.6.0 botocore/1.8.2,0.1774349,1.3862944,3.0,1.0986123,1.0
aws-cli/1.14.30 Python/3.6.4 Darwin/17.7.0 botocore/1.8.34,0.17737834,3.1780539,2.0,0.1788449,22.0
aws-cli/1.16.257 Python/2.7.16 Darwin/19.0.0 botocore/1.12.247,0.17736575,4.6821313,26.0,2.1580286,56.0
aws-cli/1.11.56 Python/3.4.3 Linux/3.4.0+ botocore/1.5.19,0.17719452,3.9512436,20.0,2.6761086,11.0
aws-cli/1.16.81 Python/3.7.2+ Linux/4.4.0-01985-Microsoft botocore/1.12.71,0.17709237,4.2341065,13.0,2.3718793,12.0
aws-cli/1.15.22 Python/3.6.4 Darwin/17.5.0 botocore/1.10.22,0.17706926,2.8903718,3.0,0.708688,13.0
[Boto3/1.15.2 Python/2.7.16 Darwin/19.3.0 Botocore/1.18.2 Resource],0.17681028,0.6931472,1.0,0.0,1.0
[aws-cli/1.18.92 Python/2.7.17 Linux/5.3.0-62-generic botocore/1.17.15],0.17665829,0.6931472,1.0,0.0,1.0
aws-cli/2.0.40 Python/3.8.5 Darwin/19.6.0 source/x86_64 command/apigateway.get-stages,0.17652461,1.0986123,1.0,0.0,2.0
[aws-cli/1.15.33 Python/3.6.5 Linux/4.16.13-2-ARCH botocore/1.10.33],0.17648546,2.3025851,3.0,0.8486856,6.0
aws-cli/2.0.42 Python/3.7.7 Windows/10 exe/AMD64 command/ec2.describe-snapshots,0.17626771,4.5325994,1.0,0.0,92.0
aws-sdk-go/1.1.0 (go1.5.2; darwin; amd64),0.17622319,6.115892,25.0,2.7941892,33.0
aws-cli/1.16.183 Python/3.5.2 Linux/4.4.0-112-generic botocore/1.12.173,0.17557493,4.0073333,4.0,0.47090012,48.0
aws-cli/1.16.224 Python/3.6.0 Windows/10 botocore/1.12.214,0.17543092,1.609438,2.0,0.56233513,3.0
aws-cli/1.16.203 Python/2.7.16 Linux/4.19.0-kali4-amd64 botocore/1.12.193,0.17527819,4.394449,10.0,1.2392831,56.0
aws-cli/1.11.158 Python/2.7.6 Linux/4.4.0-43-Microsoft botocore/1.7.16,0.17452566,2.8903718,5.0,0.99761486,12.0
aws-cli/2.0.46 Python/3.7.7 Windows/10 exe/AMD64 command/ec2.describe-volumes,0.17450343,0.6931472,1.0,0.0,1.0
Boto3/1.4.7 Python/2.7.13 Darwin/16.7.0 Botocore/1.7.38 Resource,0.17450343,0.6931472,1.0,0.0,1.0
aws-cli/1.16.102 Python/2.7.16 Linux/4.14.154-99.181.amzn1.x86_64 botocore/1.12.92,0.17450343,0.6931472,1.0,0.0,1.0
aws-cli/2.0.38 Python/3.7.4 Darwin/19.6.0 exe/x86_64 command/ec2.describe-volumes,0.17450343,0.6931472,1.0,0.0,1.0
aws-cli/2.0.48 Python/3.7.3 Linux/5.4.0-47-generic exe/x86_64.ubuntu.20 command/apigateway.get-stages,0.17447881,1.0986123,1.0,0.0,2.0
aws-cli/1.16.200 Python/3.7.4 Darwin/18.6.0 botocore/1.12.190,0.17444049,4.905275,7.0,0.8455235,106.0
aws-cli/2.0.42 Python/3.7.3 Linux/5.4.0-42-generic exe/x86_64.ubuntu.18 command/sts.get-caller-identity,0.17419642,0.6931472,1.0,0.0,1.0
[aws-cli/1.15.68 Python/3.6.6 Linux/4.16.0-kali2-amd64 botocore/1.10.67],0.17375919,2.7080503,10.0,2.064258,5.0
Boto3/1.4.4 Python/2.7.13 Darwin/16.7.0 Botocore/1.5.49,0.17375368,3.4339871,15.0,2.3577507,7.0
aws-cli/1.16.225 Python/3.6.0 Windows/10 botocore/1.12.215,0.17375323,1.609438,2.0,0.56233513,3.0
aws-cli/2.0.46 Python/3.7.7 Windows/10 exe/AMD64 command/iam.get-user,0.17368491,0.6931472,1.0,0.0,1.0
Boto3/1.13.16 Python/3.7.6 Linux/5.4.0-kali3-amd64 Botocore/1.16.16,0.17353211,7.659643,622.0,6.317341,21.0
aws-cli/1.16.217 Python/3.7.2 Windows/10 botocore/1.12.207,0.17330416,4.4188404,2.0,0.26176447,76.0
aws-cli/1.18.11 Python/2.7.17 Linux/5.0.0-32-generic botocore/1.15.11,0.17320798,4.1743875,10.0,1.3030545,40.0
aws-cli/1.16.193 Python/2.7.10 Darwin/18.7.0 botocore/1.12.183,0.17262535,3.8286414,3.0,0.7998008,28.0
[Boto3/1.14.6 Python/3.8.4 Linux/5.5.0-kali2-amd64 Botocore/1.17.6],0.17235926,4.59512,11.0,2.3571818,10.0
[aws-cli/1.16.198 Python/2.7.16 Darwin/19.5.0 botocore/1.12.188],0.17195491,0.6931472,1.0,0.0,1.0
[aws-cli/1.16.153 Python/2.7.15rc1 Linux/4.15.0-1035-aws botocore/1.12.143],0.17154376,1.609438,1.0,0.0,4.0
aws-cli/1.18.69 Python/3.8.2 Linux/5.4.0-42-generic botocore/1.16.19,0.17145598,4.882802,15.0,1.4026773,85.0
Boto3/1.7.1 Python/2.7.12 Linux/4.4.0-53329-Microsoft Botocore/1.10.1,0.17126665,6.3279366,57.0,3.7567618,30.0
aws-cli/1.16.155 Python/2.7.10 Darwin/17.7.0 botocore/1.12.145,0.17071037,2.7080503,4.0,1.2770343,6.0
aws-cli/1.11.13 Python/3.5.2 Linux/4.4.0-83-generic botocore/1.4.70,0.1704061,5.09375,12.0,0.8881856,133.0
aws-cli/1.16.171 Python/3.7.1 Darwin/18.6.0 botocore/1.12.161,0.17002855,4.7791233,6.0,0.90682054,90.0
aws-cli/1.16.269 Python/3.7.4 Linux/5.2.0-kali2-amd64 botocore/1.12.253,0.1699358,1.7917595,2.0,0.67301166,3.0
aws-cli/1.16.283 Python/3.6.8 Linux/4.14.128-87.105.amzn1.x86_64 botocore/1.13.19,0.16953883,5.081404,23.0,1.5521214,81.0
AWSPowerShell/236.78.148.42 .NET_Runtime/4.0 .NET_Framework/4.0 OS/Microsoft_Windows_NT_10.0.41693.0  WindowsPowerShell/5.0 ClientSync,0.16927803,1.9459101,2.0,0.6931472,3.0
aws-cli/1.16.58 Python/2.7.15+ Linux/4.18.0-kali2-amd64 botocore/1.12.48,0.16899791,4.8202815,12.0,1.6360228,69.0
aws-cli/1.11.13 Python/3.5.2 Linux/4.10.0-607186-generic botocore/1.4.70,0.16893077,2.944439,3.0,0.55664694,15.0
aws-cli/1.17.9 Python/3.8.1 Darwin/19.3.0 botocore/1.14.9,0.1687249,1.609438,2.0,0.6931472,2.0
[Boto3/1.14.58 Python/3.8.1 Darwin/19.6.0 Botocore/1.17.58 Resource],0.16858579,0.6931472,1.0,0.0,1.0
[aws-sdk-go/1.12.55 (go1.10.1; linux; amd64)],0.16849844,5.327876,3.0,0.73876005,150.0
aws-cli/1.15.51 Python/3.6.3 Linux/4.13.0-45-generic botocore/1.10.50,0.16847889,5.613128,24.0,2.5740502,54.0
aws-cli/1.11.82 Python/2.7.9 Linux/3.16.0-4-amd64 botocore/1.5.49,0.16820715,3.5263605,3.0,0.2706408,31.0
aws-cli/1.10.1 Python/2.7.13 Darwin/17.7.0 botocore/1.3.23,0.167963,1.0986123,1.0,0.0,2.0
"eksctl/{""BuiltAt"":"""",""GitTag"":""0.10.2""} aws-sdk-go/1.25.22 (go1.12.9; darwin; amd64)",0.16787505,1.7917595,4.0,1.3321791,2.0
aws-cli/1.11.58 Python/2.7.10 CYGWIN_NT-10.0-WOW/2.5.2(0.297/5/3) botocore/1.5.21,0.16756006,2.3978953,2.0,0.325083,9.0
aws-cli/1.14.44 Python/3.6.7 Linux/4.15.0-47-generic botocore/1.12.62,0.167439,3.7612002,8.0,1.8590378,14.0
aws-cli/1.16.283 Python/3.7.4 Darwin/19.5.0 botocore/1.13.19,0.16738369,4.7791233,9.0,0.59065104,104.0
Boto3/1.14.3 Python/3.8.3 Linux/5.4.0-kali4-amd64 Botocore/1.17.3,0.16666913,4.912655,11.0,1.8981854,34.0
[aws-cli/1.11.13 Python/3.5.2 Linux/4.13.0-41-generic botocore/1.4.70],0.16652226,0.6931472,1.0,0.0,1.0
aws-cli/1.16.194 Python/3.6.0 Windows/10 botocore/1.12.184,0.16611658,4.1108737,23.0,2.2001855,30.0
[Boto3/1.14.56 Python/3.8.5 Linux/5.7.0-kali3-cloud-amd64 Botocore/1.17.56 Resource],0.16597037,0.6931472,1.0,0.0,1.0
[Boto3/1.14.58 Python/3.7.0 Windows/10 Botocore/1.17.58 Resource],0.16591917,0.6931472,1.0,0.0,1.0
aws-cli/1.17.17 Python/3.7.5 Linux/5.3.0-kali2-amd64 botocore/1.14.17,0.16588901,1.7917595,2.0,0.67301166,3.0
aws-cli/1.16.70 Python/3.7.1 Darwin/17.7.0 botocore/1.12.60,0.16570842,2.8903718,9.0,2.002883,5.0
aws-cli/1.11.166 Python/3.6.2 Darwin/16.7.0 botocore/1.7.24,0.16542293,3.5553482,18.0,2.3417776,13.0
aws-cli/1.16.74 Python/3.6.7 Linux/4.15.0-34-generic botocore/1.12.64,0.16539618,4.8751974,13.0,0.75698483,111.0
aws-cli/1.11.56 Python/3.5.2 Linux/4.10.0-eudyptula-325a7-g28da37e botocore/1.5.19,0.1652603,2.3978953,2.0,0.325083,9.0
aws-cli/1.16.106 Python/3.6.7 Linux/4.15.0-29-generic botocore/1.12.96,0.16521405,5.739793,25.0,1.6229317,202.0
[aws-cli/1.10.20 Python/2.7.9 Linux/4.9.0-kali1-amd64 botocore/1.4.11],0.16518757,0.6931472,1.0,0.0,1.0
aws-cli/1.11.127 Python/2.7.16 Darwin/17.7.0 botocore/1.12.199,0.16505872,2.8903718,11.0,2.3131537,3.0
aws-cli/1.16.300 Python/2.7.16 Linux/4.14.154-128.181.amzn2.x86_64 botocore/1.13.36,0.16490906,3.8066626,5.0,0.87250626,33.0
aws-cli/1.16.95 Python/2.7.10 Darwin/18.5.0 botocore/1.12.85,0.16478086,4.204693,9.0,1.1431868,48.0
aws-cli/1.18.46 Python/3.7.3 Darwin/19.4.0 botocore/1.15.46,0.16443373,4.158883,16.0,1.9215854,32.0
aws-cli/1.16.116 Python/2.7.15rc1 Linux/4.18.0-16-generic botocore/1.12.106,0.1641327,4.26268,9.0,1.9552872,24.0
aws-cli/1.16.152 Python/3.6.5 Linux/4.15.0-55-generic botocore/1.12.183,0.16378419,1.0986123,1.0,0.0,2.0
aws-cli/1.16.197 Python/2.7.12 Linux/4.15.0-51-generic botocore/1.12.187,0.16378419,1.0986123,1.0,0.0,2.0
aws-cli/1.16.219 Python/2.7.13 Linux/4.12.0-kali2-686 botocore/1.12.209,0.16378419,1.0986123,1.0,0.0,2.0
aws-sdk-go/1.4.14 (go1.8; darwin; amd64),0.16348921,2.4849067,2.0,0.6890092,6.0
aws-cli/2.0.15 Python/3.7.3 Linux/4.19.76-linuxkit botocore/2.0.0dev19,0.16336215,1.0986123,1.0,0.0,2.0
[aws-cli/1.15.70 Python/3.7.0 Darwin/17.5.0 botocore/1.10.69],0.16330959,2.1972246,2.0,0.37677017,7.0
aws-cli/1.16.260 Python/3.7.4 Darwin/18.7.0 botocore/1.12.250,0.16326217,5.17615,15.0,1.449706,114.0
aws-cli/1.14.9 Python/2.7.14 Linux/4.14.47-56.37.amzn1.x86_64 botocore/1.8.13,0.16313924,2.1972246,3.0,0.97431475,4.0
[Boto3/1.10.50 Python/3.7.7 Darwin/19.4.0 Botocore/1.13.14 Resource],0.16312444,0.6931472,1.0,0.0,1.0
aws-cli/1.16.120 Python/3.7.2 Darwin/18.5.0 botocore/1.12.110,0.1631102,4.1431346,11.0,1.7746153,30.0
[aws-cli/1.11.56 Python/2.7.9 Windows/8 botocore/1.5.19],0.16285409,2.5649493,2.0,0.28683597,11.0
aws-cli/1.18.3 Python/3.8.1 Linux/5.5.4-arch1-1 botocore/1.15.3,0.16282243,5.288267,32.0,2.4004884,72.0
[aws-cli/1.14.26 Python/3.6.4 Linux/4.14.15-1-ARCH botocore/1.8.32],0.16278091,0.6931472,1.0,0.0,1.0
aws-cli/1.16.144 Python/3.6.0 Windows/7 botocore/1.12.134,0.1627725,5.043425,3.0,0.13845986,150.0
aws-cli/2.0.40 Python/3.8.5 Darwin/19.6.0 source/x86_64 command/ec2.describe-snapshots,0.16276078,4.477337,1.0,0.0,87.0
aws-cli/1.16.11 Python/3.7.0 Darwin/18.0.0 botocore/1.12.1,0.1626895,1.7917595,2.0,0.67301166,3.0
aws-cli/1.14.44 Python/3.6.9 Linux/5.0.0-37-generic botocore/1.8.48,0.16247857,2.6390574,3.0,0.79026794,9.0
[aws-cli/1.16.240 Python/2.7.10 Darwin/16.7.0 botocore/1.12.230],0.16201802,3.218876,2.0,0.28683597,22.0
aws-cli/1.11.56 Python/2.7.13 Linux/4.9.12-200.fc25.x86_64 botocore/1.5.19,0.16192554,2.3978953,2.0,0.325083,9.0
aws-cli/1.16.257 Python/3.7.6 Linux/3.16.0-7-amd64 botocore/1.16.1,0.16189815,1.7917595,2.0,0.67301166,3.0
aws-cli/2.0.12 Python/3.7.4 Darwin/17.7.0 botocore/2.0.0dev16,0.16151202,5.327876,18.0,1.3949623,134.0
aws-cli/2.0.36 Python/3.7.3 Linux/5.0.0-38-generic exe/x86_64.ubuntu.19 command/apigateway.get-rest-apis,0.16144507,2.3978953,1.0,0.0,10.0
aws-cli/1.11.153 Python/2.7.13 Windows/10 botocore/1.7.11,0.161424,4.574711,13.0,2.1851792,32.0
aws-cli/1.17.5 Python/2.7.16 Darwin/19.2.0 botocore/1.14.5,0.16135481,3.8066626,12.0,1.2321478,32.0
aws-cli/2.0.49 Python/3.7.4 Darwin/19.6.0 exe/x86_64 command/apigateway.get-stages,0.16130723,1.0986123,1.0,0.0,2.0
aws-cli/1.16.47 Python/3.5.2 Linux/4.4.0-157-generic botocore/1.12.37,0.16125901,4.59512,11.0,1.4043449,62.0
aws-cli/1.16.15 Python/2.7.16 Darwin/19.4.0 botocore/1.12.5,0.1611679,4.8441873,20.0,1.4705572,86.0
"AWSCloudTrail, aws-internal/3",0.1610345,3.6635616,5.0,1.1933303,16.0
"AWS-SupportCenterConsole, aws-internal/3 aws-sdk-java/1.2 Linux/4.9.93-0.1.ac.178.67.327.metal1.x86_64 OpenJDK_64-Bit_Server_VM/25.172-b11 java/1.8.0_172{additional.languages}",0.16100746,3.6635616,5.0,1.414405,13.0
Boto3/1.11.13 Python/3.7.6 Linux/5.4.0-kali3-amd64 Botocore/1.14.13,0.16094458,6.8046145,64.0,3.7597308,112.0
aws-cli/1.11.97 Python/2.7.13 Darwin/16.5.0 botocore/1.5.60,0.1608029,3.4011974,11.0,1.989047,11.0
aws-cli/1.14.44 Python/3.6.7 Linux/4.15.0-45-generic botocore/1.8.48,0.16070795,4.0775375,15.0,2.4108481,14.0
aws-cli/2.0.49 Python/3.7.4 Darwin/19.6.0 exe/x86_64 command/iam.get-policy,0.16053745,2.0794415,1.0,0.0,7.0
aws-cli/1.15.83 Python/2.7.14 Linux/4.14.77-70.59.amzn1.x86_64 botocore/1.10.82,0.16044265,5.187386,12.0,1.3193475,122.0
aws-cli/1.16.301 Python/3.7.6 Linux/5.4.0-kali3-amd64 botocore/1.13.37,0.16018008,5.0238805,18.0,1.632359,95.0
aws-cli/1.10.1 Python/3.5.2 Linux/4.8.0-36-generic botocore/1.13.27,0.16002558,1.609438,2.0,0.56233513,3.0
aws-cli/1.14.32 Python/2.7.12 Linux/4.4.0-112-generic botocore/1.8.36,0.16002549,4.394449,19.0,2.528766,22.0
aws-cli/1.14.44 Python/3.6.8 Linux/4.15.0-66-generic botocore/1.8.48,0.159963,4.3438053,2.0,0.1662679,73.0
Boto3/1.7.48 Python/3.6.7 Linux/4.15.0-50-generic Botocore/1.10.48,0.15989946,6.514713,31.0,3.0479906,70.0
aws-cli/1.16.37 Python/2.7.13 Linux/4.14.0-0.bpo.3-amd64 botocore/1.12.28,0.15986998,2.4849067,9.0,2.1458416,2.0
aws-cli/1.15.45 Python/2.7.12 Linux/4.4.0-174-generic botocore/1.10.45,0.15984017,0.6931472,1.0,0.0,1.0
aws-cli/1.15.19 Python/3.6.3 Darwin/19.2.0 botocore/1.10.19,0.15984017,0.6931472,1.0,0.0,1.0
aws-cli/1.16.123 Python/2.7.15 Darwin/18.0.0 botocore/1.12.113,0.15961361,1.609438,2.0,0.6931472,2.0
aws-cli/1.11.56 Python/2.7.13 Linux/4.9.0-kali2-amd64 botocore/1.5.19,0.1595697,4.356709,12.0,1.59478,41.0
aws-cli/1.16.135 Python/3.6.0 Windows/10 botocore/1.12.125,0.15955386,2.5649493,2.0,0.6931472,6.0
aws-cli/1.9.15 Python/2.7.3 Linux/3.2.0-119-generic botocore/1.4.13,0.15947415,2.5649493,5.0,1.4677339,5.0
aws-cli/1.11.63 Python/2.7.12+ Linux/4.8.0-22-generic botocore/1.5.26,0.15923074,2.1972246,1.0,0.0,8.0
aws-cli/1.16.236 Python/3.7.4 Darwin/18.7.0 botocore/1.12.226,0.159105,5.3423343,23.0,1.3415585,144.0
aws-cli/1.11.117 Python/2.7.10 Darwin/16.6.0 botocore/1.5.80,0.15853308,3.9702919,17.0,2.008816,26.0
AWSLambdaToolsDotnet/253.251.255.255 .NET_Core/4.6.26720.03 OS/Linux_4.15.0-55-generic_#60-Ubuntu_SMP_Tue_Jul_2_18:22:20_UTC_2019 ClientAsync,0.1585284,2.7080503,1.0,0.0,14.0
aws-cli/1.16.90 Python/3.7.2 Darwin/17.7.0 botocore/1.12.80,0.15850183,5.030438,26.0,2.5421455,56.0
aws-cli/2.0.9 Python/3.7.3 Linux/5.6.3-arch1-1 botocore/2.0.0dev13,0.15836841,4.1271343,7.0,1.0172465,45.0
aws-cli/2.0.41 Python/3.7.3 Linux/5.2.0-kali3-amd64 exe/x86_64.kali.2019 command/lambda.get-policy,0.15795502,0.6931472,1.0,0.0,1.0
aws-cli/1.16.135 Python/3.6.7 Linux/4.15.0-43-generic botocore/1.12.125,0.15762226,4.26268,5.0,0.81480324,54.0
aws-cli/1.11.13 Python/3.5.2 Linux/4.4.0-142-generic botocore/1.4.70,0.15744762,3.6635616,10.0,2.111506,11.0
aws-cli/1.16.259 Python/2.7.13 Linux/4.19.69-166368-g6c4f8cbba24e botocore/1.12.249,0.15742047,1.9459101,4.0,1.2424533,3.0
aws-cli/1.10.44 Python/2.7.10 Darwin/18.2.0 botocore/1.4.34,0.15642115,3.583519,12.0,2.177296,10.0
aws-cli/2.0.25 Python/3.8.3 Darwin/19.5.0 botocore/2.0.0dev29,0.15635249,1.3862944,3.0,1.0986123,1.0
[aws-cli/1.18.93 Python/3.8.3 Linux/5.6.0-kali2-amd64 botocore/1.17.16],0.15618834,1.0986123,1.0,0.0,2.0
aws-cli/1.11.51 Python/2.7.10 Darwin/16.6.0 botocore/1.5.14,0.15618746,3.465736,8.0,1.3898027,18.0
aws-cli/2.0.0dev3 Python/3.7.4 Darwin/19.0.0 botocore/2.0.0dev2,0.15598135,3.0910425,10.0,2.1365073,4.0
[aws-cli/2.0.2 Python/3.7.4 Darwin/18.7.0 botocore/2.0.0dev6],0.15579583,0.6931472,1.0,0.0,1.0
aws-cli/1.11.48 Python/3.6.0 Linux/4.9.8-1-ARCH botocore/1.5.11,0.1556367,2.3978953,2.0,0.325083,9.0
aws-cli/1.16.301 Python/3.7.5 Linux/5.4.0-kali2-amd64 botocore/1.13.37,0.15493953,5.278115,17.0,1.5316876,127.0
aws-cli/1.14.44 Python/3.6.8 Linux/5.0.0-36-generic botocore/1.13.12,0.15475036,4.2904596,1.0,0.0,72.0
aws-cli/1.11.36 Python/2.7.13 Darwin/15.6.0 botocore/1.4.93,0.15468967,2.3978953,2.0,0.325083,9.0
aws-cli/1.16.180 Python/3.6.8 Linux/4.19.0-kali5-amd64 botocore/1.12.170,0.15467717,4.934474,10.0,1.1118957,102.0
[Boto3/1.7.83 Python/2.7.14+ Linux/4.15.0-kali2-amd64 Botocore/1.10.83],0.15461989,4.1108737,7.0,1.8459399,10.0
aws-cli/1.16.26 Python/3.6.7 Linux/4.17.0-kali3-amd64 botocore/1.12.16,0.15459527,1.3862944,3.0,1.0986123,1.0
[aws-cli/1.11.51 Python/2.7.12 Linux/4.4.0-43-Microsoft botocore/1.5.14],0.15450104,0.6931472,1.0,0.0,1.0
Boto3/1.4.2 Python/2.7.13 Linux/4.9.0-2-amd64 Botocore/1.5.19,0.15404351,5.9989367,1.0,0.0,402.0
aws-cli/1.14.1 Python/2.7.12 Linux/4.4.0-109-generic botocore/1.8.5,0.15394571,3.4011974,6.0,0.73718226,24.0
aws-cli/1.17.9 Python/2.7.16 Darwin/19.3.0 botocore/1.14.9,0.1537687,4.5325994,5.0,0.23911858,88.0
aws-cli/1.11.63 Python/2.7.13 Linux/4.10.0-13-generic botocore/1.5.26,0.15353362,1.7917595,2.0,0.67301166,3.0
aws-cli/1.16.233 Python/3.7.4 Darwin/18.7.0 botocore/1.12.223,0.153476,1.609438,2.0,0.56233513,3.0
aws-cli/1.16.121 Python/3.6.0 Windows/10 botocore/1.12.111,0.1532372,6.3613024,25.0,1.0648067,466.0
aws-cli/1.16.297 Python/3.7.6 Darwin/19.3.0 botocore/1.13.33,0.15315105,4.3820267,12.0,0.97768885,63.0
Boto3/1.12.15 Python/2.7.17 Linux/4.4.0-039049-Microsoft Botocore/1.15.15,0.1531045,7.3938785,631.0,6.321352,26.0
aws-cli/1.11.0 Python/2.7.14 Darwin/17.5.0 botocore/1.4.58,0.15302993,3.3672957,1.0,0.0,28.0
Boto3/1.7.48 Python/3.6.5 Darwin/17.7.0 Botocore/1.10.48,0.15300807,6.542472,29.0,2.9115705,48.0
[Boto3/1.14.16 Python/3.8.3 Linux/5.6.0-kali2-amd64 Botocore/1.17.16],0.1528965,4.5325994,11.0,2.2692597,10.0
[Boto3/1.14.28 Python/3.8.3 Linux/5.6.0-2parrot1-amd64 Botocore/1.17.28],0.1528965,4.5325994,11.0,2.2692597,10.0
aws-cli/2.0.51 Python/3.7.3 Linux/5.7.0-kali1-amd64 exe/x86_64.kali.2020 command/apigateway.get-stages,0.15279065,0.6931472,1.0,0.0,1.0
aws-cli/1.14.41 Python/2.7.13 Linux/4.9.0-5-amd64 botocore/1.8.47,0.15270741,4.4886365,13.0,1.735639,48.0
aws-cli/1.16.31 Python/3.6.6 Linux/4.18.0-67921-generic botocore/1.12.21,0.15265043,2.3978953,2.0,0.325083,9.0
aws-cli/1.15.80 Python/2.7.14 Linux/4.14.88-88.76.amzn2.x86_64 botocore/1.10.79,0.15238585,3.4339871,10.0,2.0791512,10.0
aws-cli/1.15.4 Python/2.7.14 Linux/4.13.0-kali1-amd64 botocore/1.10.4,0.1521953,3.7376697,3.0,0.97906995,23.0
aws-cli/1.16.89 Python/3.7.4 Darwin/18.7.0 botocore/1.12.79,0.15217732,5.043425,17.0,2.0203645,45.0
aws-cli/1.16.68 Python/3.6.6 Darwin/17.7.0 botocore/1.12.58,0.15182729,4.762174,15.0,2.1164246,48.0
aws-cli/1.16.262 Python/2.7.15 Darwin/18.6.0 botocore/1.12.252,0.15171342,5.0369525,18.0,1.3077931,104.0
aws-cli/1.11.13 Python/3.5.2 Linux/4.8.0-54-generic botocore/1.4.70,0.15163137,2.3978953,2.0,0.325083,9.0
aws-cli/1.18.39 Python/3.8.2 Linux/5.5.0-1-amd64 botocore/1.15.39,0.151566,4.3307333,20.0,1.866222,42.0
aws-cli/2.0.19 Python/3.8.3 Darwin/19.4.0 botocore/2.0.0dev23,0.15156086,5.2522736,9.0,0.37850028,177.0
[aws-cli/1.11.190 Python/3.6.4 Darwin/16.3.0 botocore/1.7.48],0.15149844,2.3978953,5.0,1.557113,3.0
[Cyberduck/253.253.87.825285 (Windows 10/10.0) (amd64)],0.15144101,2.9957323,2.0,0.51465315,15.0
[aws-cli/1.16.218 Python/3.7.5 Linux/5.3.0-61-generic botocore/1.12.208],0.1512879,0.6931472,1.0,0.0,1.0
Boto3/1.5.25 Python/2.7.12 Linux/4.4.0-43-Microsoft Botocore/1.8.47,0.15083818,6.09131,39.0,3.4621427,16.0
aws-cli/1.15.39 Python/2.7.13 CYGWIN_NT-10.0-WOW/2.8.2(0.313/5/3) botocore/1.10.39,0.15082915,3.2580965,9.0,1.2922907,17.0
aws-sdk-ruby2/2.7.11 ruby/2.3.1 i386-mingw32,0.15075986,1.609438,3.0,1.0397208,2.0
aws-cli/1.11.56 Python/2.7.9 Windows/8 botocore/1.5.19,0.1504507,4.8675346,23.0,2.4550743,41.0
aws-cli/2.0.37 Python/3.7.4 Darwin/19.6.0 exe/x86_64 command/iam.get-policy,0.15031534,0.6931472,1.0,0.0,1.0
aws-cli/1.11.102 Python/2.7.13 Darwin/16.7.0 botocore/1.5.65,0.15003684,3.713572,16.0,1.8035744,23.0
[Scout Suite/5.10.0 Python/3.7.3 Linux/4.4.0-039049-Microsoft Scout Suite/5.10.0 (https://github.com/nccgroup/ScoutSuite)],0.15002203,4.5325994,11.0,2.2692597,10.0
aws-cli/2.0.40 Python/3.7.3 Linux/4.19.0-kali1-amd64 exe/x86_64.kali.2020 command/iam.generate-credential-report,0.14998233,4.912655,1.0,0.0,135.0
aws-cli/1.14.2 Python/2.7.13 Darwin/17.3.0 botocore/1.8.6,0.14988978,2.7080503,2.0,0.25731868,13.0
[Boto3/1.5.25 Python/2.7.12 Linux/4.4.0-43-Microsoft Botocore/1.8.47],0.14951386,4.1271343,7.0,1.8460361,10.0
aws-cli/1.16.181 Python/3.6.9 Linux/4.4.0-039049-Microsoft botocore/1.12.171,0.14934996,3.295837,9.0,1.25707,18.0
aws-cli/1.11.47 Python/2.7.6 Linux/3.19.0-61-generic botocore/1.5.10,0.14904109,3.0445225,6.0,1.0790775,14.0
aws-cli/2.0.40 Python/3.8.5 Darwin/19.6.0 source/x86_64 command/iam.get-policy,0.1489841,0.6931472,1.0,0.0,1.0
aws-cli/1.16.51 Python/2.7.15 Darwin/18.0.0 botocore/1.12.41,0.14893188,1.0986123,2.0,0.6931472,1.0
aws-cli/1.16.55 Python/2.7.14+ Linux/4.14.0-parrot13-amd64 botocore/1.12.45,0.14893188,1.0986123,2.0,0.6931472,1.0
aws-cli/1.16.48 Python/3.7.0 Darwin/18.2.0 botocore/1.12.38,0.14893188,1.0986123,2.0,0.6931472,1.0
aws-cli/2.0.50 Python/3.7.3 Linux/4.15.0-117-generic exe/x86_64.ubuntu.18 command/iam.get-user,0.1486961,0.6931472,1.0,0.0,1.0
aws-cli/1.16.163 Python/3.7.3 Linux/4.19.42-1-MANJARO botocore/1.12.153,0.14812225,3.295837,9.0,2.0981474,6.0
aws-cli/2.0.44 Python/3.7.7 Windows/10 exe/AMD64 command/iam.get-policy,0.1479082,0.6931472,1.0,0.0,1.0
aws-cli/1.16.309 Python/3.6.8 Linux/4.4.0-039049-Microsoft botocore/1.13.45,0.14765327,2.1972246,2.0,0.37677017,7.0
"[S3Console/0.4, aws-internal/3 aws-sdk-java/1.11.347 Linux/3.2.45-0.6.wd.971.49.326.metal1.x86_64 Java_HotSpot(TM)_64-Bit_Server_VM/25.172-b31 java/1.8.0_172]",0.14742683,4.4426513,10.0,1.7139136,34.0
[Boto3/1.14.33 Python/3.8.2 Linux/4.9.184-linuxkit Botocore/1.17.33],0.1473236,4.5325994,11.0,2.2692597,10.0
aws-cli/1.16.35 Python/3.7.2 Darwin/18.2.0 botocore/1.12.25,0.1472995,3.0910425,4.0,0.56706095,18.0
[aws-cli/1.11.33 Python/2.7.10 Darwin/16.4.0 botocore/1.4.90],0.14723969,0.6931472,1.0,0.0,1.0
aws-cli/1.17.14 Python/3.8.2 Linux/5.4.0-37-generic botocore/1.14.14,0.1471875,1.7917595,2.0,0.67301166,3.0
aws-cli/2.0.5 Python/3.7.3 Linux/4.18.0-147.8.1.el8_1.x86_64 botocore/2.0.0dev9,0.1471875,1.7917595,2.0,0.67301166,3.0
aws-sdk-nodejs/2.522.0 win32/v12.4.0 AWS-Toolkit-For-VSCode/1.3.0 Visual-Studio-Code/1.40.1 promise,0.14716387,1.3862944,3.0,1.0986123,1.0
"AWSCloudTrail, aws-internal/3 aws-sdk-java/1.11.590 Linux/4.9.137-0.1.ac.218.74.329.metal1.x86_64 OpenJDK_64-Bit_Server_VM/25.222-b10 java/1.8.0_222 vendor/Oracle_Corporation",0.14707053,4.0253515,3.0,0.7714206,27.0
aws-cli/1.17.14 Python/3.8.2 Linux/4.19.76-linuxkit botocore/1.14.14,0.14703444,2.3025851,3.0,0.84868556,6.0
[aws-cli/1.14.32 Python/3.5.2 Linux/4.13.0-31-generic botocore/1.8.36],0.14699782,1.609438,4.0,1.3862944,1.0
Boto3/1.15.5 Python/3.8.5 Darwin/19.6.0 Botocore/1.18.5,0.14694385,6.9527287,632.0,6.2821703,8.0
aws-cli/2.0.36 Python/3.7.3 Linux/5.0.0-38-generic exe/x86_64.ubuntu.19 command/lambda.list-functions,0.14692418,0.6931472,1.0,0.0,1.0
aws-cli/2.0.46 Python/3.7.7 Windows/10 exe/AMD64 command/ec2.describe-snapshots,0.14677924,3.7841897,1.0,0.0,43.0
aws-sdk-go/1.22.0 (go1.13; darwin; amd64) APN/1.0 HashiCorp/1.0 Terraform/0.12.9,0.14612201,2.7725887,1.0,0.0,15.0
aws-cli/1.14.44 Python/3.6.4 Linux/4.15.3-2-zen botocore/1.8.48,0.1460412,4.304065,11.0,1.9927238,28.0
aws-cli/1.11.56 Python/2.7.5 Linux/3.10.0-514.10.2.el7.x86_64 botocore/1.5.19,0.1458293,3.3672957,2.0,0.15407608,27.0
aws-cli/1.15.15 Python/3.6.5rc1 Linux/4.15.0-kali3-amd64 botocore/1.10.15,0.14576532,4.8202815,6.0,0.36618358,114.0
[Cyberduck/255.152.255.275442 (Windows 7/6.1) (amd64)],0.14566818,2.4849067,3.0,0.85996723,7.0
aws-cli/1.16.210 Python/3.6.7 Linux/4.17.0-kali1-amd64 botocore/1.12.200,0.14560224,4.2904596,2.0,0.40294138,62.0
[aws-cli/1.11.54 Python/2.7.12 Linux/4.9.8-moby botocore/1.5.17],0.1455505,0.6931472,1.0,0.0,1.0
aws-cli/2.0.51 Python/3.7.7 Windows/10 exe/AMD64 command/iam.get-policy,0.14524324,0.6931472,1.0,0.0,1.0
[APN/1.0 CloudBerry Lab/1.0 Explorer/5.9],0.14522716,4.1431346,6.0,1.3591521,24.0
aws-cli/1.16.140 Python/2.7.15rc1 Linux/4.15.0-46-generic botocore/1.12.130,0.14518024,5.3423343,3.0,0.1490691,202.0
[Boto3/1.9.236 Python/3.6.7 Linux/4.15.0-45-generic Botocore/1.12.236],0.1449381,5.09375,9.0,2.120291,20.0
aws-cli/1.16.202 Python/2.7.5 Linux/3.10.0-957.12.2.el7.x86_64 botocore/1.12.192,0.14466801,3.6109178,9.0,2.0620697,8.0
[aws-cli/1.11.55 Python/2.7.10 Darwin/15.6.0 botocore/1.5.18],0.14460342,0.6931472,1.0,0.0,1.0
aws-cli/1.16.150 Python/2.7.16 Darwin/19.3.0 botocore/1.12.140,0.14451876,1.3862944,3.0,1.0986123,1.0
aws-cli/1.11.83 Python/2.7.12 Linux/4.4.41-36.55.amzn1.x86_64 botocore/1.5.46,0.14369057,1.609438,2.0,0.56233513,3.0
aws-cli/1.15.20 Python/3.6.5 Darwin/17.7.0 botocore/1.10.20,0.1435797,2.3978953,2.0,0.325083,9.0
aws-cli/1.15.75 Python/2.7.15 Darwin/17.7.0 botocore/1.10.74,0.1435731,4.356709,7.0,0.46353316,70.0
aws-cli/1.11.13 Python/3.5.2 Linux/4.10.0-20-generic botocore/1.4.70,0.14350085,1.609438,2.0,0.56233513,3.0
aws-cli/1.17.17 Python/3.8.2 Linux/5.6.13-300.fc32.x86_64 botocore/1.14.17,0.1431672,3.637586,6.0,0.8451419,29.0
aws-cli/1.17.9 Python/3.7.6 Darwin/18.7.0 botocore/1.14.9,0.14315385,3.7612002,13.0,2.0108247,13.0
[aws-cli/1.14.18 Python/2.7.3 Linux/3.18.0-kali1-amd64 botocore/1.8.22],0.14312302,3.1354942,4.0,0.9828476,14.0
aws-cli/1.9.9 Python/2.7.9 Windows/8 botocore/1.3.9,0.14308634,1.609438,1.0,0.0,4.0
aws-cli/1.16.169 Python/3.7.3 Darwin/18.6.0 botocore/1.12.160,0.14306644,2.944439,3.0,0.68373895,14.0
aws-cli/1.18.8 Python/3.7.7 Darwin/19.3.0 botocore/1.15.8,0.14287493,1.3862944,3.0,1.0986123,1.0
aws-cli/1.18.26 Python/3.8.2 Linux/5.4.27-1-lts botocore/1.15.26,0.14286332,3.4011974,7.0,1.1578639,20.0
aws-cli/1.11.62 Python/2.7.13 Linux/4.9.0-kali2-amd64 botocore/1.5.25,0.14272022,2.3978953,2.0,0.325083,9.0
aws-cli/1.16.188 Python/2.7.16 Linux/4.15.0-52-generic botocore/1.12.178,0.14265999,4.3694477,8.0,1.1551358,54.0
aws-cli/1.15.37 Python/2.7.9 Windows/8 botocore/1.10.37,0.14263374,3.0445225,3.0,0.5181862,17.0
aws-cli/1.11.129 Python/3.4.1 Windows/8 botocore/1.5.92,0.1425094,4.060443,14.0,2.378162,10.0
aws-cli/1.16.161 Python/3.6.0 Windows/10 botocore/1.12.151,0.14249289,4.4188404,11.0,1.3399401,54.0
aws-cli/1.16.292 Python/2.7.17 Linux/5.3.0-kali2-amd64 botocore/1.13.28,0.14246564,2.3025851,9.0,2.1972246,1.0
aws-cli/1.11.132 Python/2.7.12 Linux/4.9.51-10.52.amzn1.x86_64 botocore/1.5.95,0.14244008,4.0430512,5.0,1.0106763,37.0
aws-cli/1.16.165 Python/3.7.3rc1 Linux/4.17.0-kali1-686 botocore/1.12.155,0.14214008,1.609438,1.0,0.0,4.0
aws-cli/1.16.37 Python/2.7.13 Linux/4.14.0-0.bpo.3-amd64 botocore/1.12.27,0.14209963,4.2341065,9.0,0.8229655,56.0
Boto3/1.9.107 Python/2.7.6 Linux/4.4.0-31-generic Botocore/1.12.107,0.14188425,2.1972246,1.0,0.0,8.0
aws-cli/1.16.96 Python/3.6.0 Windows/10 botocore/1.12.86,0.14173545,4.1743875,4.0,0.73247635,47.0
aws-cli/1.11.76 Python/2.7.6 Linux/4.4.0-43-Microsoft botocore/1.5.39,0.14170703,2.8332133,5.0,0.9089087,12.0
aws-cli/1.11.51 Python/2.7.10 Darwin/15.6.0 botocore/1.5.21,0.141675,2.9957323,2.0,0.20619202,18.0
Boto3/1.9.202 Python/2.7.15 Darwin/18.7.0 Botocore/1.12.202,0.14162156,2.3978953,4.0,0.940448,7.0
APN/1.0 HashiCorp/1.0 Terraform/0.9.0,0.14153448,3.4011974,4.0,1.1024998,16.0
aws-cli/1.11.28 Python/2.7.9 Linux/4.9.0-9-amd64 botocore/1.4.85,0.14152995,4.4426513,12.0,1.9799407,34.0
Boto3/1.4.4 Python/3.5.2 Linux/4.8.15-300.fc25.x86_64 Botocore/1.5.20,0.14149211,1.3862944,3.0,1.0986123,1.0
[Cyberduck/65.246.0.77479 (Windows 10/10.0) (amd64)],0.14135638,4.762174,4.0,0.97141004,73.0
"Home AWSConsole-PHD, aws-internal/3 aws-sdk-java/1.11.590 Linux/4.9.184-0.1.ac.235.83.329.metal1.x86_64 OpenJDK_64-Bit_Server_VM/25.222-b10 java/1.8.0_222 vendor/Oracle_Corporation",0.14130071,2.0794415,4.0,1.2770343,3.0
[Boto3/1.4.4 Python/2.7.12 Linux/4.4.0-79-generic Botocore/1.5.80],0.14114527,4.1271343,7.0,1.8460361,10.0
[aws-cli/1.11.13 Python/3.5.1+ Linux/4.4.0-22-generic botocore/1.4.70],0.14109136,0.6931472,1.0,0.0,1.0
aws-cli/1.16.109 Python/3.5.2 Linux/4.4.0-157-generic botocore/1.12.99,0.14105132,2.5649493,4.0,1.2424532,6.0
aws-cli/1.11.108 Python/2.7.14 Darwin/16.7.0 botocore/1.5.71,0.14068155,2.3978953,2.0,0.325083,9.0
[Boto3/1.4.6 Python/2.7.13 CYGWIN_NT-10.0/2.8.0(0.309/5/3) Botocore/1.6.2],0.1405686,4.1271343,7.0,1.8460361,10.0
aws-cli/1.18.133 Python/2.7.16 Darwin/19.6.0 botocore/1.17.56,0.14044112,1.609438,4.0,1.3862944,1.0
aws-cli/1.11.115 Python/2.7.9 Windows/8 botocore/1.5.78,0.14034131,2.1972246,2.0,0.37677017,7.0
aws-cli/1.14.13 Python/3.6.1 Darwin/16.7.0 botocore/1.8.17,0.13994163,0.6931472,1.0,0.0,1.0
aws-cli/1.18.3 Python/2.7.17 Linux/4.15.0-1060-aws botocore/1.15.3,0.13992792,5.7462034,11.0,0.80117136,262.0
aws-cli/1.14.19 Python/2.7.12 Linux/4.13.0-36-generic botocore/1.9.6,0.13972662,3.3322046,12.0,2.1684163,7.0
aws-cli/1.17.14 Python/3.7.5 Linux/5.3.0-kali2-amd64 botocore/1.14.14,0.13969207,2.5649493,8.0,1.907284,4.0
aws-cli/1.11.42 Python/2.7.10 Darwin/16.1.0 botocore/1.5.5,0.13956003,2.3025851,1.0,0.0,9.0
aws-cli/1.16.102 Python/2.7.16 Linux/4.14.138-89.102.amzn1.x86_64 botocore/1.12.92,0.13949744,4.7706847,11.0,0.68123204,101.0
aws-cli/1.16.113 Python/3.7.3 Linux/4.19.0-kali1-amd64 botocore/1.12.103,0.13943487,4.8751974,9.0,1.1477807,94.0
aws-cli/1.16.20 Python/2.7.15 Darwin/18.7.0 botocore/1.12.10,0.1390581,2.1972246,2.0,0.37677017,7.0
aws-cli/1.16.32 Python/2.7.15+ Linux/4.18.0-kali1-amd64 botocore/1.12.22,0.13896114,3.5263605,9.0,1.5071621,19.0
aws-cli/1.18.46 Python/3.8.2 Linux/5.5.0-1parrot1-amd64 botocore/1.15.46,0.1388706,2.1972246,2.0,0.37677017,7.0
aws-cli/1.16.238 Python/3.6.8 Linux/4.15.0-64-generic botocore/1.12.237,0.13881339,1.0986123,1.0,0.0,2.0
aws-cli/1.16.61 Python/3.6.5 Linux/4.12.14-lp150.12.64-default botocore/1.12.57,0.13872902,4.744932,13.0,1.792013,54.0
aws-cli/1.15.79 Python/3.6.6 Linux/4.17.0-kali1-amd64 botocore/1.10.78,0.13815235,3.9702919,10.0,0.9056972,42.0
Boto3/1.9.169 Python/3.5.3 Linux/4.9.0-6-amd64 Botocore/1.12.169,0.13813224,5.602119,1.0,0.0,270.0
aws-cli/1.11.180 Python/3.6.3 Darwin/17.3.0 botocore/1.7.38,0.13786288,4.356709,15.0,1.6589601,45.0
aws-cli/1.10.51 Python/2.7.13 Darwin/16.3.0 botocore/1.4.41,0.1378469,2.7080503,4.0,1.3013055,6.0
[aws-cli/1.14.44 Python/3.6.7 Linux/4.15.0-47-generic botocore/1.12.62],0.13770662,3.1354942,3.0,0.75954735,16.0
aws-cli/1.16.280 Python/3.6.9 Linux/4.16.7-12879-generic botocore/1.14.9,0.13750514,4.2341065,7.0,0.65425533,58.0
[aws-cli/2.0.0 Python/3.8.1 Darwin/19.3.0 botocore/2.0.0dev4],0.1373391,2.8903718,2.0,0.36221057,15.0
aws-cli/1.16.309 Python/3.6.2 Windows/10 botocore/1.13.45,0.1368464,4.276666,11.0,1.3648063,48.0
aws-cli/1.16.215 Python/3.6.0 Windows/10 botocore/1.12.205,0.13671727,3.7612002,10.0,2.0551648,10.0
aws-cli/1.16.102 Python/2.7.16 Linux/4.14.146-119.123.amzn2.x86_64 botocore/1.12.92,0.1366472,1.7917595,2.0,0.67301166,3.0
aws-cli/2.0.54 Python/3.7.7 Windows/10 exe/AMD64 command/ec2.describe-snapshots,0.13654317,1.9459101,1.0,0.0,6.0
aws-cli/1.11.42 Python/2.7.13 Darwin/16.5.0 botocore/1.4.93,0.13636652,2.3978953,2.0,0.325083,9.0
aws-cli/1.16.257 Python/3.7.5rc1 Linux/5.2.0-kali2-amd64 botocore/1.12.247,0.13631544,4.248495,9.0,1.740387,29.0
aws-cli/1.15.14 Python/2.7.15 Darwin/17.6.0 botocore/1.8.50,0.1362227,2.9957323,2.0,0.20619202,18.0
aws-cli/1.11.54 Python/3.5.3rc1 Linux/4.8.0-2-amd64 botocore/1.5.17,0.13611813,2.7080503,3.0,0.65597576,11.0
[S3 Browser 8-4-1 https://s3browser.com],0.13592197,3.3322046,3.0,0.77431124,19.0
[aws-cli/1.11.55 Python/2.7.9 Windows/7 botocore/1.5.18],0.13579825,1.0986123,1.0,0.0,2.0
aws-cli/2.0.36 Python/3.7.3 Linux/5.0.0-38-generic exe/x86_64.ubuntu.19 command/apigateway.get-rest-api,0.1357553,1.0986123,1.0,0.0,2.0
aws-sdk-ruby3/3.30.0 ruby/2.5.1 x86_64-linux-gnu aws-sdk-rds/1.18.0,0.13555822,1.0986123,1.0,0.0,2.0
aws-cli/2.0.38 Python/3.7.4 Darwin/19.6.0 exe/x86_64 command/rds.describe-db-instances,0.13555822,1.0986123,1.0,0.0,2.0
aws-cli/1.14.52 Python/2.7.12 Darwin/16.7.0 botocore/1.9.5,0.13552761,2.3025851,3.0,1.0608569,4.0
[aws-cli/1.11.12 Python/2.7.10 Darwin/16.4.0 botocore/1.4.69],0.13545682,0.6931472,1.0,0.0,1.0
aws-cli/1.16.69 Python/3.6.4 Darwin/18.2.0 botocore/1.12.59,0.13537621,1.7917595,3.0,0.95027053,3.0
aws-cli/1.16.167 Python/3.6.7 Linux/4.15.0-50-generic botocore/1.12.157,0.13537495,2.3978953,4.0,1.3321791,4.0
aws-cli/1.16.238 Python/3.7.4 Darwin/19.3.0 botocore/1.12.228,0.1353163,1.3862944,3.0,1.0986123,1.0
aws-cli/1.10.32 Python/2.7.10 Darwin/16.7.0 botocore/1.6.1,0.13524227,1.7917595,2.0,0.67301166,3.0
aws-cli/1.11.63 Python/2.7.9 Linux/3.16.0-4-amd64 botocore/1.5.26,0.1351908,2.3978953,2.0,0.325083,9.0
aws-cli/1.18.36 Python/3.7.3rc1 Linux/4.19.0-parrot4-28t-amd64 botocore/1.15.36,0.13483493,2.1972246,2.0,0.37677017,7.0
aws-cli/1.16.284 Python/3.7.0 Linux/4.15.0-65-generic botocore/1.13.20,0.13477093,5.4161005,14.0,0.5115309,204.0
aws-cli/1.16.283 Python/3.8.0 Linux/4.4.0-039049-Microsoft botocore/1.13.19,0.13470748,3.8066626,7.0,1.1578472,30.0
aws-cli/1.16.113 Python/3.7.3 Linux/4.19.0-8-amd64 botocore/1.12.103,0.13468094,4.3438053,9.0,0.60572416,67.0
aws-cli/1.16.248 Python/3.7.4 Darwin/19.0.0 botocore/1.12.238,0.13466014,4.477337,29.0,2.7039495,28.0
aws-cli/2.0.49 Python/3.7.4 Darwin/19.6.0 exe/x86_64 command/iam.get-role,0.13454555,1.0986123,1.0,0.0,2.0
aws-cli/1.16.300 Python/2.7.16 Linux/4.14.165-131.185.amzn2.x86_64 botocore/1.13.36,0.13451138,4.7957907,23.0,2.0102715,62.0
[aws-cli/1.11.51 Python/3.4.3 Linux/3.13.0-108-generic botocore/1.5.14],0.13438307,1.0986123,1.0,0.0,2.0
aws-cli/1.11.176 Python/2.7.10 Darwin/16.7.0 botocore/1.7.34,0.13427104,3.6888795,20.0,2.587774,12.0
aws-cli/1.11.42 Python/3.4.3 Linux/3.4.0+ botocore/1.5.5,0.13420677,2.3978953,2.0,0.325083,9.0
"Mozilla/5.0 (Windows NT 10.0; Win64; x64) AppleWebKit/537.36 (KHTML, like Gecko) Chrome/83.0.4103.116 Safari/537.36",0.13338964,2.3978953,4.0,1.3138341,3.0
aws-cli/1.11.132 Python/2.7.6 Linux/3.8.11 botocore/1.5.95,0.1331305,1.0986123,2.0,0.6931472,1.0
aws-cli/1.16.218 Python/3.7.4+ Linux/5.2.0-kali2-amd64 botocore/1.12.243,0.13309808,1.609438,2.0,0.56233513,3.0
aws-cli/1.14.35 Python/3.6.4 Linux/4.9.60-linuxkit-aufs botocore/1.8.39,0.1330594,0.6931472,1.0,0.0,1.0
aws-cli/1.16.106 Python/2.7.16 Darwin/18.6.0 botocore/1.12.96,0.13303642,4.6728287,14.0,1.455609,70.0
aws-cli/1.16.105 Python/2.7.10 Darwin/18.2.0 botocore/1.12.95,0.1330289,3.8501475,1.0,0.0,46.0
[aws-cli/1.18.124 Python/3.8.5 Linux/5.8.5-arch1-1 botocore/1.17.47],0.13291265,1.0986123,1.0,0.0,2.0
aws-cli/2.0.6 Python/3.8.2 Darwin/18.7.0 botocore/2.0.0dev10,0.13260125,5.389072,46.0,2.4282572,102.0
[aws-cli/1.15.49 Python/2.7.15 Linux/4.19.6-300.fc29.x86_64 botocore/1.12.2],0.13252556,1.609438,3.0,1.0397208,2.0
aws-cli/1.16.273 Python/3.6.0 Windows/10 botocore/1.13.9,0.13239934,2.0794415,3.0,0.95569986,4.0
aws-cli/1.16.37 Python/2.7.6 Linux/3.13.0-43-generic botocore/1.12.27,0.1322906,4.465908,12.0,1.1536393,62.0
aws-cli/1.18.3 Python/2.7.17 Darwin/19.3.0 botocore/1.15.3,0.13224408,1.7917595,2.0,0.67301166,3.0
aws-cli/1.16.252 Python/3.6.9 Linux/4.15.0-91-generic botocore/1.13.12,0.13208136,1.609438,2.0,0.56233513,3.0
aws-cli/1.15.74 Python/2.7.15 Linux/4.15.0-kali2-amd64 botocore/1.10.73,0.13195552,3.3322046,3.0,0.31539628,25.0
aws-cli/1.16.147 Python/2.7.10 Darwin/18.6.0 botocore/1.12.178,0.13164002,5.17615,20.0,1.945889,98.0
[CloudCustodian/167.6.140.11 Python/2.7.12 Linux/4.4.0-78-generic Botocore/1.5.56],0.13154325,3.8501475,6.0,1.6791825,9.0
aws-cli/1.14.44 Python/3.6.8 Linux/4.15.0-70-generic botocore/1.12.86,0.13140988,3.4339871,3.0,0.29113984,28.0
aws-cli/1.11.104 Python/3.5.2 Linux/3.4.0+ botocore/1.5.67,0.13109596,3.3672957,11.0,1.5625287,17.0
aws-cli/2.0.49 Python/3.7.4 Darwin/19.6.0 exe/x86_64 command/ec2.describe-images,0.13104737,1.3862944,1.0,0.0,3.0
aws-cli/1.16.10 Python/3.6.5 Darwin/18.0.0 botocore/1.12.0,0.13077107,2.0794415,6.0,1.7478683,2.0
aws-cli/1.16.203 Python/2.7.16 Linux/4.19.0-kali5-amd64 botocore/1.12.193,0.13047421,3.9702919,2.0,0.42932302,44.0
aws-cli/1.16.80 Python/3.7.2 Darwin/18.6.0 botocore/1.12.70,0.13040107,4.2341065,3.0,0.49116182,58.0
aws-cli/1.18.36 Python/3.6.9 Linux/4.15.0-1065-aws botocore/1.15.36,0.13038468,2.3025851,5.0,1.5810938,2.0
aws-cli/1.11.38 Python/2.7.10 Darwin/16.4.0 botocore/1.5.1,0.1301767,2.3978953,2.0,0.325083,9.0
aws-cli/1.16.292 Python/3.7.2+ Linux/4.15.0-kali2-686-pae botocore/1.13.28,0.1301722,1.3862944,3.0,1.0986123,1.0
aws-cli/1.15.76 Python/3.6.5 Linux/4.15.0-1015-gcp botocore/1.10.75,0.13008705,3.0910425,10.0,1.9466722,7.0
aws-cli/1.16.199 Python/3.6.8 Linux/4.18.0-80.4.2.el8_0.x86_64 botocore/1.12.189,0.13008597,3.295837,3.0,0.9110176,12.0
aws-cli/1.18.69 Python/2.7.18rc1 Linux/5.4.0-4parrot1-amd64 botocore/1.16.19,0.1298746,2.1972246,3.0,0.90025604,5.0
aws-cli/2.0.30 Python/3.7.3 Linux/5.3.0-62-generic botocore/2.0.0dev34,0.12982103,4.304065,2.0,0.17141145,70.0
aws-cli/1.17.3 Python/3.6.0 Windows/10 botocore/1.14.3,0.1293823,3.4011974,1.0,0.0,29.0
aws-cli/2.0.50 Python/3.7.3 Linux/4.15.0-117-generic exe/x86_64.ubuntu.18 command/sts.get-caller-identity,0.12937608,0.6931472,1.0,0.0,1.0
aws-cli/1.11.13 Python/3.5.2 Linux/4.4.0-64-generic botocore/1.4.70,0.1292991,5.117994,11.0,0.71578205,139.0
aws-cli/1.16.251 Python/3.6.0 Windows/7 botocore/1.12.241,0.12920666,1.7917595,2.0,0.67301166,3.0
aws-cli/1.16.115 Python/3.7.2 Darwin/18.2.0 botocore/1.12.105,0.12913749,5.433722,2.0,0.08831978,224.0
aws-cli/1.16.20 Python/3.7.0 Darwin/18.2.0 botocore/1.12.10,0.12901513,3.4965076,10.0,1.3811247,21.0
aws-cli/1.15.72 Python/3.6.5 Linux/4.15.0-1014-gcp botocore/1.10.71,0.1289866,2.3025851,6.0,1.5810938,4.0
aws-cli/1.16.109 Python/3.5.2 Linux/4.4.0-165-generic botocore/1.12.202,0.12892532,3.871201,9.0,1.3351599,29.0
aws-cli/1.16.311 Python/2.7.16 Linux/4.14.138-89.102.amzn1.x86_64 botocore/1.14.2,0.12887712,3.8066626,3.0,0.29230896,41.0
Boto3/1.9.86 Python/2.7.16 Linux/4.19.0-10-amd64 Botocore/1.5.19,0.12884189,5.8607864,1.0,0.0,350.0
[aws-cli/1.11.13 Python/3.5.2 Linux/4.8.0-41-generic botocore/1.4.70],0.12883936,1.609438,4.0,1.3862944,1.0
aws-cli/2.0.0dev3 Python/3.7.3 Linux/5.3.0-kali3-amd64 botocore/2.0.0dev2,0.12869933,2.6390574,9.0,2.0981474,3.0
aws-cli/1.16.117 Python/2.7.16rc1 Linux/4.19.0-kali3-amd64 botocore/1.12.107,0.12865078,4.828314,6.0,0.6845111,104.0
"[S3Console/0.4, aws-internal/3 aws-sdk-java/1.11.783 Linux/4.9.217-0.1.ac.205.84.332.metal1.x86_64 OpenJDK_64-Bit_Server_VM/25.252-b09 java/1.8.0_252 vendor/Oracle_Corporation]",0.12855165,4.304065,10.0,1.8846104,21.0
aws-cli/1.16.14 Python/2.7.15 Darwin/18.6.0 botocore/1.12.185,0.12853822,3.218876,9.0,2.094729,6.0
aws-cli/1.16.98 Python/3.7.2 Windows/10 botocore/1.12.88,0.12845075,1.3862944,2.0,0.6365142,2.0
aws-cli/1.17.0 Python/3.8.1 Darwin/16.6.0 botocore/1.14.0,0.128037,3.6109178,19.0,2.3886516,14.0
aws-cli/1.11.56 Python/2.7.13 Linux/4.8.0-kali2-amd64 botocore/1.5.19,0.12799752,4.7361984,9.0,1.4468117,70.0
[Boto3/1.14.48 Python/2.7.13 Linux/4.14.103-1.pvops.qubes.x86_64 Botocore/1.17.48 Resource],0.1279683,1.0986123,1.0,0.0,2.0
aws-cli/1.14.30 Python/3.6.4 Darwin/17.4.0 botocore/1.8.34,0.12767644,5.0039463,24.0,1.7481728,92.0
aws-cli/1.16.215 Python/3.6.8 Linux/4.15.0-55-generic botocore/1.12.205,0.12764992,3.1354942,6.0,1.6417348,8.0
[Boto3/1.4.4 Python/2.7.13 Darwin/15.6.0 Botocore/1.5.56],0.12736471,4.0253515,7.0,1.8500581,9.0
aws-cli/1.14.9 Python/2.7.12 Linux/4.9.76-3.78.amzn1.x86_64 botocore/1.8.13,0.12731689,2.7725887,2.0,0.24493003,14.0
aws-cli/1.18.69 Python/3.7.7 Darwin/19.4.0 botocore/1.16.20,0.12717322,1.9459101,6.0,1.7917595,1.0
aws-cli/1.16.51 Python/2.7.15+ Linux/4.4.0-53329-Microsoft botocore/1.12.41,0.12713142,1.7917595,2.0,0.50040245,4.0
aws-cli/1.15.14 Python/3.6.4 FreeBSD/11.1-RELEASE botocore/1.10.14,0.12713006,3.9318256,7.0,0.649665,43.0
aws-cli/1.16.204 Python/3.7.4 Darwin/18.0.0 botocore/1.12.194,0.12712485,4.5325994,9.0,1.4880514,52.0
aws-cli/1.16.148 Python/3.7.2 Linux/5.0.2-arch1-1-ARCH botocore/1.12.138,0.12688702,5.043425,2.0,0.12045605,150.0
[Boto3/1.7.65 Python/2.7.13 Windows/10 Botocore/1.10.65],0.12672146,4.1271343,7.0,1.8460361,10.0
[Boto3/1.14.55 Python/3.8.5 Darwin/19.6.0 Botocore/1.17.55 Resource],0.12647398,1.3862944,1.0,0.0,3.0
aws-cli/1.15.40 Python/3.7.0 Darwin/17.6.0 botocore/1.10.40,0.12624489,3.637586,9.0,1.2945186,24.0
aws-cli/1.14.44 Python/3.6.5rc1 Linux/4.14.0-kali3-amd64 botocore/1.8.48,0.1261565,4.0253515,9.0,1.4722412,25.0
aws-cli/1.11.162 Python/2.7.9 Windows/8 botocore/1.7.20,0.12613992,0.6931472,1.0,0.0,1.0
"Mozilla/5.0 (Windows NT 6.3; Win64; x64) AppleWebKit/537.36 (KHTML, like Gecko) Chrome/60.0.3112.113 Safari/537.36",0.12612185,1.0986123,2.0,0.6931472,1.0
"Mozilla/5.0 (Windows NT 10.0; Win64; x64) AppleWebKit/537.36 (KHTML, like Gecko) Chrome/65.0.3325.162 Safari/537.36",0.12612185,1.0986123,2.0,0.6931472,1.0
aws-cli/1.15.33 Python/3.6.2 Darwin/16.7.0 botocore/1.10.33,0.12611322,4.304065,21.0,1.9334753,38.0
aws-cli/1.14.50 Python/2.7.12 Linux/4.15.0-43-generic botocore/1.9.3,0.12576187,1.7917595,2.0,0.50040245,4.0
aws-cli/1.17.5 Python/2.7.16 Linux/4.19.0-kali4-amd64 botocore/1.14.5,0.12572075,1.3862944,3.0,1.0986123,1.0
aws-cli/2.0.38 Python/3.7.3 Linux/5.4.0-kali3-amd64 exe/x86_64.kali.2020 command/sts.get-caller-identity,0.12501399,1.0986123,1.0,0.0,2.0
aws-cli/1.16.13 Python/2.7.9 Windows/8 botocore/1.12.3,0.1250035,2.944439,5.0,1.382343,7.0
aws-cli/1.16.190 Python/3.7.3 Darwin/18.6.0 botocore/1.12.180,0.12457761,5.187386,19.0,2.227828,74.0
aws-cli/2.0.39 Python/3.7.7 Windows/10 exe/AMD64 command/apigateway.get-stages,0.12429066,0.6931472,1.0,0.0,1.0
Boto3/1.12.36 Python/2.7.16 Linux/4.9.184-linuxkit Botocore/1.15.36,0.124124415,4.94876,18.0,2.2992682,48.0
aws-cli/1.11.45 Python/2.7.10 Darwin/16.4.0 botocore/1.5.8,0.124058224,2.3025851,7.0,1.8310206,3.0
[Transmit/5.6.2],0.123955674,2.8332133,4.0,1.2123139,7.0
aws-cli/1.16.158 Python/3.7.3 Linux/5.0.13-arch1-1-ARCH botocore/1.12.148,0.123684935,4.727388,6.0,0.5611547,98.0
[aws-cli/2.0.0dev3 Python/3.7.4 Darwin/19.5.0 botocore/2.0.0dev2],0.12354298,2.7725887,2.0,0.24493003,14.0
aws-cli/2.0.1 Python/3.7.3 Linux/4.15.0-kali3-amd64 botocore/2.0.0dev5,0.12324172,0.6931472,1.0,0.0,1.0
aws-cli/1.16.195 Python/3.7.6 Darwin/19.3.0 botocore/1.12.185,0.12324172,0.6931472,1.0,0.0,1.0
aws-cli/1.9.1 Python/2.7.13 Darwin/17.3.0 botocore/1.4.72,0.12309506,3.465736,17.0,2.6368349,7.0
Boto3/1.11.12 Python/3.6.5 Darwin/18.6.0 Botocore/1.14.12,0.12290874,6.5539336,57.0,3.737831,32.0
aws-cli/1.16.47 Python/3.5.2 Linux/4.18.0-kali1-amd64 botocore/1.12.37,0.12272886,1.609438,2.0,0.56233513,3.0
aws-cli/1.16.145 Python/3.7.0 Darwin/18.5.0 botocore/1.12.135,0.1224459,4.465908,5.0,0.5143497,76.0
aws-cli/1.16.196 Python/2.7.10 Darwin/18.6.0 botocore/1.12.186,0.12241805,4.553877,9.0,1.4481626,56.0
aws-cli/2.0.53 Python/3.7.3 Linux/5.7.0-kali3-amd64 exe/x86_64.kali.2020 command/ec2.describe-snapshots,0.12240554,4.4426513,1.0,0.0,84.0
aws-cli/1.16.57 Python/2.7.15+ Linux/4.18.0-kali1-amd64 botocore/1.12.47,0.12235078,2.7080503,1.0,0.0,14.0
aws-cli/1.18.16 Python/3.7.5 Darwin/18.7.0 botocore/1.15.16,0.12219356,1.3862944,1.0,0.0,3.0
Boto3/1.9.86 Python/2.7.16 Linux/4.19.0-4-amd64 Botocore/1.5.19,0.122178346,5.820083,1.0,0.0,336.0
aws-cli/1.16.81 Python/3.6.1 Darwin/17.2.0 botocore/1.12.71,0.12214206,4.1108737,3.0,0.53396165,50.0
aws-cli/2.0.51 Python/3.7.3 Linux/5.7.0-kali1-amd64 exe/x86_64.kali.2020 command/ec2.describe-snapshots,0.12208398,3.9318256,1.0,0.0,50.0
Boto3/1.4.4 Python/2.7.13 Darwin/15.6.0 Botocore/1.5.14,0.122049235,1.609438,2.0,0.6931472,2.0
[aws-cli/1.11.56 Python/2.7.12+ Linux/4.8.0-39-generic botocore/1.5.19],0.12200312,0.6931472,1.0,0.0,1.0
aws-cli/1.18.70 Python/3.7.6 Linux/5.4.0-kali3-amd64 botocore/1.16.20,0.12174265,1.3862944,2.0,0.6365142,2.0
Boto3/1.4.4 Python/2.7.12 Linux/4.13.0-31-generic Botocore/1.7.12,0.12166428,2.6390574,5.0,1.4388831,5.0
aws-cli/1.11.13 Python/3.5.2 Linux/4.10.0-38-generic botocore/1.4.70,0.12150865,3.8501475,1.0,0.0,46.0
aws-cli/2.0.0 Python/3.8.2 Darwin/19.3.0 botocore/2.0.0dev7,0.12150109,1.609438,2.0,0.56233513,3.0
aws-cli/1.14.44 Python/3.6.8 Linux/4.4.0-01985-Microsoft botocore/1.8.48,0.12140433,4.762174,3.0,0.13651161,113.0
aws-cli/2.0.49 Python/3.7.4 Darwin/19.6.0 exe/x86_64 command/apigateway.get-rest-api,0.12138234,1.3862944,1.0,0.0,3.0
aws-cli/2.0.38 Python/3.7.4 Darwin/19.6.0 exe/x86_64 command/apigateway.get-rest-api,0.12138234,1.3862944,1.0,0.0,3.0
aws-cli/1.11.2 Python/2.7.13 Linux/4.11.0-1-amd64 botocore/1.5.65,0.12115541,3.295837,3.0,0.32450837,24.0
aws-cli/1.16.96 Python/2.7.12 Linux/4.4.0-166-generic botocore/1.12.86,0.12098439,2.8332133,2.0,0.37677017,14.0
"[AWSConsole, aws-internal/3]",0.12088665,1.0986123,1.0,0.0,2.0
aws-cli/2.0.50 Python/3.7.3 Linux/4.15.0-117-generic exe/x86_64.ubuntu.18 command/iam.get-policy,0.1208616,0.6931472,1.0,0.0,1.0
aws-cli/1.15.0 Python/3.6.5 Darwin/17.5.0 botocore/1.10.0,0.12082565,4.8441873,8.0,0.6072499,109.0
aws-sdk-go/1.25.37 (go1.14.2; linux; amd64),0.120443515,2.4849067,1.0,0.0,11.0
aws-cli/1.18.115 Python/2.7.16 Linux/4.19.0-kali5-amd64 botocore/1.17.38,0.120361194,1.9459101,2.0,0.6365142,4.0
aws-cli/1.11.86 Python/2.7.13 Darwin/16.6.0 botocore/1.5.49,0.12028048,3.295837,3.0,0.687092,20.0
aws-cli/1.11.13 Python/3.5.2 Linux/4.13.0-45-generic botocore/1.4.70,0.12027901,4.1431346,4.0,0.41581464,56.0
[aws-cli/1.11.48 Python/3.6.0 Linux/4.9.11-1-ARCH botocore/1.5.11],0.120198265,0.6931472,1.0,0.0,1.0
aws-cli/1.16.39 Python/2.7.10 Darwin/18.6.0 botocore/1.12.29,0.1201628,3.3672957,10.0,2.2429733,4.0
aws-cli/1.11.34 Python/2.7.16 Darwin/19.4.0 botocore/1.4.91,0.120130196,1.0986123,1.0,0.0,2.0
aws-cli/1.10.64 Python/2.7.6 Linux/3.4.0+ botocore/1.4.54,0.120070145,2.7080503,2.0,0.5195799,11.0
aws-cli/1.11.165 Python/2.7.14 Linux/4.13.0-kali1-amd64 botocore/1.8.2,0.12005804,2.9957323,3.0,0.70801896,14.0
aws-cli/1.11.34 Python/3.5.2 Linux/4.9.8-100.fc24.x86_64 botocore/1.4.91,0.11997897,2.1972246,1.0,0.0,8.0
Boto3/1.4.4 Python/2.7.13 Darwin/15.6.0 Botocore/1.5.14 Resource,0.11988771,1.0986123,1.0,0.0,2.0
aws-cli/1.16.152 Python/2.7.15 Darwin/18.5.0 botocore/1.12.142,0.11939205,1.609438,3.0,1.0397208,2.0
[aws-cli/1.11.120 Python/2.7.10 Darwin/17.3.0 botocore/1.5.83],0.11927816,2.7080503,2.0,0.6931472,7.0
[Boto3/1.8.7 Python/2.7.15 Linux/4.4.0-43-Microsoft Botocore/1.11.7 Resource],0.11927816,2.7080503,2.0,0.6931472,7.0
[Boto3/1.4.4 Python/2.7.12 Linux/4.4.0-31-generic Botocore/1.5.56],0.119057976,4.0253515,7.0,1.8500581,9.0
aws-cli/2.0.0 Python/3.8.1 Darwin/19.2.0 botocore/2.0.0dev4,0.11903885,4.2195077,9.0,0.6140253,59.0
aws-cli/1.11.98 Python/2.7.12 Linux/4.4.0-75-generic botocore/1.5.61,0.1189633,3.3322046,9.0,1.2238243,19.0
[Botocore/1.16.19 Python/3.6.9 Linux/5.3.0-1035-aws],0.11871468,3.583519,7.0,1.9459101,5.0
[Boto3/1.4.6 Python/2.7.15 Linux/4.16.0-kali2-amd64 Botocore/1.12.25],0.118602246,4.1271343,7.0,1.8460361,10.0
[Boto3/1.7.1 Python/2.7.12 Linux/4.4.0-53329-Microsoft Botocore/1.10.1],0.118602246,4.1271343,7.0,1.8460361,10.0
aws-cli/1.16.190 Python/3.7.4 Darwin/18.6.0 botocore/1.12.180,0.118528016,5.549076,24.0,1.7741822,156.0
aws-cli/1.11.55 Python/3.6.0 Linux/4.9.11-1-ARCH botocore/1.5.18,0.118475504,2.8332133,4.0,1.0337006,9.0
aws-cli/1.11.126 Python/2.7.12 Linux/4.4.0-1090-aws botocore/1.12.176,0.11846707,1.609438,2.0,0.56233513,3.0
aws-cli/1.16.157 Python/3.6.0 Windows/10 botocore/1.12.147,0.11846544,5.030438,4.0,0.35082772,139.0
aws-cli/1.11.102 Python/2.7.13 Linux/4.9.0-kali3-686-pae botocore/1.5.65,0.11810339,2.3025851,2.0,0.3488321,8.0
aws-cli/1.11.45 Python/2.7.13 Linux/4.9.33 botocore/1.5.8,0.118030705,2.3025851,2.0,0.3488321,8.0
aws-cli/1.16.296 Python/3.7.4 Darwin/19.0.0 botocore/1.13.32,0.117941074,1.609438,2.0,0.56233513,3.0
aws-cli/1.14.44 Python/3.6.9 Linux/4.15.0-1060-aws botocore/1.8.48,0.1178629,4.1108737,9.0,2.103491,12.0
aws-cli/1.18.39 Python/2.7.17 Linux/5.4.0-kali3-amd64 botocore/1.15.39,0.11782789,3.4011974,5.0,1.40784,13.0
aws-cli/1.17.5 Python/2.7.16 Linux/4.14.158-101.185.amzn1.x86_64 botocore/1.14.5,0.11782604,5.273,2.0,0.10043676,190.0
aws-cli/1.11.56 Python/2.7.15 Linux/4.17.0-1-amd64 botocore/1.5.19,0.11775964,2.3025851,1.0,0.0,9.0
aws-cli/1.11.68 Python/2.7.12 Linux/4.4.0-66-generic botocore/1.5.31,0.11753634,2.944439,9.0,1.7147431,9.0
[Boto3/1.14.8 Python/2.7.16 Darwin/19.5.0 Botocore/1.17.8 Resource],0.11753285,1.0986123,1.0,0.0,2.0
aws-cli/1.16.148 Python/3.7.2 Windows/10 botocore/1.12.138,0.11742435,4.553877,19.0,1.9593093,52.0
[aws-cli/1.18.69 Python/3.8.2 Linux/5.4.0-48-generic botocore/1.16.19],0.117363855,1.7917595,2.0,0.50040245,4.0
aws-cli/1.16.3 Python/2.7.15rc1 Linux/4.15.0-36-generic botocore/1.11.3,0.11732232,3.3672957,9.0,1.1923958,20.0
Boto/2.46.1 Python/2.7.12+ Linux/4.3.0-kali1-amd64,0.117299385,2.9957323,3.0,0.70801896,14.0
[aws-cli/1.16.19 Python/2.7.15+ Linux/4.18.0-kali1-amd64 botocore/1.12.9],0.11729357,2.6390574,3.0,0.53596103,11.0
aws-cli/1.15.72 Python/2.7.12 Linux/4.4.0-116-generic botocore/1.10.72,0.11725745,1.609438,2.0,0.56233513,3.0
aws-cli/1.11.2 Python/2.7.10 Darwin/16.6.0 botocore/1.4.60,0.117252804,2.3025851,2.0,0.3488321,8.0
aws-cli/1.11.56 Python/2.7.12 Darwin/16.4.0 botocore/1.5.19,0.1172487,2.7725887,5.0,1.1699929,9.0
aws-cli/1.11.13 Python/3.5.2 Linux/4.15.0-101-generic botocore/1.4.70,0.11724395,4.4308167,6.0,0.5450899,73.0
aws-cli/1.11.129 Python/2.7.12 Linux/4.4.39-34.54.amzn1.x86_64 botocore/1.5.92,0.117120594,3.5553482,13.0,1.9208097,16.0
aws-cli/1.16.298 Python/3.8.0 Linux/4.19.88-1-lts botocore/1.13.34,0.1170806,1.0986123,2.0,0.6931472,1.0
aws-cli/1.18.7 Python/3.7.3 Linux/4.19.87+ botocore/1.15.7,0.116929606,4.276666,9.0,0.58637726,63.0
aws-cli/1.16.210 Python/2.7.15+ Linux/4.4.0-039049-Microsoft botocore/1.12.200,0.11683214,4.691348,15.0,1.7866853,60.0
aws-cli/1.16.113 Python/2.7.15+ Linux/4.19.0-kali3-amd64 botocore/1.12.103,0.11677385,3.295837,11.0,2.3516734,4.0
[aws-cli/1.11.21 Python/2.7.10 Darwin/17.3.0 botocore/1.4.78],0.11672189,2.4849067,3.0,1.0361987,5.0
aws-cli/1.16.17 Python/3.6.5 Linux/4.15.0-36-generic botocore/1.12.7,0.1165608,2.1972246,3.0,1.0397208,4.0
aws-cli/1.16.41 Python/2.7.15+ Linux/4.4.0-53329-Microsoft botocore/1.12.31,0.11653587,3.9512436,11.0,1.7511818,22.0
aws-cli/1.11.190 Python/3.6.3 Darwin/15.6.0 botocore/1.7.48,0.116322234,2.6390574,2.0,0.2711894,12.0
aws-cli/1.11.44 Python/2.7.10 Darwin/16.4.0 botocore/1.5.7,0.1163022,5.1298985,35.0,2.3030486,76.0
aws-cli/1.16.169 Python/3.6.0 Windows/10 botocore/1.12.159,0.11622575,4.65396,11.0,1.4455862,66.0
aws-cli/1.10.1 Python/3.5.2 Linux/4.8.0-36-generic botocore/1.3.23,0.11597597,3.4339871,5.0,1.4629195,10.0
[Boto3/1.11.17 Python/3.6.9 Linux/4.15.0-88-generic Botocore/1.14.17],0.11596543,1.0986123,1.0,0.0,2.0
aws-cli/1.16.234 Python/3.6.0 Windows/10 botocore/1.12.224,0.11582538,2.0794415,2.0,0.5982696,5.0
aws-cli/1.15.79 Python/2.7.16rc1 Linux/4.19.0-kali3-amd64 botocore/1.10.79,0.11576463,5.164786,2.0,0.06276024,172.0
aws-cli/1.11.54 Python/2.7.12 Linux/4.9.8-moby botocore/1.5.17,0.11563588,2.6390574,5.0,1.0437938,9.0
aws-cli/1.11.121 Python/2.7.10 Darwin/16.7.0 botocore/1.7.36,0.11559163,2.6390574,2.0,0.2711894,12.0
aws-cli/2.0.38 Python/3.7.4 Darwin/19.6.0 exe/x86_64 command/iam.list-user-policies,0.11523501,0.6931472,1.0,0.0,1.0
aws-cli/2.0.54 Python/3.8.5 Darwin/18.7.0 source/x86_64 command/iam.list-user-policies,0.11523501,0.6931472,1.0,0.0,1.0
aws-cli/1.11.47 Python/2.7.13 Darwin/16.4.0 botocore/1.5.10,0.11516499,2.8332133,3.0,0.46341357,14.0
aws-cli/1.16.218 Python/3.7.4 Linux/5.2.0-kali2-amd64 botocore/1.12.208,0.115086384,5.6489744,13.0,1.1453359,212.0
aws-cli/1.16.179 Python/3.6.8 Linux/4.19.0-kali3-amd64 botocore/1.12.169,0.11491643,4.890349,16.0,1.2582643,98.0
Boto3/1.4.4 Python/2.7.13 Windows/2012ServerR2 Botocore/1.5.80,0.11477557,0.6931472,1.0,0.0,1.0
aws-cli/1.16.170 Python/3.7.3 Darwin/18.6.0 botocore/1.12.160,0.11471612,5.5012584,12.0,1.1029583,162.0
aws-cli/2.0.7 Python/3.7.5 Windows/10 botocore/2.0.0dev11,0.11471198,4.394449,17.0,1.8336184,42.0
[Boto3/1.11.1 Python/3.7.5 Linux/5.3.0-kali2-amd64 Botocore/1.14.1],0.11470293,4.406719,9.0,2.120291,10.0
aws-cli/1.16.96 Python/3.6.0 Windows/7 botocore/1.12.86,0.11469774,1.609438,2.0,0.56233513,3.0
[aws-cli/1.11.56 Python/2.7.13 Linux/4.9.11-1-ARCH botocore/1.5.19],0.11465954,0.6931472,1.0,0.0,1.0
[Boto3/1.12.31 Python/3.7.7 Linux/5.3.0-kali2-amd64 Botocore/1.15.31],0.11451111,4.406719,9.0,2.120291,10.0
aws-cli/2.0.34 Python/3.7.3 Linux/4.15.0-101-generic botocore/2.0.0dev38,0.11425193,4.624973,11.0,2.106111,35.0
aws-cli/1.11.152 Python/2.7.10 Darwin/17.7.0 botocore/1.7.10,0.11414873,3.8066626,4.0,0.87371904,23.0
aws-cli/2.0.50 Python/3.8.5 Darwin/19.6.0 source/x86_64 command/apigateway.get-resources,0.11412348,0.6931472,1.0,0.0,1.0
[Boto3/1.12.26 Python/3.7.6 Linux/5.4.0-kali3-amd64 Botocore/1.15.26],0.114117175,4.406719,9.0,2.120291,10.0
[Boto3/1.12.39 Python/3.7.7 Linux/5.4.0-kali3-amd64 Botocore/1.15.39],0.11410958,4.406719,9.0,2.120291,10.0
Boto3/1.9.39 Python/2.7.16 Linux/4.19.0-kali5-amd64 Botocore/1.12.86,0.114012465,7.239215,573.0,6.15747,26.0
python-requests/2.9.2,0.11382542,1.7917595,3.0,0.95027053,3.0
aws-cli/1.18.10 Python/3.7.6 Darwin/19.4.0 botocore/1.15.10,0.113789156,4.912655,7.0,0.5296901,118.0
aws-cli/1.11.13 Python/3.5.2 Linux/4.4.0-84-generic botocore/1.4.70,0.11367658,2.1972246,2.0,0.56233513,6.0
[Boto3/1.7.65 Python/2.7.15 Darwin/17.7.0 Botocore/1.10.65],0.11351074,2.944439,9.0,2.1972244,2.0
aws-cli/1.17.10 Python/3.8.1 Darwin/18.7.0 botocore/1.14.10,0.113457076,4.158883,11.0,1.2094369,45.0
aws-cli/1.16.156 Python/3.7.3 Darwin/18.5.0 botocore/1.12.146,0.11342829,5.209486,20.0,2.5614789,50.0
aws-cli/2.0.38 Python/3.7.7 Windows/10 exe/AMD64 command/iam.get-policy,0.11340356,0.6931472,1.0,0.0,1.0
aws-cli/1.11.119 Python/2.7.8 Linux/4.4.20-0.1.fm.237.49.326.metal1.x86_64 botocore/1.5.82,0.113252394,3.2580965,3.0,0.52964354,21.0
aws-cli/1.16.170 Python/2.7.5 Linux/3.10.0-862.el7.x86_64 botocore/1.12.160,0.11313814,4.394449,14.0,0.9082328,66.0
[Boto3/1.11.0 Python/3.6.9 Linux/5.0.0-36-generic Botocore/1.14.0],0.11305142,4.406719,9.0,2.120291,10.0
aws-cli/1.11.78 Python/2.7.13 Darwin/16.5.0 botocore/1.5.41,0.11297115,3.3672957,9.0,1.1923958,20.0
aws-cli/1.16.10 Python/3.7.2 Darwin/18.7.0 botocore/1.12.0,0.11295422,3.9512436,1.0,0.0,51.0
"AWS-Toolkit-For-JetBrains/1.5 PyCharm-Professional-Edition/2019.2, aws-sdk-java/2.6.5 Mac_OS_X/10.14.6 OpenJDK_64-Bit_Server_VM/11.0.3+12-b304.10 Java/11.0.3 kotlin vendor/JetBrains_s.r.o io/sync http/UNKNOWN",0.112775,1.609438,2.0,0.6931472,2.0
Boto3/1.9.130 Python/3.7.2 Linux/4.9.0-4-amd64 Botocore/1.12.130,0.112775,1.609438,2.0,0.6931472,2.0
aws-sdk-go/1.13.32 (go1.9.2; darwin; amd64) APN/1.0 HashiCorp/1.0 Terraform/0.11.7,0.112637445,3.7376697,13.0,2.202879,9.0
[Boto3/1.12.39 Python/3.7.6 Linux/4.14.154-128.181.amzn2.x86_64 Botocore/1.15.39],0.112167165,4.406719,9.0,2.120291,10.0
aws-cli/1.11.13 Python/3.5.3 Linux/4.14.79+ botocore/1.4.70,0.111978985,4.905275,18.0,2.2079425,40.0
aws-cli/1.18.97 Python/3.7.3 Linux/4.19.118-v7+ botocore/1.17.20,0.11197757,1.3862944,2.0,0.6365142,2.0
aws-cli/1.14.50 Python/3.6.8 Linux/4.20.11-100.fc28.x86_64 botocore/1.9.1,0.111939974,4.2904596,9.0,1.0731331,54.0
[aws-cli/1.14.66 Python/2.7.10 Darwin/17.6.0 botocore/1.9.19],0.111877546,2.1972246,4.0,1.2554823,3.0
aws-cli/1.16.253 Python/2.7.15 Darwin/16.7.0 botocore/1.12.243,0.111742936,4.0943446,16.0,1.6294127,36.0
Boto3/1.7.48 Python/3.6.6 Linux/5.0.21-1-pve Botocore/1.10.48,0.11156038,3.7841897,15.0,2.2337797,16.0
[aws-cli/1.16.102 Python/2.7.16 Linux/4.14.146-120.181.amzn2.x86_64 botocore/1.12.92],0.11145673,2.7080503,2.0,0.25731868,13.0
APN/1.0 CloudBerry Lab/1.0 Explorer/4.7,0.11144533,1.3862944,3.0,1.0986123,1.0
aws-cli/1.16.29 Python/3.7.0 Linux/4.18.12-arch1-1-ARCH botocore/1.12.19,0.11141324,2.7080503,3.0,0.9556999,8.0
aws-cli/1.11.52 Python/2.7.9 Windows/8 botocore/1.5.15,0.110942334,3.0445225,2.0,0.19851527,19.0
[Boto3/1.9.149 Python/2.7.10 Darwin/18.5.0 Botocore/1.12.149 Resource],0.11081347,3.1354942,2.0,0.47413933,18.0
Boto3/1.12.18 Python/3.6.9 Linux/5.3.0-40-generic Botocore/1.15.18,0.110809796,2.6390574,6.0,1.7379835,3.0
Boto3/1.12.22 Python/2.7.17 Linux/5.4.0-kali3-amd64 Botocore/1.15.22,0.11076671,6.4800444,57.0,3.760686,32.0
aws-cli/1.16.198 Python/2.7.12 Linux/4.15.0-54-generic botocore/1.12.188,0.11064591,3.8501475,6.0,0.79228514,37.0
aws-cli/1.18.23 Python/3.7.6 Linux/5.4.0-kali3-amd64 botocore/1.15.23,0.1106059,3.871201,12.0,1.240172,34.0
AWSPowerShell/3.3.542.0 .NET_Runtime/4.0 .NET_Framework/4.0 OS/Microsoft_Windows_NT_10.0.53329.0 WindowsPowerShell/2019.-1 ClientSync,0.110563055,3.218876,2.0,0.6931472,12.0
[Boto3/1.4.4 Python/3.6.0 Linux/4.9.11-1-ARCH Botocore/1.5.19],0.11027349,4.0253515,7.0,1.8500581,9.0
[Boto3/1.4.4 Python/2.7.12 Linux/4.4.0-72-generic Botocore/1.5.48],0.11027349,4.0253515,7.0,1.8500581,9.0
aws-cli/1.16.47 Python/2.7.15 Windows/10 botocore/1.12.37,0.11001554,1.609438,2.0,0.56233513,3.0
[Boto3/1.14.38 Python/3.7.3 Darwin/19.6.0 Botocore/1.17.38 Resource],0.1099883,3.295837,1.0,0.0,26.0
aws-cli/1.14.44 Python/3.6.8 Linux/4.15.0-60-generic botocore/1.8.48,0.10968034,5.8833222,28.0,2.5780902,66.0
aws-cli/1.14.38 Python/2.7.9 Windows/7 botocore/1.8.42,0.10948291,1.609438,2.0,0.56233513,3.0
aws-cli/1.18.69 Python/3.7.7 Darwin/19.4.0 botocore/1.16.19,0.10945969,1.7917595,2.0,0.67301166,3.0
aws-cli/1.18.18 Python/3.6.0 Windows/10 botocore/1.15.18,0.10945968,1.7917595,2.0,0.67301166,3.0
aws-cli/1.16.242 Python/2.7.10 Darwin/18.7.0 botocore/1.12.232,0.109291896,4.890349,15.0,1.4461355,87.0
aws-cli/1.16.114 Python/2.7.15 Darwin/18.2.0 botocore/1.12.104,0.10927212,4.6151204,2.0,0.0980391,98.0
[aws-cli/1.11.56 Python/2.7.13 Darwin/16.4.0 botocore/1.5.19],0.10919418,2.3978953,1.0,0.0,10.0
aws-cli/1.16.193 Python/3.7.3rc1 Linux/4.19.0-kali4-amd64 botocore/1.12.183,0.10916521,2.3978953,2.0,0.50040245,8.0
[aws-cli/1.9.10 Python/2.7.9 Windows/8 botocore/1.3.10],0.10913119,2.7080503,2.0,0.25731868,13.0
aws-cli/1.16.157 Python/2.7.15 Linux/4.17.0-kali1-686 botocore/1.12.147,0.10906237,5.1059456,19.0,2.1361122,52.0
aws-cli/1.18.0 Python/2.7.17 Linux/5.4.0-kali3-amd64 botocore/1.15.0,0.10880714,3.4339871,13.0,2.4708862,4.0
aws-cli/1.16.106 Python/3.6.0 Windows/10 botocore/1.12.96,0.1087601,3.5553482,3.0,0.95869184,20.0
[aws-cli/2.0.54 Python/3.8.5 Darwin/18.7.0 source/x86_64 command/s3.ls],0.10867992,1.7917595,1.0,0.0,5.0
aws-cli/1.11.56 Python/3.5.0 Darwin/16.5.0 botocore/1.5.19,0.10865668,1.3862944,2.0,0.6365142,2.0
aws-cli/1.18.97 Python/2.7.18 Linux/5.6.0-kali2-amd64 botocore/1.17.20,0.10859974,2.7725887,4.0,1.3624475,5.0
aws-cli/1.16.3 Python/2.7.9 Windows/8 botocore/1.11.3,0.10851043,3.1354942,11.0,2.3110979,4.0
aws-cli/1.16.207 Python/2.7.16 Darwin/18.6.0 botocore/1.12.197,0.10840511,3.6109178,4.0,0.6336633,30.0
aws-cli/1.16.140 Python/2.7.15rc1 Linux/4.15.0-55-generic botocore/1.12.202,0.10832873,4.962845,11.0,1.1588191,104.0
aws-cli/1.11.122 Python/2.7.12 Linux/4.4.0-116-generic botocore/1.5.85,0.10827853,2.0794415,2.0,0.4101163,6.0
aws-cli/1.11.48 Python/2.7.13 Darwin/16.4.0 botocore/1.5.11,0.108214244,3.3322046,3.0,0.50279224,23.0
Boto3/1.9.14 Python/3.8.2 Linux/4.19.76-linuxkit Botocore/1.12.212,0.10795129,6.5764694,606.0,6.253392,15.0
[aws-internal/3],0.10793532,5.062595,4.0,0.9568632,72.0
aws-cli/1.11.17 Python/2.6.6 Linux/2.6.32-642.6.2.el6.x86_64 botocore/1.4.74,0.10787208,3.0445225,9.0,1.6075752,11.0
aws-cli/2.0.8 Python/3.7.3 Linux/5.5.0-kali1-amd64 botocore/2.0.0dev12,0.10777776,3.583519,9.0,1.0128453,27.0
aws-cli/1.11.111 Python/2.7.14 Darwin/17.7.0 botocore/1.5.74,0.107674055,4.26268,20.0,2.322329,27.0
aws-cli/1.11.13 Python/3.5.2 Linux/4.15.0-34-generic botocore/1.4.70,0.10767198,1.7917595,4.0,1.3321791,2.0
aws-cli/1.16.259 Python/3.6.8 Linux/4.14.146-93.123.amzn1.x86_64 botocore/1.12.249,0.10745797,3.583519,9.0,1.0128453,27.0
aws-cli/1.11.13 Python/3.5.2 Linux/4.13.0-26-generic botocore/1.4.70,0.10745576,3.465736,9.0,1.1076528,23.0
aws-cli/1.14.47 Python/2.7.9 Windows/8 botocore/1.9.0,0.10735014,2.3025851,2.0,0.3488321,8.0
aws-cli/2.0.12 Python/3.7.3 Linux/5.4.0-kali4-amd64 botocore/2.0.0dev16,0.10732386,4.2195077,9.0,0.7574557,56.0
aws-cli/1.16.283 Python/3.8.0 Linux/5.3.12-arch1-1 botocore/1.13.19,0.107317686,3.465736,4.0,0.42425412,28.0
aws-cli/1.16.251 Python/3.6.6 Linux/4.17.0-kali1-686 botocore/1.12.241,0.10726803,1.609438,2.0,0.56233513,3.0
aws-cli/1.11.51 Python/2.7.12 Linux/4.4.0-64-generic botocore/1.5.14,0.10726554,2.3025851,2.0,0.3488321,8.0
aws-cli/1.10.23 Python/2.7.10 Darwin/15.5.0 botocore/1.4.14,0.10726554,2.3025851,2.0,0.3488321,8.0
aws-cli/2.0.51 Python/3.7.3 Linux/5.7.0-kali1-amd64 exe/x86_64.kali.2020 command/lambda.list-functions,0.10718021,1.0986123,1.0,0.0,2.0
[aws-cli/1.16.262 Python/2.7.15 Darwin/18.6.0 botocore/1.12.252],0.10695932,2.9957323,2.0,0.33649576,17.0
aws-cli/1.15.24 Python/3.6.5 Linux/4.16.11-1-ARCH botocore/1.10.24,0.10680099,2.8332133,3.0,0.60192394,13.0
aws-cli/1.16.218 Python/3.7.4 Linux/4.19.0-kali4-amd64 botocore/1.12.208,0.10673337,1.609438,2.0,0.56233513,3.0
aws-cli/2.0.46 Python/3.7.3 Linux/5.7.0-kali1-amd64 exe/x86_64.kali.2020 command/lambda.list-functions,0.106698275,0.6931472,1.0,0.0,1.0
aws-cli/1.15.33 Python/3.6.5 Linux/4.16.13-2-ARCH botocore/1.10.33,0.10658964,4.6728287,12.0,1.9472919,36.0
aws-cli/1.16.202 Python/3.6.0 Windows/10 botocore/1.12.192,0.10649671,3.912023,11.0,2.2434127,12.0
[aws-sdk-go/1.19.11 (go1.12.2; darwin; amd64) APN/1.0 HashiCorp/1.0 Terraform/0.12.0-dev],0.10629655,2.1972246,1.0,0.0,8.0
[aws-cli/1.11.13 Python/3.5.2+ Linux/4.6.0-kali1-686-pae botocore/1.4.70],0.10627506,1.7917595,1.0,0.0,5.0
aws-cli/1.16.212 Python/2.7.5 Linux/3.10.0-957.21.2.el7.x86_64 botocore/1.12.202,0.10627191,3.7841897,7.0,0.9886114,32.0
aws-cli/1.11.41 Python/2.7.10 Darwin/17.3.0 botocore/1.5.4,0.10621129,2.8332133,3.0,0.46341357,14.0
[aws-cli/2.0.32 Python/3.8.4 Darwin/19.5.0 botocore/2.0.0dev35],0.10614309,0.6931472,1.0,0.0,1.0
aws-cli/1.14.46 Python/2.7.9 Windows/7 botocore/1.8.50,0.10612134,2.5649493,2.0,0.28683597,11.0
aws-cli/1.18.41 Python/3.8.2 Linux/4.19.107-1.pvops.qubes.x86_64 botocore/1.15.41,0.10607789,3.583519,3.0,0.34706682,32.0
aws-cli/1.16.248 Python/3.7.6 Linux/5.5.9-100.fc30.x86_64 botocore/1.13.49,0.10607591,0.6931472,1.0,0.0,1.0
[aws-cli/1.16.266 Python/2.7.15+ Linux/5.0.0-31-generic botocore/1.13.2],0.10603008,2.3025851,2.0,0.68696153,5.0
aws-cli/1.16.43 Python/2.7.14 Linux/4.13.0-kali1-amd64 botocore/1.12.33,0.10601584,3.465736,9.0,1.1956251,22.0
aws-cli/1.14.44 Python/3.6.5 Linux/4.15.0-34-generic botocore/1.8.48,0.10589373,5.2040067,18.0,1.3819788,119.0
aws-cli/1.16.75 Python/3.6.0 Windows/10 botocore/1.12.65,0.10583828,3.4011974,10.0,1.3012736,20.0
Boto/2.46.1 Python/2.7.9 Windows/7,0.10580564,1.3862944,1.0,0.0,3.0
aws-cli/1.16.170 Python/2.7.12 Linux/4.4.30-32.54.amzn1.x86_64 botocore/1.12.160,0.10574163,1.609438,2.0,0.6931472,2.0
aws-cli/1.11.128 Python/2.7.14 Linux/4.13.0-46-generic botocore/1.8.18,0.10557779,2.5649493,2.0,0.28683597,11.0
aws-cli/1.14.44 Python/3.6.5 Linux/4.15.0-24-generic botocore/1.8.48,0.10557779,2.5649493,2.0,0.28683597,11.0
[aws-cli/1.18.103 Python/3.8.4 Darwin/19.6.0 botocore/1.17.26],0.10555212,3.1780539,4.0,0.856859,16.0
aws-cli/1.16.230 Python/3.7.3 Linux/4.19.0-5-amd64 botocore/1.12.220,0.1054652,3.583519,9.0,1.0128453,27.0
aws-cli/1.15.32 Python/2.7.12 Linux/4.4.0-127-generic botocore/1.10.32,0.10546205,4.3820267,4.0,0.4374448,71.0
aws-cli/2.0.50 Python/3.8.5 Darwin/19.6.0 source/x86_64 command/cloudformation.list-stacks,0.1053463,0.6931472,1.0,0.0,1.0
aws-cli/1.11.10 Python/3.5.2 Darwin/16.4.0 botocore/1.5.17,0.105327725,1.3862944,3.0,1.0986123,1.0
aws-cli/1.14.44 Python/3.6.9 Linux/4.15.0-1063-aws botocore/1.8.48,0.105327725,1.3862944,3.0,1.0986123,1.0
aws-cli/1.18.95 Python/3.6.0 Windows/10 botocore/1.17.18,0.105327725,1.3862944,3.0,1.0986123,1.0
aws-sdk-go/1.25.3 (go1.12.9; darwin; amd64) APN/1.0 HashiCorp/1.0 Terraform/0.12.12,0.105250925,1.0986123,1.0,0.0,2.0
aws-cli/1.16.279 Python/2.7.16 Darwin/17.7.0 botocore/1.13.15,0.105250925,1.0986123,1.0,0.0,2.0
Boto3/1.12.15 Python/3.7.5 Linux/5.3.0-kali2-amd64 Botocore/1.15.15,0.105236635,0.6931472,1.0,0.0,1.0
aws-cli/1.10.11 Python/2.7.12 Darwin/16.4.0 botocore/1.4.43,0.10515392,1.9459101,2.0,0.6365142,4.0
aws-cli/1.18.104 Python/3.8.5 Linux/5.7.12-arch1-1 botocore/1.13.47,0.10514039,1.3862944,1.0,0.0,3.0
[aws-cli/2.0.28 Python/3.8.3 Darwin/18.6.0 botocore/2.0.0dev32],0.10510079,1.609438,3.0,1.0397208,2.0
aws-cli/1.7.26 Python/2.7.10 Darwin/17.3.0,0.10510075,1.3862944,2.0,0.6365142,2.0
aws-cli/1.15.72 Python/3.6.5 Linux/4.15.0-1015-gcp botocore/1.10.71,0.10506982,4.3694477,18.0,2.354137,27.0
aws-cli/1.11.5 Python/2.7.10 Darwin/15.6.0 botocore/1.4.62,0.105047874,1.609438,3.0,1.0397208,2.0
aws-cli/1.16.33 Python/3.6.0 Windows/10 botocore/1.12.23,0.10502627,2.3025851,2.0,0.68696153,5.0
aws-cli/1.11.139 Python/3.6.4 Linux/4.14.0-kali3-amd64 botocore/1.8.28,0.104945,0.6931472,1.0,0.0,1.0
aws-cli/2.0.8 Python/3.7.3 Linux/5.4.0-kali4-amd64 botocore/2.0.0dev12,0.10494051,4.189655,11.0,0.92808187,52.0
aws-cli/2.0.28 Python/3.7.3 Linux/4.18.0-193.el8.x86_64 botocore/2.0.0dev32,0.10482798,3.5263605,3.0,0.2706408,31.0
aws-cli/1.16.113 Python/3.7.3 Linux/4.19.0-9-amd64 botocore/1.12.103,0.10479809,5.1059456,15.0,0.85309345,137.0
aws-cli/1.16.272 Python/2.7.13 Linux/4.19.60-43360-g54aa645572 botocore/1.13.8,0.10476257,2.5649493,5.0,1.4451859,4.0
aws-cli/1.11.87 Python/2.7.13 Darwin/16.5.0 botocore/1.5.50,0.10469779,0.6931472,1.0,0.0,1.0
aws-cli/1.16.13 Python/2.7.15 Linux/4.17.12-100.fc27.x86_64 botocore/1.12.3,0.104689814,3.5553482,9.0,1.0348749,26.0
aws-cli/1.11.163 Python/2.7.10 Darwin/17.5.0 botocore/1.10.28,0.10467007,2.7725887,3.0,0.4850941,13.0
aws-cli/1.16.121 Python/2.7.3 Darwin/16.7.0 botocore/1.12.111,0.10466246,3.1354942,3.0,1.0900596,8.0
aws-cli/1.11.10 Python/3.5.1 Darwin/15.6.0 botocore/1.4.67,0.10449456,1.3862944,2.0,0.6365142,2.0
aws-cli/1.10.59 Python/2.7.10 Darwin/15.4.0 botocore/1.4.49,0.10449456,1.3862944,2.0,0.6365142,2.0
aws-cli/1.15.10 Python/2.7.14+ Linux/4.14.0-kali3-amd64 botocore/1.10.10,0.104468174,2.7080503,11.0,2.3046193,3.0
aws-cli/1.11.56 Python/2.7.13 Linux/4.9.11-1-ARCH botocore/1.5.19,0.10439113,2.3025851,1.0,0.0,9.0
aws-cli/1.11.121 Python/3.6.2 Darwin/16.6.0 botocore/1.5.84,0.104329176,2.5649493,2.0,0.28683597,11.0
aws-cli/1.11.159 Python/2.7.13 Linux/4.12.0-kali1-amd64 botocore/1.7.17,0.104329176,2.5649493,2.0,0.28683597,11.0
aws-cli/1.10.54 Python/3.5.2 Linux/4.5.5-300.fc24.x86_64 botocore/1.4.44,0.10421139,1.3862944,2.0,0.6365142,2.0
aws-cli/1.11.190 Python/2.7.12 Linux/2.6.32-042stab108.8 botocore/1.7.48,0.10395712,3.713572,17.0,2.313706,15.0
aws-cli/1.16.223 Python/3.7.4 Darwin/18.7.0 botocore/1.12.213,0.103948705,3.5263605,3.0,0.362501,30.0
aws-cli/1.11.63 Python/2.7.12 Linux/4.9.5-gentoo botocore/1.5.26,0.10390169,0.6931472,1.0,0.0,1.0
aws-cli/1.16.207 Python/3.5.2 Linux/4.18.5-63965-tsurugi botocore/1.12.197,0.1038694,2.944439,6.0,1.6769876,6.0
aws-cli/1.15.79 Python/3.6.6 Linux/4.15.0-kali2-amd64 botocore/1.10.83,0.103867084,3.4011974,9.0,1.1626416,21.0
aws-cli/1.11.57 Python/2.7.13 Darwin/16.4.0 botocore/1.5.20,0.10350213,1.3862944,2.0,0.6365142,2.0
aws-cli/1.17.13 Python/3.6.0 Windows/10 botocore/1.14.13,0.10341959,1.3862944,2.0,0.6365142,2.0
aws-cli/1.10.33 Python/3.5.2 Linux/4.4.0-97-generic botocore/1.5.7,0.10341086,2.3025851,3.0,0.96496296,4.0
aws-cli/1.11.57 Python/2.7.6 Linux/3.13.0-105-generic botocore/1.5.20,0.103265606,0.6931472,1.0,0.0,1.0
aws-cli/1.11.56 Python/2.7.12 Linux/4.8.0-56-generic botocore/1.5.19,0.10324292,1.609438,2.0,0.56233513,3.0
aws-cli/1.11.56 Python/2.7.13 Darwin/16.4.0 botocore/1.5.19,0.10308631,4.0775375,15.0,2.3115268,18.0
aws-cli/1.16.169 Python/3.7.3 Darwin/18.7.0 botocore/1.12.159,0.10306627,3.988984,12.0,1.6379827,31.0
aws-cli/1.16.103 Python/3.7.2 Darwin/18.2.0 botocore/1.12.93,0.102959886,3.4339871,3.0,0.8033149,20.0
Boto3/1.10.17 Python/3.7.5 Linux/4.19.0-kali4-amd64 Botocore/1.13.17,0.10277449,0.6931472,1.0,0.0,1.0
aws-cli/1.16.280 Python/3.6.0 Windows/10 botocore/1.13.16,0.10270416,3.713572,6.0,1.0659963,28.0
aws-cli/1.16.97 Python/2.7.10 Darwin/17.7.0 botocore/1.12.87,0.10264455,1.0986123,1.0,0.0,2.0
aws-cli/2.0.49 Python/3.7.4 Darwin/19.6.0 exe/x86_64 command/ec2.describe-volumes,0.10264455,1.0986123,1.0,0.0,2.0
aws-cli/1.14.43 Python/2.7.14+ Linux/4.14.0-kali3-amd64 botocore/1.8.47,0.10237789,2.4849067,4.0,1.2406843,5.0
aws-cli/1.11.63 Python/3.6.0 Darwin/16.5.0 botocore/1.5.26,0.102346964,2.9957323,3.0,0.40945858,17.0
aws-cli/1.11.100 Python/3.5.1 Darwin/15.6.0 botocore/1.5.63,0.102328785,0.6931472,1.0,0.0,1.0
aws-cli/1.16.181 Python/2.7.16 Linux/5.1.0-parrot1-3t-amd64 botocore/1.12.171,0.10226213,4.65396,2.0,0.16302365,100.0
aws-cli/1.16.130 Python/3.6.0 Windows/10 botocore/1.12.120,0.10221688,3.5553482,4.0,1.2181951,16.0
[Cyberduck/4.7 (459548).459548 (Windows 8/6.2) (x86)],0.101895876,3.7841897,2.0,0.48043934,35.0
[aws-cli/2.0.12 Python/3.7.4 Darwin/17.7.0 botocore/2.0.0dev16],0.10188565,2.3025851,2.0,0.3488321,8.0
aws-cli/2.0.0dev3 Python/3.7.4 Darwin/19.3.0 botocore/2.0.0dev2,0.101834044,1.3862944,2.0,0.6365142,2.0
aws-cli/1.16.215 Python/3.7.7 Linux/4.19.0-kali4-amd64 botocore/1.12.205,0.10183369,1.609438,2.0,0.56233513,3.0
Boto3/1.6.10 Python/2.7.12 Linux/4.15.0-42-generic Botocore/1.10.8,0.10180999,7.224025,40.0,3.457267,90.0
aws-cli/1.10.59 Python/2.7.13 Darwin/15.6.0 botocore/1.4.49,0.10160754,1.3862944,2.0,0.6365142,2.0
aws-cli/1.16.84 Python/3.6.8 Linux/4.18.0-kali3-amd64 botocore/1.12.74,0.101604685,3.3322046,10.0,1.7847606,13.0
Boto3/1.9.152 Python/3.6.8 Linux/4.15.0-54-generic Botocore/1.12.152,0.101570204,1.609438,2.0,0.6931472,2.0
aws-cli/2.0.10 Python/3.7.3 Linux/4.19.0-kali3-amd64 botocore/2.0.0dev14,0.10144689,2.9957323,12.0,2.3020139,5.0
aws-sdk-go/1.21.3 (go1.12.6; linux; amd64) APN/1.0 HashiCorp/1.0 Terraform/0.12.5,0.101286314,2.3978953,4.0,1.3138341,3.0
aws-cli/2.0.54 Python/3.8.5 Darwin/18.7.0 source/x86_64 command/iam.list-attached-role-policies,0.10119647,0.6931472,1.0,0.0,1.0
aws-cli/1.17.1 Python/3.7.5 Linux/5.3.0-26-generic botocore/1.14.1,0.101173535,3.295837,14.0,2.3180525,7.0
aws-cli/1.16.209 Python/3.7.1 Linux/4.15.0-65-generic botocore/1.12.199,0.10090041,4.3438053,4.0,0.4390552,68.0
aws-sdk-go/1.14.31 (go1.11.4; darwin; amd64) APN/1.0 HashiCorp/1.0 Terraform/0.11.11,0.10088329,1.9459101,3.0,1.0986123,2.0
"[S3Console/0.4, aws-internal/3 aws-sdk-java/1.11.590 Linux/4.9.184-0.1.ac.235.83.329.metal1.x86_64 OpenJDK_64-Bit_Server_VM/25.222-b10 java/1.8.0_222 vendor/Oracle_Corporation]",0.10080295,3.1354942,2.0,0.18490742,21.0
aws-cli/1.16.72 Python/2.7.14+ Linux/4.15.0-kali2-amd64 botocore/1.12.62,0.100638755,3.4965076,9.0,1.1687777,23.0
aws-cli/1.16.102 Python/2.7.16 Linux/4.14.109-80.92.amzn1.x86_64 botocore/1.12.141,0.10051598,2.3978953,4.0,1.3321791,4.0
aws-cli/1.16.208 Python/3.6.0 Windows/10 botocore/1.12.198,0.10030995,2.7080503,3.0,0.95569986,8.0
"Mozilla/5.0 (Macintosh; Intel Mac OS X 10_13_5) AppleWebKit/537.36 (KHTML, like Gecko) Chrome/67.0.3396.87 Safari/537.36",0.10020152,0.6931472,1.0,0.0,1.0
"Mozilla/5.0 (Windows NT 10.0; Win64; x64) AppleWebKit/537.36 (KHTML, like Gecko) Chrome/66.0.3359.139 Safari/537.36",0.10020152,0.6931472,1.0,0.0,1.0
"Mozilla/5.0 (Macintosh; Intel Mac OS X 10_13_3) AppleWebKit/537.36 (KHTML, like Gecko) Chrome/65.0.3325.146 Safari/537.36",0.10020152,0.6931472,1.0,0.0,1.0
"Mozilla/5.0 (Macintosh; Intel Mac OS X 10_13_5) AppleWebKit/537.36 (KHTML, like Gecko) Chrome/67.0.3396.62 Safari/537.36",0.10020152,0.6931472,1.0,0.0,1.0
aws-cli/1.15.79 Python/2.7.14 Darwin/17.3.0 botocore/1.10.78,0.100201175,3.4965076,9.0,1.0821955,24.0
aws-cli/1.16.72 Python/3.6.5 Windows/10 botocore/1.12.62,0.10012066,3.4011974,9.0,1.1626416,21.0
aws-cli/1.15.10 Python/3.6.5 Darwin/16.7.0 botocore/1.10.10,0.10011585,2.0794415,4.0,1.153742,4.0
aws-cli/2.0.36 Python/3.7.3 Linux/5.0.0-38-generic exe/x86_64.ubuntu.19 command/apigateway.get-stages,0.100074165,1.0986123,1.0,0.0,2.0
aws-cli/1.18.46 Python/3.7.6 Linux/5.4.0-kali3-amd64 botocore/1.15.46,0.09995518,1.3862944,2.0,0.6365142,2.0
aws-cli/1.11.149 Python/2.7.13 Linux/4.9.0-kali3-amd64 botocore/1.7.7,0.09990879,0.6931472,1.0,0.0,1.0
aws-cli/1.11.146 Python/2.7.13 Linux/4.9.0-kali4-amd64 botocore/1.7.4,0.09988979,0.6931472,1.0,0.0,1.0
aws-cli/1.11.139 Python/3.6.3 Linux/4.13.0-39-generic botocore/1.6.6,0.099846736,3.218876,8.0,1.1711944,17.0
aws-cli/1.15.62 Python/2.7.14 Linux/4.9.0-kali4-amd64 botocore/1.10.61,0.09979955,1.609438,3.0,1.0397208,2.0
aws-cli/1.16.210 Python/3.7.3 Linux/4.19.0-kali5-amd64 botocore/1.12.200,0.09977861,4.1271343,6.0,0.6473712,51.0
aws-cli/1.16.193 Python/2.7.15+ Linux/4.15.0-65-generic botocore/1.12.183,0.09967516,3.5263605,2.0,0.3046361,30.0
aws-cli/1.16.117 Python/3.7.2 Linux/4.15.15-1-ARCH botocore/1.12.111,0.09959426,2.5649493,3.0,1.0114043,6.0
aws-cli/1.16.76 Python/3.6.0 Windows/7 botocore/1.12.66,0.099591896,1.609438,2.0,0.56233513,3.0
aws-cli/1.16.161 Python/3.7.2 Darwin/19.0.0 botocore/1.12.151,0.09953061,5.1059456,22.0,1.9261429,86.0
[aws-cli/1.11.159 Python/2.7.5 Linux/3.10.0-693.2.2.el7.x86_64 botocore/1.7.17],0.09937663,1.3862944,2.0,0.6365142,2.0
aws-cli/1.16.212 Python/3.7.4 Darwin/18.7.0 botocore/1.12.202,0.09906493,3.583519,9.0,1.0128453,27.0
aws-cli/2.0.40 Python/3.8.5 Darwin/19.6.0 source/x86_64 command/lambda.list-functions,0.09900546,0.6931472,1.0,0.0,1.0
aws-cli/1.18.71 Python/3.8.2 Linux/5.4.0-33-generic botocore/1.16.21,0.09897772,1.609438,2.0,0.56233513,3.0
[Transmit/4.4.12 neon/0.29.3],0.09888632,1.3862944,2.0,0.6365142,2.0
aws-cli/1.17.9 Python/3.7.0 Darwin/19.4.0 botocore/1.16.20,0.09882795,2.1972246,6.0,1.667462,3.0
aws-cli/1.11.44 Python/2.7.10 Darwin/15.6.0 botocore/1.5.7,0.09875005,3.2580965,3.0,0.33422112,23.0
aws-cli/1.16.81 Python/2.7.10 Darwin/14.5.0 botocore/1.12.71,0.09848022,4.4886365,10.0,1.1376276,64.0
[aws-cli/2.0.28 Python/3.7.7 Windows/10 botocore/2.0.0dev32],0.09843012,2.3025851,2.0,0.3488321,8.0
[aws-cli/1.15.51 Python/3.6.3 Linux/4.13.0-45-generic botocore/1.10.50],0.09825952,3.8286414,5.0,1.2892734,21.0
aws-cli/1.8.1 Python/2.7.10 Darwin/16.7.0,0.09824276,2.4849067,8.0,2.019815,2.0
aws-cli/1.11.30 Python/2.7.13 Darwin/16.3.0 botocore/1.4.87,0.09814465,3.988984,24.0,2.814562,13.0
[Boto3/1.9.180 Python/3.7.2 Darwin/18.6.0 Botocore/1.12.180],0.09806041,3.1354942,2.0,0.3046361,20.0
[Boto3/1.13.12 Python/3.8.6 Linux/5.4.0-kali3-amd64 Botocore/1.16.12 Resource],0.09802737,1.0986123,1.0,0.0,2.0
aws-cli/1.16.304 Python/3.7.3 Linux/4.19.0-6-amd64 botocore/1.13.40,0.09796893,1.609438,2.0,0.56233513,3.0
aws-cli/1.16.85 Python/2.7.10 Darwin/18.2.0 botocore/1.12.75,0.097948745,1.7917595,2.0,0.50040245,4.0
aws-cli/1.18.3 Python/3.8.1 Linux/5.4.11-arch1-1 botocore/1.15.3,0.09787022,1.3862944,2.0,0.6365142,2.0
aws-cli/2.0.14 Python/3.7.4 Darwin/19.4.0 botocore/2.0.0dev18,0.09785983,4.465908,18.0,1.8675861,44.0
[aws-cli/2.0.31 Python/3.7.3 Linux/5.4.0-40-generic botocore/2.0.0dev35],0.097705655,2.9957323,1.0,0.0,19.0
aws-cli/1.11.14 Python/2.7.11 Darwin/16.4.0 botocore/1.4.71,0.09770412,2.7725887,3.0,0.6277053,12.0
aws-cli/1.11.189 Python/2.7.12 Linux/4.13.0-26-generic botocore/1.7.47,0.09736975,0.6931472,1.0,0.0,1.0
aws-cli/2.0.5 Python/3.8.2 Darwin/19.4.0 botocore/2.0.0dev9,0.09727092,3.637586,9.0,2.1402562,6.0
aws-cli/2.0.42 Python/3.7.3 Linux/5.2.0-kali2-amd64 exe/x86_64.kali.2019 command/iam.get-policy,0.09722729,0.6931472,1.0,0.0,1.0
aws-cli/1.10.64 Python/2.7.5 Linux/3.10.0-229.el7.x86_64 botocore/1.4.54,0.09720769,0.6931472,1.0,0.0,1.0
aws-cli/1.18.6 Python/3.6.9 Linux/4.15.0-72-generic botocore/1.15.6,0.09712289,6.248043,10.0,0.62378335,454.0
aws-cli/1.15.3 Python/2.7.14+ Linux/4.14.0-kali3-amd64 botocore/1.10.3,0.09702885,0.6931472,1.0,0.0,1.0
aws-cli/1.16.6 Python/2.7.10 Darwin/17.5.0 botocore/1.11.6,0.09700911,1.609438,4.0,1.3862944,1.0
aws-cli/2.0.28 Python/3.8.3 Darwin/18.6.0 botocore/2.0.0dev32,0.09699458,3.583519,9.0,1.0954393,26.0
aws-cli/1.14.44 Python/3.6.9 Linux/5.3.0-40-generic botocore/1.8.48,0.09692958,4.8121843,10.0,1.2140918,86.0
aws-cli/1.16.218 Python/3.7.4+ Linux/4.19.0-kali1-amd64 botocore/1.12.208,0.096835285,3.6109178,9.0,0.9918043,28.0
aws-cli/1.16.266 Python/3.7.3 Linux/4.19.0-kali5-amd64 botocore/1.13.2,0.09673913,2.1972246,8.0,2.0794415,1.0
aws-cli/1.16.283 Python/2.7.15+ Linux/4.15.0-1051-aws botocore/1.13.19,0.096734695,2.5649493,11.0,2.369382,2.0
Boto/2.41.0 Python/2.7.11 Darwin/15.6.0,0.09664276,1.609438,2.0,0.6931472,2.0
"AWS Organizations Console, aws-internal/3",0.09649652,2.0794415,3.0,1.0042424,3.0
aws-cli/2.0.14 Python/3.7.4 Darwin/19.5.0 botocore/2.0.0dev18,0.096306376,2.7725887,2.0,0.6365142,10.0
aws-cli/2.0.48 Python/3.7.3 Linux/5.4.0-47-generic exe/x86_64.ubuntu.20 command/iam.get-policy,0.096157074,0.6931472,1.0,0.0,1.0
aws-cli/2.0.38 Python/3.7.4 Darwin/19.6.0 exe/x86_64 command/route53.list-traffic-policies,0.09610283,0.6931472,1.0,0.0,1.0
aws-cli/1.16.95 Python/3.6.0 Windows/7 botocore/1.12.85,0.0960915,1.609438,2.0,0.56233513,3.0
[aws-cli/1.16.10 Python/2.7.15+ Linux/4.17.0-kali3-amd64 botocore/1.12.0],0.09603647,1.3862944,2.0,0.6365142,2.0
[aws-cli/1.11.41 Python/3.5.2 Linux/4.4.0-101-generic botocore/1.5.4],0.09603647,1.3862944,2.0,0.6365142,2.0
aws-cli/1.15.30 Python/3.6.5 Darwin/17.4.0 botocore/1.10.30,0.09576109,1.609438,2.0,0.56233513,3.0
aws-cli/1.17.1 Python/3.6.9 Linux/4.15.0-76-generic botocore/1.14.1,0.09572524,1.3862944,2.0,0.6365142,2.0
[aws-cli/1.11.29 Python/2.7.12 Linux/4.4.41-36.55.amzn1.x86_64 botocore/1.4.86],0.09567276,2.8332133,8.0,1.6462245,8.0
aws-cli/2.0.42 Python/3.7.3 Linux/5.2.0-kali2-amd64 exe/x86_64.kali.2019 command/sts.get-caller-identity,0.09558297,1.3862944,1.0,0.0,3.0
aws-cli/1.11.68 Python/2.7.10 Darwin/16.5.0 botocore/1.5.31,0.09554039,4.406719,12.0,1.6457814,47.0
aws-cli/1.11.129 Python/3.6.1 Windows/10 botocore/1.5.92,0.09542442,0.6931472,1.0,0.0,1.0
aws-cli/1.16.45 Python/2.7.10 Darwin/17.7.0 botocore/1.12.35,0.095311195,1.3862944,3.0,1.0986123,1.0
aws-cli/1.16.45 Python/3.6.7 Linux/4.17.0-kali3-amd64 botocore/1.12.35,0.0952481,3.1780539,14.0,2.4239745,5.0
aws-cli/1.16.104 Python/3.6.4 Darwin/18.7.0 botocore/1.12.94,0.09524034,3.8066626,9.0,0.99626136,34.0
aws-cli/1.16.261 Python/2.7.10 Darwin/18.7.0 botocore/1.12.251,0.095130645,4.1431346,6.0,0.4101356,57.0
aws-cli/2.0.46 Python/3.8.5 Darwin/19.6.0 source/x86_64 command/apigateway.get-stages,0.09511401,0.6931472,1.0,0.0,1.0
aws-cli/1.11.138 Python/2.7.10 Darwin/16.7.0 botocore/1.6.5,0.09507411,4.882802,17.0,1.8530428,71.0
aws-cli/1.16.251 Python/3.6.8 Linux/4.15.0-64-generic botocore/1.12.241,0.09506263,2.3025851,4.0,1.3689222,3.0
[aws-cli/1.18.23 Python/3.7.6 Linux/5.4.0-kali3-amd64 botocore/1.15.23],0.095005654,3.0910425,2.0,0.4101163,18.0
aws-cli/1.11.59 Python/2.7.10 Darwin/16.6.0 botocore/1.5.22,0.095002465,3.1780539,9.0,1.7727282,10.0
aws-cli/1.14.61 Python/2.7.9 Linux/4.0.0-kali1-amd64 botocore/1.9.14,0.09485375,0.6931472,1.0,0.0,1.0
aws-cli/1.18.1 Python/2.7.17 Darwin/17.7.0 botocore/1.15.1,0.09485085,1.3862944,2.0,0.6365142,2.0
aws-cli/1.18.69 Python/3.8.2 Linux/5.4.0-48-generic botocore/1.16.19,0.09449271,2.3978953,10.0,2.3025851,1.0
aws-cli/1.11.86 Python/3.6.1 Linux/4.10.13-1-ARCH botocore/1.5.49,0.0944749,3.2580965,11.0,2.0125287,8.0
aws-cli/1.11.36 Python/2.7.15rc1 Linux/4.15.0-47-generic botocore/1.4.93,0.09433062,5.42495,10.0,1.0805608,168.0
aws-cli/1.11.69 Python/2.7.9 Windows/8 botocore/1.5.32,0.09419449,2.8903718,7.0,1.7890222,5.0
aws-cli/2.0.10 Python/3.8.2 Darwin/18.7.0 botocore/2.0.0dev14,0.094121106,4.317488,9.0,0.6186398,65.0
aws-cli/1.11.89 Python/2.7.10 Darwin/15.6.0 botocore/1.5.52,0.0940371,0.6931472,1.0,0.0,1.0
aws-cli/1.11.77 Python/2.7.10 Darwin/16.6.0 botocore/1.5.40,0.09400253,1.7917595,2.0,0.50040245,4.0
aws-cli/1.11.175 Python/2.7.13 Linux/4.13.0-kali1-amd64 botocore/1.7.33,0.09400253,1.7917595,2.0,0.50040245,4.0
aws-cli/1.15.71 Python/3.7.3 Linux/5.0.7-200.fc29.x86_64 botocore/1.10.41,0.093852445,1.609438,2.0,0.6931472,2.0
aws-cli/1.16.81 Python/3.7.2+ Linux/4.9.125-linuxkit botocore/1.12.71,0.093852445,1.609438,2.0,0.6931472,2.0
aws-cli/1.16.99 Python/3.6.0 Windows/7 botocore/1.12.89,0.093852445,1.609438,2.0,0.6931472,2.0
aws-cli/1.11.44 Python/3.5.3 Linux/4.12.2 botocore/1.5.7,0.093852445,2.3978953,8.0,1.9730014,3.0
aws-cli/1.16.246 Python/3.7.4 Linux/5.2.17-200.fc30.x86_64 botocore/1.12.236,0.093657754,3.6109178,9.0,0.9918043,28.0
aws-cli/1.11.108 Python/3.6.0 Darwin/16.5.0 botocore/1.5.71,0.09360034,2.3978953,9.0,2.1639557,2.0
aws-cli/1.14.51 Python/2.7.9 Windows/8 botocore/1.9.4,0.0935752,2.7725887,3.0,0.4850941,13.0
Boto3/1.7.52 Python/2.7.15rc1 Linux/4.15.0-kali2-amd64 Botocore/1.10.50,0.09349614,2.8332133,6.0,1.732868,4.0
aws-cli/2.0.39 Python/3.7.7 Windows/10 exe/AMD64 command/lambda.get-policy,0.09349364,0.6931472,1.0,0.0,1.0
aws-cli/2.0.37 Python/3.8.5 Darwin/19.6.0 source/x86_64 command/lambda.get-policy,0.09349364,0.6931472,1.0,0.0,1.0
aws-cli/1.14.7 Python/3.5.3 Linux/2.6.32-042stab123.9 botocore/1.8.11,0.09335338,3.1354942,4.0,0.945023,15.0
aws-cli/1.18.69 Python/3.8.3 Linux/5.6.0-kali2-amd64 botocore/1.16.19,0.09330498,4.912655,25.0,2.1220798,69.0
aws-cli/2.0.6 Python/3.7.4 Darwin/19.4.0 botocore/2.0.0dev10,0.093185045,1.3862944,2.0,0.6365142,2.0
aws-cli/1.16.202 Python/2.7.13 Linux/4.9.0-9-amd64 botocore/1.12.192,0.09315578,4.890349,6.0,0.95607483,94.0
aws-cli/2.0.7 Python/3.7.3 Linux/5.3.0-53-generic botocore/2.0.0dev11,0.0931028,1.7917595,2.0,0.50040245,4.0
aws-cli/1.17.2 Python/3.6.0 Windows/10 botocore/1.14.2,0.09302063,2.1972246,6.0,1.732868,2.0
aws-cli/1.12.2 Python/3.4.2 Linux/2.6.32-042stab123.9 botocore/1.8.2,0.09287511,1.609438,3.0,1.0397208,2.0
aws-cli/1.16.169 Python/3.7.3 Linux/5.1.6-arch1-1-ARCH botocore/1.12.159,0.09284658,4.0430512,4.0,0.45820823,50.0
aws-cli/1.11.52 Python/2.7.6 Linux/3.19.0-25-generic botocore/1.5.15,0.09272571,2.3978953,1.0,0.0,10.0
aws-cli/1.16.84 Python/3.6.8 Linux/4.4.0-53329-Microsoft botocore/1.12.74,0.09270405,3.218876,3.0,0.45633444,21.0
aws-cli/2.0.38 Python/3.7.4 Darwin/19.6.0 exe/x86_64 command/apigateway.get-deployments,0.092613615,0.6931472,1.0,0.0,1.0
aws-cli/2.0.46 Python/3.7.3 Linux/5.7.0-kali1-amd64 exe/x86_64.kali.2020 command/iam.get-policy,0.09249226,0.6931472,1.0,0.0,1.0
aws-cli/2.0.37 Python/3.8.5 Darwin/19.6.0 source/x86_64 command/iam.get-policy,0.09249226,0.6931472,1.0,0.0,1.0
aws-cli/1.15.15 Python/3.6.6rc1 Linux/4.16.0-kali2-amd64 botocore/1.10.15,0.09220959,4.4886365,19.0,1.3792564,63.0
aws-cli/1.16.140 Python/2.7.15rc1 Linux/4.20.8-49827-generic botocore/1.12.130,0.092140235,4.691348,4.0,0.51586163,94.0
aws-cli/2.0.42 Python/3.7.3 Linux/5.2.0-kali2-amd64 exe/x86_64.kali.2019 command/ec2.describe-snapshot-attribute,0.09203156,0.6931472,1.0,0.0,1.0
aws-cli/2.0.44 Python/3.7.7 Windows/10 exe/AMD64 command/ec2.describe-snapshot-attribute,0.09203156,0.6931472,1.0,0.0,1.0
aws-cli/2.0.38 Python/3.7.4 Darwin/19.6.0 exe/x86_64 command/ec2.describe-snapshot-attribute,0.09203156,0.6931472,1.0,0.0,1.0
aws-cli/2.0.42 Python/3.7.4 Darwin/18.7.0 exe/x86_64 command/ec2.describe-snapshot-attribute,0.09203156,0.6931472,1.0,0.0,1.0
aws-cli/2.0.54 Python/3.7.3 Linux/4.15.0-kali2-amd64 exe/x86_64.kali.2019 command/ec2.describe-snapshot-attribute,0.09203156,0.6931472,1.0,0.0,1.0
aws-cli/2.0.42 Python/3.7.4 Darwin/19.6.0 exe/x86_64 command/ec2.describe-snapshot-attribute,0.09203156,0.6931472,1.0,0.0,1.0
aws-cli/2.0.46 Python/3.7.7 Windows/10 exe/AMD64 command/ec2.describe-snapshot-attribute,0.09203156,0.6931472,1.0,0.0,1.0
aws-cli/1.11.126 Python/2.7.14 Darwin/16.7.0 botocore/1.5.89,0.092015296,3.1354942,9.0,1.4116424,14.0
aws-cli/1.16.39 Python/2.7.15 Linux/4.14.78-coreos botocore/1.12.29,0.092015296,3.1354942,9.0,1.4116424,14.0
[Boto3/1.15.7 Python/3.8.0 Darwin/19.6.0 Botocore/1.18.12 Resource],0.09197952,1.0986123,1.0,0.0,2.0
aws-cli/1.11.96 Python/2.7.10 Darwin/16.6.0 botocore/1.5.59,0.09170214,3.5263605,15.0,2.3208003,10.0
aws-cli/1.16.19 Python/2.7.15 Windows/7 botocore/1.12.9,0.091327496,3.583519,3.0,0.25864092,33.0
"[Mozilla/5.0 (Windows NT 10.0; Win64; x64) AppleWebKit/537.36 (KHTML, like Gecko) Chrome/70.0.3538.77 Safari/537.36]",0.091258906,1.0986123,2.0,0.6931472,1.0
aws-cli/1.14.44 Python/3.6.9 Linux/4.18.0-16-lowlatency botocore/1.8.48,0.09124999,4.4886365,9.0,0.539011,79.0
aws-cli/2.0.51 Python/3.7.3 Linux/5.7.0-kali1-amd64 exe/x86_64.kali.2020 command/iam.get-user,0.09119665,0.6931472,1.0,0.0,1.0
aws-cli/1.17.3 Python/3.6.9 Linux/4.4.0-039049-Microsoft botocore/1.14.3,0.09107567,2.1972246,7.0,1.9061546,2.0
aws-cli/2.0.30 Python/3.7.3 Linux/5.5.0-kali2-amd64 botocore/2.0.0dev34,0.091047384,1.0986123,2.0,0.6931472,1.0
aws-cli/1.11.13 Python/3.5.2 Linux/4.4.0-039049-Microsoft botocore/1.4.70,0.09095167,5.3612924,20.0,1.588833,136.0
aws-cli/1.18.26 Python/3.6.0 Windows/10 botocore/1.15.26,0.09093896,1.3862944,2.0,0.6365142,2.0
aws-cli/1.16.263 Python/3.5.2 Linux/4.15.0-65-generic botocore/1.12.253,0.09085523,1.3862944,2.0,0.6365142,2.0
aws-cli/1.11.13 Python/3.5.2 Linux/4.10.0-32-generic botocore/1.4.70,0.09079126,2.7080503,3.0,0.50913733,12.0
aws-cli/1.11.40 Python/3.5.2 Linux/4.9.13-200.fc25.x86_64+debug botocore/1.5.3,0.090696864,1.609438,2.0,0.56233513,3.0
[aws-cli/1.16.228 Python/3.6.9 Linux/4.4.0-039049-Microsoft botocore/1.14.9],0.090608,1.0986123,1.0,0.0,2.0
aws-cli/2.0.6 Python/3.7.3 Linux/5.3.0-kali2-amd64 botocore/2.0.0dev10,0.090340205,2.944439,12.0,2.3701348,3.0
[aws-cli/1.11.117 Python/2.7.9 Windows/8 botocore/1.5.80],0.090303265,2.0794415,2.0,0.68290806,4.0
aws-cli/1.11.79 Python/2.7.10 Darwin/16.6.0 botocore/1.5.42,0.089990996,2.0794415,2.0,0.4101163,6.0
aws-cli/2.0.14 Python/3.7.4 Darwin/18.7.0 botocore/2.0.0dev18,0.08997445,2.4849067,6.0,1.5403059,5.0
aws-cli/1.11.123 Python/3.5.2 Linux/4.4.0-72-generic botocore/1.7.20,0.08985926,1.7917595,3.0,0.95027053,3.0
aws-sdk-nodejs/2.595.0 linux/v12.18.1 promise,0.089831166,2.4849067,1.0,0.0,11.0
[aws-cli/1.18.52 Python/2.7.18rc1 Linux/5.4.0-33-generic botocore/1.16.2],0.08977997,1.3862944,1.0,0.0,3.0
aws-cli/1.16.177 Python/3.4.10 Linux/3.10.0-1062.12.1.el7.x86_64 botocore/1.12.167,0.08968724,3.583519,2.0,0.12974069,34.0
[Boto3/1.13.4 Python/3.8.2 Linux/4.4.0-039049-Microsoft Botocore/1.16.4 Resource],0.089669384,1.0986123,1.0,0.0,2.0
aws-cli/2.0.24 Python/3.7.3 Linux/4.19.104-microsoft-standard botocore/2.0.0dev28,0.08960759,4.6821313,14.0,1.4103906,64.0
Boto3/1.13.20 Python/3.7.7 Darwin/19.4.0 Botocore/1.16.20,0.08953549,6.3261495,40.0,3.5564103,32.0
config-multiaccountsetup.amazonaws.com,0.08952583,5.379897,3.0,0.14461151,210.0
Boto3/1.10.39 Python/3.7.4 Linux/5.2.0-kali2-amd64 Botocore/1.13.39,0.08941575,6.3332796,44.0,3.5832539,32.0
aws-cli/2.0.41 Python/3.7.3 Linux/5.2.0-kali3-amd64 exe/x86_64.kali.2019 command/iam.get-user,0.08934296,0.6931472,1.0,0.0,1.0
[aws-cli/2.0.30 Python/3.7.3 Linux/4.15.0-kali2-amd64 botocore/2.0.0dev34],0.08933506,1.0986123,1.0,0.0,2.0
aws-cli/1.16.263 Python/3.7.5 Darwin/19.0.0 botocore/1.12.253,0.08926994,1.3862944,2.0,0.6365142,2.0
aws-cli/2.0.24 Python/3.7.3 Linux/5.4.0-37-generic botocore/2.0.0dev28,0.08922534,1.3862944,2.0,0.6365142,2.0
aws-cli/1.18.97 Python/3.7.1 Darwin/18.7.0 botocore/1.17.20,0.088948734,1.3862944,2.0,0.6365142,2.0
aws-cli/1.17.0 Python/3.8.1 Darwin/19.2.0 botocore/1.14.0,0.08891497,4.9767337,16.0,2.1242275,63.0
aws-cli/1.16.87 Python/2.7.16 Darwin/17.7.0 botocore/1.12.77,0.088892154,3.9702919,2.0,0.16302365,50.0
aws-cli/1.11.181 Python/2.7.13 Linux/4.5.0-kali1-amd64 botocore/1.7.39,0.08884869,2.0794415,2.0,0.68290806,4.0
"Mozilla/5.0 (X11; CrOS armv7l 9592.96.0) AppleWebKit/537.36 (KHTML, like Gecko) Chrome/60.0.3112.114 Safari/537.36",0.0888337,0.6931472,1.0,0.0,1.0
aws-cli/1.16.300 Python/2.7.16 Linux/4.14.173-137.229.amzn2.x86_64 botocore/1.13.36,0.08881713,5.0689044,22.0,1.2126372,120.0
aws-cli/1.16.230 Python/3.6.9 Linux/5.3.0-45-generic botocore/1.12.220,0.08869267,4.465908,2.0,0.28216413,79.0
aws-cli/1.16.120 Python/3.7.4 Darwin/18.7.0 botocore/1.12.110,0.088662,3.637586,9.0,0.971686,29.0
aws-cli/1.16.115 Python/3.7.2 Darwin/18.6.0 botocore/1.12.105,0.08864792,0.6931472,1.0,0.0,1.0
aws-cli/1.18.22 Python/3.6.3 Darwin/19.3.0 botocore/1.15.22,0.088609084,4.406719,13.0,1.3002366,55.0
aws-cli/1.15.62 Python/3.6.2 Windows/10 botocore/1.10.61,0.08846513,1.9459101,2.0,0.45056123,5.0
aws-cli/1.16.264 Python/3.7.4 Linux/5.2.0-kali2-amd64 botocore/1.13.0,0.08840479,4.1743875,9.0,0.63670033,56.0
aws-cli/2.0.42 Python/3.7.3 Linux/5.4.0-42-generic exe/x86_64.ubuntu.18 command/apigateway.get-stages,0.088276304,0.6931472,1.0,0.0,1.0
aws-cli/2.0.41 Python/3.7.3 Linux/5.2.0-kali3-amd64 exe/x86_64.kali.2019 command/apigateway.get-stages,0.088276304,0.6931472,1.0,0.0,1.0
[Boto3/1.9.91 Python/3.6.7 Linux/4.15.0-47-generic Botocore/1.12.91 Resource],0.0882403,2.1972246,1.0,0.0,8.0
aws-cli/1.11.147 Python/3.6.1 Darwin/16.7.0 botocore/1.5.59,0.08817824,3.5263605,9.0,1.0579653,25.0
aws-cli/1.18.22 Python/3.7.4 Darwin/19.3.0 botocore/1.15.22,0.08815133,3.6888795,11.0,1.159675,29.0
aws-cli/1.11.85 Python/2.7.10 Darwin/16.5.0 botocore/1.5.48,0.088074565,3.5553482,10.0,1.15954,25.0
aws-cli/1.11.56 Python/3.5.2 Linux/4.4.0-64-generic botocore/1.5.19,0.08788104,1.609438,3.0,1.0397208,2.0
aws-cli/1.16.4 Python/2.7.9 Windows/8 botocore/1.11.4,0.08780028,3.7841897,12.0,1.6728654,23.0
aws-cli/1.11.107 Python/2.7.10 Darwin/16.7.0 botocore/1.5.70,0.087753765,1.9459101,6.0,1.7917595,1.0
aws-cli/1.11.127 Python/2.7.12+ Linux/4.6.0-kali1-amd64 botocore/1.5.90,0.08774638,0.6931472,1.0,0.0,1.0
"AWSCloudTrail, aws-internal/3 aws-sdk-java/1.11.590 Linux/4.4.83-0.1.fm.327.54.326.metal1.x86_64 OpenJDK_64-Bit_Server_VM/25.222-b10 java/1.8.0_222 vendor/Oracle_Corporation",0.08761892,1.9459101,2.0,0.6931472,3.0
aws-cli/1.14.12 Python/2.7.10 Darwin/17.4.0 botocore/1.8.16,0.08760099,2.9957323,1.0,0.0,19.0
aws-cli/1.14.44 Python/3.6.9 Linux/5.3.0-51-generic botocore/1.8.48,0.087600276,3.7841897,10.0,1.117569,32.0
[aws-cli/1.11.174 Python/2.7.12 Darwin/16.7.0 botocore/1.7.32],0.08750859,3.8066626,5.0,1.252986,21.0
aws-cli/1.16.38 Python/2.7.16rc1 Linux/4.19.0-kali1-amd64 botocore/1.12.28,0.08727189,3.218876,9.0,2.138333,4.0
aws-cli/1.11.55 Python/2.7.9 Windows/7 botocore/1.5.18,0.08721213,2.4849067,3.0,0.75954735,8.0
aws-cli/2.0.41 Python/3.7.3 Linux/5.2.0-kali3-amd64 exe/x86_64.kali.2019 command/iam.get-policy,0.087207556,1.0986123,1.0,0.0,2.0
aws-cli/2.0.54 Python/3.8.5 Darwin/18.7.0 source/x86_64 command/iam.get-policy,0.087207556,1.0986123,1.0,0.0,2.0
aws-cli/2.0.46 Python/3.7.7 Windows/10 exe/AMD64 command/iam.get-policy,0.087207556,1.0986123,1.0,0.0,2.0
aws-cli/1.16.113 Python/2.7.14 Linux/4.13.0-kali1-amd64 botocore/1.12.103,0.08718005,3.0445225,2.0,0.6108643,14.0
aws-cli/1.16.234 Python/3.7.4 Darwin/18.6.0 botocore/1.12.224,0.08710354,2.7725887,9.0,2.0262296,4.0
aws-cli/1.16.42 Python/2.7.5 Linux/4.9.93-linuxkit-aufs botocore/1.12.32,0.08709404,2.5649493,5.0,1.0986123,8.0
Boto3/1.10.19 Python/3.8.0 Linux/5.3.12-arch1-1 Botocore/1.13.19,0.087063015,0.6931472,1.0,0.0,1.0
[aws-cli/1.11.14 Python/2.7.11 Linux/4.4.0-64-generic botocore/1.4.71],0.08705497,2.3025851,2.0,0.6365142,6.0
aws-cli/1.11.81 Python/2.7.10 Darwin/16.3.0 botocore/1.5.44,0.0869703,3.7841897,12.0,1.9729941,18.0
aws-cli/2.0.50 Python/3.7.3 Linux/5.5.0-kali2-amd64 exe/x86_64.kali.2020 command/iam.get-user,0.086948395,1.3862944,1.0,0.0,3.0
aws-cli/1.18.69 Python/3.6.9 Linux/4.15.0-117-generic botocore/1.16.19,0.08688462,1.3862944,2.0,0.6365142,2.0
aws-cli/1.16.47 Python/2.7.15 Darwin/18.0.0 botocore/1.12.37,0.08674509,4.317488,8.0,0.80296946,61.0
aws-cli/1.16.102 Python/2.7.16 Linux/4.14.152-127.182.amzn2.x86_64 botocore/1.12.92,0.086623415,5.6312118,26.0,2.2477705,118.0
aws-cli/1.16.278 Python/2.7.16 Darwin/18.6.0 botocore/1.13.14,0.08659877,3.0445225,2.0,0.325083,18.0
aws-cli/1.14.18 Python/2.7.12 Linux/4.4.0-01985-Microsoft botocore/1.12.121,0.086538576,1.3862944,2.0,0.6365142,2.0
aws-cli/1.16.203 Python/3.6.0 Windows/10 botocore/1.12.193,0.086515516,4.634729,13.0,1.8425821,52.0
aws-cli/2.0.6 Python/3.7.5 Windows/10 botocore/2.0.0dev10,0.08638427,4.0253515,12.0,1.6131426,33.0
aws-cli/1.16.88 Python/2.7.10 Darwin/18.2.0 botocore/1.12.78,0.086321816,4.204693,2.0,0.36933312,58.0
aws-cli/1.11.169 Python/2.7.5 Linux/3.10.0-514.21.1.el7.x86_64 botocore/1.7.27,0.08625347,4.0073333,2.0,0.092216045,53.0
aws-cli/1.16.177 Python/2.7.16 Darwin/18.7.0 botocore/1.12.167,0.08617702,2.6390574,10.0,2.2450352,2.0
Boto3/1.9.62 Python/2.7.15+ Linux/4.18.0-kali1-amd64 Botocore/1.12.62,0.08614757,7.284821,58.0,3.666359,90.0
Boto3/1.9.218 Python/2.7.13 Windows/10 Botocore/1.12.218,0.08609714,1.0986123,1.0,0.0,2.0
aws-cli/1.16.259 Python/3.7.4 Windows/10 botocore/1.12.249,0.086077355,3.637586,9.0,1.0517821,28.0
aws-cli/1.16.183 Python/2.7.15+ Linux/5.0.0-27-generic botocore/1.12.173,0.08605748,2.3025851,3.0,0.9368882,5.0
aws-cli/1.14.44 Python/3.6.6 Linux/4.4.0-53329-Microsoft botocore/1.8.48,0.08600776,4.7706847,13.0,1.0552045,91.0
aws-cli/1.16.126 Python/3.6.7 Linux/4.15.0-47-generic botocore/1.12.116,0.08588571,2.3978953,1.0,0.0,10.0
aws-cli/1.11.13 Python/3.5.3 Linux/4.4.0-53329-Microsoft botocore/1.4.70,0.08575127,4.543295,18.0,1.4649523,63.0
aws-cli/1.18.135 Python/3.8.6 Linux/5.8.0-kali2-amd64 botocore/1.17.22,0.08574948,3.8501475,10.0,1.0518367,35.0
aws-cli/1.15.28 Python/2.7.15rc1 Linux/4.15.0-kali3-amd64 botocore/1.10.28,0.08574216,4.2341065,9.0,0.6612577,59.0
aws-cli/1.16.106 Python/3.6.0 Windows/7 botocore/1.12.96,0.08556589,2.3978953,2.0,0.67301166,6.0
aws-cli/1.16.90 Python/3.7.2 Darwin/18.2.0 botocore/1.12.80,0.08553661,4.6051702,16.0,1.422054,67.0
aws-cli/1.18.21 Python/2.7.16 Darwin/19.5.0 botocore/1.15.21,0.08549022,3.4339871,15.0,2.2049537,12.0
aws-cli/1.11.56 Python/3.4.3 Linux/3.13.0-108-generic botocore/1.5.19,0.08537074,2.0794415,2.0,0.68290806,4.0
aws-cli/2.0.8 Python/3.7.4 Darwin/19.6.0 botocore/2.0.0dev12,0.08528957,3.4011974,3.0,0.77150285,21.0
[Boto3/1.4.7 Python/2.7.13 Darwin/16.7.0 Botocore/1.7.38],0.085247755,5.030438,1.0,0.0,152.0
aws-cli/1.18.5 Python/3.7.4 Darwin/19.3.0 botocore/1.15.5,0.085074775,5.0689044,9.0,0.40655857,146.0
aws-cli/1.16.113 Python/3.7.3rc1 Linux/4.18.0-kali1-amd64 botocore/1.12.158,0.08495019,3.218876,11.0,2.369382,4.0
[Boto3/1.9.198 Python/3.6.6 Linux/4.15.0-kali3-amd64 Botocore/1.12.198 Resource],0.08492825,3.0445225,1.0,0.0,20.0
aws-cli/1.11.68 Python/2.7.9 Windows/7 botocore/1.5.31,0.08492405,2.3978953,8.0,1.9730014,3.0
[Boto3/1.4.6 Python/2.7.16rc1 Linux/4.19.0-kali3-amd64 Botocore/1.12.139],0.084910884,3.1354942,2.0,0.3046361,20.0
[Boto3/1.9.140 Python/2.7.15rc1 Linux/4.15.0-48-generic Botocore/1.12.140],0.084910884,3.1354942,2.0,0.3046361,20.0
aws-cli/2.0.0 Python/3.8.2 Darwin/18.7.0 botocore/2.0.0dev7,0.08490479,4.4308167,15.0,1.5744374,53.0
aws-cli/1.16.289 Python/3.7.5 Linux/5.3.0-kali2-amd64 botocore/1.13.25,0.084897265,3.637586,9.0,0.971686,29.0
aws-cli/1.16.253 Python/3.7.4 Linux/4.14.165-103.209.amzn1.x86_64 botocore/1.12.243,0.084891304,4.828314,23.0,2.127976,62.0
aws-cli/1.16.113 Python/3.6.6 Linux/4.17.0-kali1-amd64 botocore/1.12.103,0.08459583,3.5553482,4.0,1.2530463,16.0
aws-cli/2.0.0dev1 Python/3.7.3 Linux/5.2.0-kali2-amd64 botocore/2.0.0dev1,0.08444091,5.389072,33.0,2.093763,110.0
aws-cli/1.16.221 Python/2.7.10 Darwin/18.7.0 botocore/1.12.211,0.08434515,2.0794415,2.0,0.68290806,4.0
aws-cli/1.17.15 Python/3.7.6 Darwin/17.7.0 botocore/1.14.15,0.08434514,2.0794415,2.0,0.68290806,4.0
aws-cli/1.18.15 Python/3.6.9 Linux/4.4.0-039049-Microsoft botocore/1.15.15,0.084255576,4.3438053,10.0,0.62396485,67.0
aws-cli/1.11.56 Python/2.7.12 Linux/4.4.0-53-generic botocore/1.5.19,0.08415115,2.1972246,1.0,0.0,8.0
aws-cli/1.16.302 Python/2.7.10 Darwin/18.7.0 botocore/1.13.38,0.084046245,2.4849067,10.0,2.2718685,2.0
[Boto3/1.9.111 Python/3.7.2 Linux/4.15.15-1-ARCH Botocore/1.12.111],0.08403177,3.1354942,2.0,0.3046361,20.0
aws-cli/1.16.54 Python/3.6.0 Windows/7 botocore/1.12.44,0.08397197,3.295837,9.0,1.3522918,17.0
aws-cli/1.16.43 Python/3.6.0 Windows/7 botocore/1.12.33,0.08387737,2.5649493,10.0,2.2538576,2.0
aws-cli/2.0.5 Python/3.7.3 Linux/5.0.0-23-generic botocore/2.0.0dev9,0.083812855,3.2580965,8.0,1.1378081,18.0
aws-cli/1.16.207 Python/2.7.10 Darwin/18.6.0 botocore/1.12.197,0.0837794,4.0430512,9.0,1.3750874,36.0
aws-cli/1.11.36 Python/2.7.12 Linux/4.4.0-79-generic botocore/1.5.80,0.08367446,2.4849067,10.0,2.2718685,2.0
aws-cli/1.11.16 Python/2.7.10 Darwin/14.5.0 botocore/1.4.73,0.08362915,2.6390574,4.0,0.7937301,10.0
aws-cli/1.18.27 Python/3.7.5 Darwin/18.7.0 botocore/1.15.27,0.08353428,2.3025851,1.0,0.0,9.0
aws-cli/1.15.71 Python/3.5.2 Linux/4.15.0-33-generic botocore/1.10.70,0.0835192,3.4339871,9.0,1.134433,22.0
aws-cli/1.16.30 Python/2.7.15+ Linux/4.18.0-kali1-amd64 botocore/1.12.20,0.0835192,3.4339871,9.0,1.134433,22.0
aws-cli/2.0.40 Python/3.8.5 Darwin/19.6.0 source/x86_64 command/lambda.get-policy,0.08342157,0.6931472,1.0,0.0,1.0
aws-cli/2.0.50 Python/3.7.7 Windows/10 exe/AMD64 command/lambda.get-policy,0.08342157,0.6931472,1.0,0.0,1.0
aws-cli/1.18.47 Python/3.7.6 Linux/5.4.0-kali3-amd64 botocore/1.15.47,0.083399735,4.4308167,7.0,1.0651405,55.0
aws-cli/1.16.137 Python/3.6.0 Windows/10 botocore/1.12.127,0.08330027,2.3978953,2.0,0.67301166,6.0
aws-cli/1.15.32 Python/2.7.14+ Linux/4.15.0-kali2-amd64 botocore/1.10.32,0.083244406,1.609438,2.0,0.56233513,3.0
aws-cli/1.11.133 Python/3.6.4 Linux/4.15.3-300.fc27.x86_64 botocore/1.6.0,0.08315321,3.4339871,9.0,1.134433,22.0
aws-cli/1.16.229 Python/2.7.16+ Linux/4.14.131-linuxkit botocore/1.12.219,0.08306302,3.583519,15.0,2.3922658,10.0
aws-cli/1.16.197 Python/2.7.16 Linux/4.19.0-kali4-amd64 botocore/1.12.187,0.0830286,4.4886365,2.0,0.18490742,84.0
[Boto3/1.13.7 Python/2.7.17 Linux/5.3.0-kali2-amd64 Botocore/1.16.7],0.08298141,2.4849067,2.0,0.3046361,10.0
aws-cli/1.16.260 Python/3.7.5 Darwin/19.0.0 botocore/1.12.250,0.0829317,4.454347,2.0,0.18976232,81.0
aws-cli/1.14.38 Python/2.7.12 Linux/4.4.0-127-generic botocore/1.8.42,0.08293064,3.0910425,3.0,0.38050622,19.0
aws-cli/1.15.29 Python/2.7.15rc1 Linux/4.15.0-22-generic botocore/1.10.29,0.0826656,3.0910425,3.0,0.38050622,19.0
aws-cli/1.15.67 Python/2.7.9 Windows/8 botocore/1.10.66,0.08247423,2.1972246,3.0,0.97431475,4.0
aws-cli/1.16.220 Python/3.7.4 Darwin/18.7.0 botocore/1.12.210,0.08244935,4.6051702,9.0,0.49038076,90.0
[Cyberduck/243.252.60.944107 (Windows 10/10.0) (amd64)],0.08240565,2.6390574,2.0,0.54020417,10.0
aws-cli/1.11.56 Python/3.6.0 Linux/4.9.13.r836104771414-1-grsec botocore/1.5.19,0.082381725,3.295837,9.0,1.3522918,17.0
aws-cli/1.16.286 Python/3.6.8 Linux/4.4.0-039049-Microsoft botocore/1.13.22,0.08238077,3.5263605,3.0,0.43749496,29.0
aws-cli/1.16.101 Python/2.7.10 Darwin/17.7.0 botocore/1.12.91,0.0823046,2.5649493,4.0,1.3296614,4.0
aws-cli/1.14.30 Python/2.7.13 Darwin/17.3.0 botocore/1.8.34,0.08193991,3.8918202,4.0,0.4331293,43.0
[aws-cli/1.11.13 Python/3.5.2 Linux/4.4.0-157-generic botocore/1.4.70],0.08193104,1.0986123,1.0,0.0,2.0
[Boto3/1.4.3 Python/2.7.13 Linux/4.14.0-0.bpo.3-amd64 Botocore/1.12.27],0.08193104,1.0986123,1.0,0.0,2.0
[Boto3/1.9.146 Python/2.7.15 Linux/4.17.0-kali1-amd64 Botocore/1.12.146],0.08193103,1.0986123,1.0,0.0,2.0
aws-cli/1.16.149 Python/3.6.5 Darwin/18.6.0 botocore/1.12.139,0.08190297,4.317488,2.0,0.28140184,68.0
[Boto3/1.9.20 Python/2.7.15 Linux/4.16.0-kali2-amd64 Botocore/1.12.20],0.0818514,4.158883,7.0,1.8438157,11.0
aws-cli/1.16.116 Python/2.7.15+ Linux/5.0.0-23-generic botocore/1.12.106,0.08167674,4.2341065,8.0,0.9941015,52.0
aws-cli/1.16.113 Python/3.7.3 Linux/4.19.0-kali4-amd64 botocore/1.12.103,0.08161381,4.2341065,4.0,0.71520555,54.0
aws-sdk-ruby3/3.30.0 ruby/2.5.1 x86_64-linux-gnu aws-sdk-elasticloadbalancingv2/1.8.0,0.08161268,1.3862944,1.0,0.0,3.0
aws-sdk-ruby3/3.30.0 ruby/2.5.1 x86_64-linux-gnu aws-sdk-elasticloadbalancing/1.2.0,0.08161268,1.3862944,1.0,0.0,3.0
aws-cli/1.16.92 Python/3.7.2 Darwin/18.2.0 botocore/1.12.82,0.08149718,3.4339871,9.0,1.2238218,21.0
aws-cli/1.16.129 Python/3.6.0 Windows/10 botocore/1.12.119,0.08124379,2.944439,2.0,0.68696153,10.0
aws-cli/1.15.33 Python/2.7.15rc1 Linux/4.15.0-1012-azure botocore/1.10.33,0.08118512,3.7376697,5.0,1.0939426,19.0
aws-cli/1.16.274 Python/3.6.5 Darwin/18.6.0 botocore/1.13.10,0.081086814,1.609438,2.0,0.56233513,3.0
Boto3/1.14.29 Python/3.8.5 Darwin/19.0.0 Botocore/1.17.29,0.081086814,1.609438,2.0,0.56233513,3.0
aws-cli/1.14.44 Python/3.6.5 Linux/4.15.0-22-generic botocore/1.8.48,0.08105911,3.7841897,10.0,1.1175691,32.0
aws-cli/1.16.35 Python/2.7.16 Darwin/17.7.0 botocore/1.12.25,0.08097062,0.6931472,1.0,0.0,1.0
aws-cli/2.0.18 Python/3.8.3 Darwin/19.5.0 botocore/2.0.0dev22,0.0809706,0.6931472,1.0,0.0,1.0
[aws-cli/1.11.72 Python/2.7.10 Darwin/15.6.0 botocore/1.5.35],0.08094607,1.609438,2.0,0.56233513,3.0
aws-cli/1.11.111 Python/2.7.10 Darwin/16.7.0 botocore/1.5.74,0.080836564,2.6390574,2.0,0.2711894,12.0
aws-cli/1.11.94 Python/2.7.10 Darwin/16.6.0 botocore/1.5.57,0.08082871,2.944439,1.0,0.0,18.0
S3 Browser 6-4-1 http://s3browser.com,0.080800384,1.7917595,1.0,0.0,5.0
aws-cli/2.0.36 Python/3.7.3 Linux/5.0.0-38-generic exe/x86_64.ubuntu.19 command/lambda.get-policy,0.08076538,0.6931472,1.0,0.0,1.0
aws-cli/2.0.38 Python/3.7.7 Windows/10 exe/AMD64 command/lambda.get-policy,0.08076538,0.6931472,1.0,0.0,1.0
aws-cli/2.0.42 Python/3.7.3 Linux/5.2.0-kali2-amd64 exe/x86_64.kali.2019 command/lambda.get-policy,0.08076538,0.6931472,1.0,0.0,1.0
aws-cli/1.16.309 Python/2.7.17 Linux/5.3.0-3parrot3-amd64 botocore/1.13.45,0.08073139,3.9318256,11.0,1.0267191,39.0
aws-cli/1.16.283 Python/3.7.1 Darwin/19.0.0 botocore/1.13.19,0.08071037,3.871201,16.0,2.4912994,12.0
aws-cli/1.11.57 Python/2.7.12 Linux/4.8.0-39-generic botocore/1.5.20,0.080693685,3.295837,9.0,1.3522918,17.0
aws-cli/1.16.96 Python/3.6.7 Linux/4.15.0-45-generic botocore/1.12.86,0.08061668,4.3820267,14.0,2.0548139,35.0
aws-cli/1.15.3 Python/2.7.13 Windows/10 botocore/1.10.3,0.080487154,1.609438,2.0,0.56233513,3.0
aws-cli/1.10.46 Python/2.7.10 Darwin/16.4.0 botocore/1.4.36,0.08039678,2.3978953,6.0,1.609438,4.0
aws-cli/1.16.113 Python/3.7.2+ Linux/4.19.0-kali1-amd64 botocore/1.12.103,0.08035756,5.0172796,10.0,0.8630738,122.0
aws-cli/1.16.302 Python/3.6.9 Linux/5.0.0-37-generic botocore/1.13.38,0.08019884,2.0794415,3.0,0.9556999,4.0
aws-cli/1.16.251 Python/3.7.2 Darwin/19.0.0 botocore/1.12.241,0.08000819,2.8903718,9.0,2.002883,5.0
aws-cli/1.15.40 Python/2.7.10 Darwin/18.7.0 botocore/1.10.40,0.079983875,1.9459101,6.0,1.7917594,1.0
aws-cli/1.16.225 Python/2.7.16 Linux/4.18.0-kali2-amd64 botocore/1.12.215,0.079959616,2.8903718,4.0,0.79023474,13.0
aws-cli/1.15.71 Python/3.7.4 Linux/5.0.8-200.fc29.x86_64 botocore/1.10.41,0.07988149,4.3694477,9.0,1.3409181,37.0
aws-cli/1.18.24 Python/3.7.5 Darwin/19.4.0 botocore/1.12.253,0.07982468,2.7080503,12.0,2.4410152,2.0
aws-cli/1.11.10 Python/2.7.12 Darwin/13.4.0 botocore/1.4.67,0.07971981,3.1780539,5.0,1.3170769,10.0
aws-cli/1.11.154 Python/2.7.9 Windows/8 botocore/1.7.12,0.079717375,1.0986123,2.0,0.6931472,1.0
aws-cli/1.15.21 Python/2.7.10 Darwin/17.7.0 botocore/1.10.21,0.079717375,1.0986123,2.0,0.6931472,1.0
aws-cli/1.15.38 Python/2.7.10 Darwin/17.5.0 botocore/1.10.38,0.07962878,0.6931472,1.0,0.0,1.0
aws-cli/2.0.42 Python/3.7.3 Linux/5.7.0-kali1-amd64 exe/x86_64.kali.2020 command/lambda.get-policy,0.07960812,0.6931472,1.0,0.0,1.0
aws-cli/1.15.46 Python/2.7.12 Linux/4.15.0-24-generic botocore/1.10.46,0.07939591,3.637586,7.0,1.1821163,24.0
aws-cli/1.16.159 Python/2.7.16rc1 Linux/4.19.0-kali4-amd64 botocore/1.12.149,0.07935995,1.9459101,2.0,0.6365142,4.0
aws-cli/1.11.13 Python/3.5.2 Linux/4.4.0-57-generic botocore/1.4.70,0.079259515,2.6390574,11.0,2.3114233,3.0
aws-cli/1.17.0 Python/3.7.5 Darwin/19.2.0 botocore/1.14.0,0.07917874,2.4849067,10.0,2.2718687,2.0
aws-cli/1.14.9 Python/2.7.13 Linux/4.14.26-46.32.amzn1.x86_64 botocore/1.8.13,0.079000704,4.204693,17.0,2.0139995,32.0
aws-cli/1.16.292 Python/3.5.2 Linux/4.4.0-039049-Microsoft botocore/1.13.28,0.07899783,4.060443,3.0,0.23969278,54.0
aws-cli/1.16.170 Python/3.7.4 Darwin/18.6.0 botocore/1.12.160,0.07898365,5.273,25.0,2.2740097,82.0
aws-cli/1.16.104 Python/3.7.2 Linux/4.20.8-arch1-1-ARCH botocore/1.12.94,0.07886559,4.1108737,3.0,0.56272984,50.0
aws-cli/1.14.46 Python/2.7.14 Darwin/17.4.0 botocore/1.8.50,0.07882704,3.912023,11.0,1.6073253,26.0
aws-cli/1.15.24 Python/2.7.10 Darwin/17.4.0 botocore/1.10.24,0.078742936,3.3322046,2.0,0.3488321,24.0
aws-cli/1.16.258 Python/3.7.4 Linux/5.3.5-arch1-1-ARCH botocore/1.12.248,0.07861439,2.7725887,1.0,0.0,15.0
aws-cli/1.16.294 Python/3.6.0 Windows/10 botocore/1.13.30,0.0785257,4.1271343,2.0,0.24203613,57.0
aws-cli/1.11.24 Python/2.7.10 Darwin/16.5.0 botocore/1.4.81,0.07845515,3.871201,3.0,0.6647191,34.0
[aws-cli/2.0.7 Python/3.7.4 Darwin/19.6.0 botocore/2.0.0dev11],0.078385174,0.6931472,1.0,0.0,1.0
[aws-cli/1.18.125 Python/3.7.5 Linux/4.19.0-kali1-amd64 botocore/1.17.48],0.078385174,0.6931472,1.0,0.0,1.0
[aws-cli/1.18.37 Python/3.7.4 Darwin/19.6.0 botocore/1.15.37],0.078385174,0.6931472,1.0,0.0,1.0
[aws-cli/2.0.37 Python/3.8.5 Darwin/19.6.0 source/x86_64 command/s3.website],0.078385174,0.6931472,1.0,0.0,1.0
aws-cli/1.16.266 Python/3.7.3rc1 Darwin/19.0.0 botocore/1.13.2,0.07818708,3.5263605,2.0,0.3046361,30.0
Boto3/1.4.7 Python/3.6.2 Linux/4.13.7-1-ARCH Botocore/1.7.28,0.0781254,1.609438,2.0,0.56233513,3.0
aws-sdk-nodejs/2.595.0 linux/v13.0.0-nightly094669b393c1f promise,0.07803153,0.6931472,1.0,0.0,1.0
aws-cli/1.16.200 Python/3.7.4 Darwin/19.5.0 botocore/1.12.190,0.077982016,3.6109178,5.0,0.58796626,31.0
aws-cli/2.0.44 Python/3.7.3 Linux/5.7.0-kali1-amd64 exe/x86_64.kali.2020 command/ec2.describe-snapshots,0.07797797,3.7841897,1.0,0.0,43.0
aws-cli/1.11.52 Python/2.7.10 Darwin/16.4.0 botocore/1.5.15,0.07788666,3.0910425,9.0,1.4566965,13.0
aws-cli/1.14.38 Python/2.7.14 Linux/4.14.16-300.fc27.x86_64 botocore/1.8.42,0.07787231,4.4426513,18.0,1.4559133,58.0
aws-cli/1.16.300 Python/3.7.5 Darwin/19.2.0 botocore/1.13.36,0.077867754,4.4426513,4.0,0.28844813,79.0
[Boto3/1.10.8 Python/2.7.13 Linux/4.19.60-43360-g54aa645572 Botocore/1.13.8],0.07785694,3.465736,1.0,0.0,31.0
aws-cli/1.11.44 Python/2.7.12 CYGWIN_NT-10.0/2.6.1(0.305/5/3) botocore/1.5.7,0.07785194,2.6390574,4.0,0.79373,10.0
aws-cli/2.0.49 Python/3.7.4 Darwin/19.6.0 exe/x86_64 command/apigateway.get-resources,0.07776207,1.3862944,1.0,0.0,3.0
[Boto3/1.7.60 Python/2.7.15 Linux/4.16.0-kali2-amd64 Botocore/1.10.60],0.07763092,2.3978953,1.0,0.0,10.0
aws-cli/1.16.247 Python/2.7.15+ Linux/4.15.0-55-generic botocore/1.12.237,0.07752011,4.65396,14.0,1.7593749,55.0
aws-cli/1.11.167 Python/2.7.10 Linux/4.4.14-200.fc22.x86_64 botocore/1.7.25,0.07749357,3.0910425,9.0,1.4566965,13.0
aws-cli/1.16.210 Python/2.7.15+ Linux/4.15.0-66-generic botocore/1.12.200,0.07746514,3.9702919,13.0,1.2296263,38.0
aws-cli/1.16.298 Python/3.8.0 Linux/4.19.86-1-lts botocore/1.13.34,0.07743901,1.7917595,5.0,1.609438,1.0
[aws-cli/1.15.15 Python/3.6.6rc1 Linux/4.16.0-kali2-amd64 botocore/1.10.15],0.077378936,1.9459101,4.0,1.3296614,2.0
aws-cli/1.16.53 Python/2.7.15 Windows/10 botocore/1.12.43,0.077374,1.7917595,5.0,1.609438,1.0
aws-cli/1.11.13 Python/3.5.2 Linux/4.8.0-58-generic botocore/1.4.70,0.07732329,2.3978953,4.0,1.3138341,3.0
aws-cli/1.16.71 Python/3.7.0 Darwin/18.6.0 botocore/1.12.61,0.077303,1.609438,2.0,0.6931472,2.0
aws-cli/1.16.130 Python/3.6.2 Darwin/17.7.0 botocore/1.12.120,0.076954804,4.1431346,4.0,0.5187004,54.0
aws-cli/1.16.270 Python/3.7.5rc1 Linux/5.3.0-19-generic botocore/1.13.6,0.076934464,2.3025851,5.0,1.3030925,5.0
aws-cli/1.15.68 Python/2.7.14+ Linux/4.15.0-kali2-amd64 botocore/1.10.67,0.076911226,2.4849067,10.0,2.2718685,2.0
[aws-cli/1.16.190 Python/3.7.4 Darwin/18.7.0 botocore/1.12.180],0.0766801,1.0986123,2.0,0.6931472,1.0
aws-cli/1.16.306 Python/3.8.0 Windows/10 botocore/1.13.44,0.07647514,3.4965076,3.0,0.44706208,28.0
aws-cli/1.14.44 Python/3.6.5 Linux/4.4.0-53329-Microsoft botocore/1.8.48,0.076276235,5.1357985,21.0,1.9874827,77.0
aws-cli/1.16.41 Python/3.6.6 MSYS_NT-10.0/2.10.0(0.325/5/3) botocore/1.12.31,0.076276176,4.553877,9.0,0.55434585,84.0
aws-cli/1.16.219 Python/2.7.15+ Linux/4.15.0-1044-aws botocore/1.12.209,0.07606181,3.0445225,5.0,1.4184836,8.0
aws-cli/1.11.36 Python/2.7.10 Darwin/15.6.0 botocore/1.4.93,0.075983375,2.4849067,2.0,0.6890092,6.0
aws-cli/1.11.173 Python/2.7.9 Linux/3.16.0-6-amd64 botocore/1.8.20,0.075865135,0.6931472,1.0,0.0,1.0
aws-cli/1.14.44 Python/3.6.4 Linux/4.14.0-kali3-amd64 botocore/1.8.48,0.07580064,2.3978953,3.0,0.6390319,8.0
aws-cli/1.11.21 Python/2.7.10 Darwin/15.6.0 botocore/1.4.78,0.07580064,2.3978953,3.0,0.6390319,8.0
aws-cli/1.16.105 Python/3.6.4 Darwin/18.2.0 botocore/1.12.95,0.07578391,4.934474,10.0,1.3124398,94.0
[aws-cli/2.0.28 Python/3.7.4 Darwin/19.5.0 botocore/2.0.0dev32],0.07561283,1.609438,1.0,0.0,4.0
aws-cli/1.15.42 Python/2.7.10 Darwin/17.7.0 botocore/1.10.42,0.075562455,2.8903718,3.0,0.67790866,13.0
aws-cli/2.0.5 Python/3.7.3 Linux/4.19.0-kali4-amd64 botocore/2.0.0dev9,0.07555038,3.3672957,4.0,0.73630935,22.0
[Transmit/4.4.11 neon/0.29.3],0.075526185,0.6931472,1.0,0.0,1.0
[aws-cli/1.11.13 Python/3.5.2 Linux/4.15.0-29-generic botocore/1.4.70],0.075179674,2.3978953,2.0,0.325083,9.0
aws-cli/1.16.120 Python/3.7.2+ Linux/4.4.0-01985-Microsoft botocore/1.12.110,0.07517548,1.0986123,1.0,0.0,2.0
aws-cli/1.16.96 Python/2.7.15rc1 Linux/4.15.0-44-generic botocore/1.12.86,0.07517548,1.0986123,1.0,0.0,2.0
aws-cli/2.0.50 Python/3.7.3 Linux/4.15.0-117-generic exe/x86_64.ubuntu.18 command/lambda.get-policy,0.075118534,0.6931472,1.0,0.0,1.0
aws-cli/1.16.113 Python/3.7.2+ Linux/4.19.0-kali3-amd64 botocore/1.12.103,0.07504029,4.4886365,11.0,1.1303022,66.0
aws-cli/1.18.136 Python/3.8.5 Linux/5.7.0-kali1-amd64 botocore/1.17.59,0.07487633,3.9512436,2.0,0.16544351,49.0
aws-cli/1.11.41 Python/3.6.0 Linux/4.8.13-1-ARCH botocore/1.5.4,0.07481781,3.1354942,2.0,0.3046361,20.0
aws-cli/1.15.76 Python/2.7.10 Darwin/17.7.0 botocore/1.10.75,0.07477853,0.6931472,1.0,0.0,1.0
aws-cli/2.0.36 Python/3.7.3 Linux/5.0.0-38-generic exe/x86_64.ubuntu.19 command/ec2.describe-snapshots,0.0746046,3.7376697,1.0,0.0,41.0
aws-cli/1.16.208 Python/3.5.1 Darwin/17.7.0 botocore/1.12.198,0.074488185,4.65396,3.0,0.18968317,100.0
aws-cli/2.0.52 Python/3.7.4 Darwin/18.7.0 exe/x86_64 command/lambda.get-policy,0.074404225,0.6931472,1.0,0.0,1.0
aws-cli/2.0.46 Python/3.7.3 Linux/5.7.0-kali1-amd64 exe/x86_64.kali.2020 command/lambda.get-policy,0.074404225,0.6931472,1.0,0.0,1.0
aws-cli/1.14.16 Python/2.7.12 Linux/3.4.0+ botocore/1.8.20,0.074324414,3.4339871,2.0,0.45056123,25.0
aws-cli/1.15.15 Python/3.7.5rc1 Linux/4.15.0-kali2-amd64 botocore/1.13.37,0.074259974,4.7706847,2.0,0.11924693,114.0
aws-cli/1.18.14 Python/2.7.16 Linux/4.19.0-kali4-amd64 botocore/1.15.14,0.074258395,3.7376697,9.0,0.97479534,32.0
aws-cli/1.16.81 Python/3.7.2+ Linux/4.14.0-kali3-amd64 botocore/1.12.71,0.07425397,1.0986123,1.0,0.0,2.0
aws-cli/1.16.60 Python/2.7.16 Linux/4.19.0-2-amd64 botocore/1.12.50,0.07421881,1.9459101,3.0,1.0986123,2.0
aws-cli/1.16.199 Python/3.7.3 Darwin/18.6.0 botocore/1.12.189,0.07419806,4.0073333,2.0,0.26405206,50.0
aws-cli/1.16.110 Python/3.7.2 Darwin/18.5.0 botocore/1.12.100,0.074189655,3.218876,10.0,2.2538576,4.0
[aws-cli/1.11.35 Python/2.7.12 Darwin/16.4.0 botocore/1.4.92],0.07397719,1.609438,1.0,0.0,4.0
aws-cli/1.11.50 Python/2.7.13 Linux/4.4.51-1-lts botocore/1.5.13,0.073964775,1.7917595,2.0,0.50040245,4.0
[aws-cli/1.18.102 Python/2.7.16 Linux/4.14.165-133.209.amzn2.x86_64 botocore/1.17.25],0.07394639,2.3025851,3.0,0.9368883,5.0
aws-cli/1.14.8 Python/2.7.14 Linux/4.14.47-64.38.amzn2.x86_64 botocore/1.8.12,0.07383169,3.4965076,12.0,2.1497335,8.0
aws-cli/1.16.109 Python/3.5.2 Linux/4.4.0-151-generic botocore/1.12.99,0.073823705,3.9318256,8.0,1.8814116,12.0
aws-cli/1.16.50 Python/3.7.1 Darwin/18.0.0 botocore/1.12.40,0.07380444,4.6151204,29.0,2.34946,47.0
aws-cli/1.11.35 Python/2.7.10 Darwin/14.5.0 botocore/1.4.92,0.0737889,1.0986123,2.0,0.6931472,1.0
aws-cli/1.11.130 Python/2.7.13 Linux/4.11.10-200.fc25.x86_64 botocore/1.5.93,0.07375672,2.4849067,5.0,1.366711,5.0
aws-cli/1.16.251 Python/2.7.16 Darwin/19.3.0 botocore/1.12.241,0.073480226,1.3862944,3.0,1.0986123,1.0
aws-cli/1.16.120 Python/3.7.2+ Linux/4.18.0-kali2-amd64 botocore/1.12.110,0.07337914,5.42495,2.0,0.08894405,222.0
aws-cli/1.11.13 Python/3.5.2 Linux/4.11.2-349825-generic botocore/1.4.70,0.07335709,2.6390574,11.0,2.3516731,2.0
[Boto3/1.11.13 Python/3.7.6 Linux/5.4.0-kali3-amd64 Botocore/1.14.13],0.073317364,4.4188404,9.0,2.1433887,10.0
aws-cli/1.15.40 Python/2.7.12 Linux/4.4.0-116-generic botocore/1.10.50,0.07329394,3.8066626,2.0,0.10847132,43.0
aws-cli/1.16.149 Python/3.7.2 Darwin/18.5.0 botocore/1.12.139,0.07320028,4.0073333,3.0,0.4195559,48.0
aws-cli/1.16.311 Python/3.6.0 Windows/10 botocore/1.13.47,0.07296101,3.6635616,9.0,0.9524303,30.0
aws-cli/1.16.168 Python/3.6.0 Windows/10 botocore/1.12.158,0.07287008,1.9459101,2.0,0.45056123,5.0
aws-cli/2.0.40 Python/3.7.3 Linux/4.19.0-kali1-amd64 exe/x86_64.kali.2020 command/sts.get-caller-identity,0.07277948,1.9459101,1.0,0.0,6.0
aws-cli/1.15.51 Python/2.7.6 Linux/3.13.0-153-generic botocore/1.12.63,0.072778374,3.0910425,4.0,0.9550808,14.0
[aws-cli/1.14.36 Python/3.6.4 Linux/4.14.0-kali3-amd64 botocore/1.8.50],0.07274034,0.6931472,1.0,0.0,1.0
[aws-cli/2.0.36 Python/3.7.3 Linux/5.0.0-38-generic exe/x86_64.ubuntu.19 command/s3api.get-bucket-policy],0.07274034,0.6931472,1.0,0.0,1.0
aws-cli/1.11.85 Python/2.7.10 Darwin/15.6.0 botocore/1.5.48,0.07270052,3.8918202,3.0,0.27357382,45.0
aws-cli/1.18.86 Python/3.8.3rc1 Linux/5.6.0-kali1-amd64 botocore/1.17.16,0.07257749,4.0775375,12.0,1.89526,24.0
aws-cli/1.16.40 Python/2.7.14 Windows/10 botocore/1.12.30,0.072532505,3.465736,10.0,1.2403443,22.0
aws-cli/1.18.36 Python/3.7.7 Linux/4.19.0-kali3-amd64 botocore/1.15.36,0.07243081,1.3862944,1.0,0.0,3.0
aws-cli/1.10.58 Python/2.7.11 Darwin/17.6.0 botocore/1.4.48,0.072387815,1.7917595,2.0,0.50040245,4.0
aws-cli/1.17.14 Python/3.7.6 Linux/4.4.0-039049-Microsoft botocore/1.14.14,0.07221107,5.17615,2.0,0.035043392,175.0
aws-cli/1.16.72 Python/2.7.15+ Linux/4.17.0-kali3-amd64 botocore/1.12.62,0.072155796,3.912023,9.0,1.6017224,27.0
[aws-cli/1.15.15 Python/3.6.5rc1 Linux/4.14.0-kali3-amd64 botocore/1.10.15],0.072035514,1.7917595,2.0,0.67301166,3.0
aws-sdk-ruby3/3.30.0 ruby/2.5.1 x86_64-linux-gnu aws-sdk-cloudfront/1.2.0,0.07193629,1.3862944,1.0,0.0,3.0
aws-cli/1.16.191 Python/2.7.13 Linux/4.9.0-kali3-amd64 botocore/1.12.181,0.07192938,1.9459101,2.0,0.6365142,4.0
aws-cli/1.14.44 Python/3.6.5rc1 Linux/4.15.0-kali2-amd64 botocore/1.8.48,0.07192141,3.871201,3.0,0.58980846,38.0
aws-cli/1.14.44 Python/3.6.8 Linux/5.3.0-45-generic botocore/1.8.48,0.0718573,3.6635616,9.0,0.9524303,30.0
aws-cli/1.14.43 Python/2.7.10 Darwin/17.4.0 botocore/1.8.47,0.07185217,3.871201,3.0,0.27800635,44.0
aws-cli/2.0.0dev3 Python/3.7.4 Darwin/19.5.0 botocore/2.0.0dev2,0.071781136,4.2195077,11.0,1.4396636,41.0
AWSToolkitPackage.VS2015/67.6.49.120 .NET_Runtime/4.0 .NET_Framework/4.0 OS/Microsoft_Windows_NT_6.1.7601_Service_Pack_1 ClientSync,0.07176378,1.0986123,2.0,0.6931472,1.0
"Mozilla/5.0 (Windows NT 6.3; Win64; x64) AppleWebKit/537.36 (KHTML, like Gecko) Chrome/58.0.3029.110 Safari/537.36",0.07168296,1.7917595,1.0,0.0,5.0
"Mozilla/5.0 (Windows NT 6.3; WOW64) AppleWebKit/537.36 (KHTML, like Gecko) Chrome/57.0.2987.98 Safari/537.36",0.07168296,1.7917595,1.0,0.0,5.0
aws-cli/1.16.106 Python/3.7.2+ Linux/4.20.0-trunk-amd64 botocore/1.12.96,0.07160704,4.1108737,13.0,1.8300638,32.0
[aws-cli/1.11.13 Python/3.5.2 Linux/4.4.0-64-generic botocore/1.4.70],0.0715911,2.4849067,1.0,0.0,11.0
[Boto3/1.9.209 Python/2.7.13 Linux/4.12.0-kali2-686 Botocore/1.12.209 Resource],0.07158153,2.1972246,1.0,0.0,8.0
aws-cli/2.0.50 Python/3.8.5 Darwin/19.6.0 source/x86_64 command/lambda.list-functions,0.07157777,0.6931472,1.0,0.0,1.0
aws-cli/1.16.219 Python/2.7.15rc1 Linux/4.15.0-45-generic botocore/1.12.209,0.071574524,3.8286414,10.0,1.8900608,14.0
aws-cli/1.11.170 Python/2.7.10 Darwin/16.7.0 botocore/1.7.28,0.0715438,3.0910425,3.0,0.38050622,19.0
[aws-cli/1.11.75 Python/2.7.14 Darwin/16.7.0 botocore/1.5.38],0.071541205,2.0794415,2.0,0.5982696,5.0
aws-cli/1.7.25 Python/2.7.13 Darwin/15.6.0,0.07141162,2.0794415,6.0,1.7478683,2.0
aws-cli/1.16.120 Python/3.7.2 Darwin/18.7.0 botocore/1.12.110,0.07126102,2.3978953,4.0,1.3661588,3.0
aws-cli/1.17.17 Python/2.7.17 Darwin/18.7.0 botocore/1.14.17,0.07117039,3.6888795,9.0,0.9339821,31.0
aws-cli/2.0.6 Python/3.7.4 Darwin/19.2.0 botocore/2.0.0dev10,0.07109735,2.6390574,9.0,1.9459348,5.0
aws-cli/1.11.44 Python/3.4.4 Darwin/16.4.0 botocore/1.5.7,0.07108083,3.1354942,2.0,0.47413933,18.0
aws-cli/1.11.56 Python/2.7.12 Linux/4.4.0-64-generic botocore/1.5.19,0.07103941,2.8903718,9.0,1.6699767,9.0
aws-cli/1.16.230 Python/2.7.16 Linux/4.19.0-kali4-amd64 botocore/1.12.220,0.071007855,1.3862944,2.0,0.6365142,2.0
aws-cli/1.11.136 Python/3.4.3 Darwin/16.6.0 botocore/1.6.3,0.0709541,3.3672957,4.0,0.97245157,18.0
aws-cli/1.16.169 Python/3.5.3 Linux/4.9.0-9-amd64 botocore/1.12.159,0.0709487,4.1108737,3.0,0.38873443,54.0
aws-cli/1.11.38 Python/2.7.10 Darwin/16.6.0 botocore/1.5.1,0.0708334,1.9459101,6.0,1.7917594,1.0
aws-cli/1.14.32 Python/3.6.4 Linux/4.14.0-kali3-amd64 botocore/1.8.36,0.0708334,1.9459101,6.0,1.7917594,1.0
aws-cli/1.17.9 Python/3.6.0 Windows/10 botocore/1.14.9,0.07082413,3.8066626,12.0,1.2898842,31.0
aws-cli/1.16.235 Python/3.6.2 Windows/10 botocore/1.12.225,0.07079984,1.9459101,2.0,0.45056123,5.0
aws-cli/1.16.191 Python/3.7.3 Linux/5.0.0-17-generic botocore/1.12.181,0.07077414,2.3978953,1.0,0.0,10.0
aws-cli/1.16.234 Python/2.7.15 Darwin/18.7.0 botocore/1.12.231,0.07075037,3.583519,4.0,0.5458693,30.0
aws-cli/1.16.19 Python/3.6.4 Darwin/17.7.0 botocore/1.12.9,0.07068294,4.0775375,12.0,1.0000328,46.0
aws-cli/2.0.42 Python/3.7.3 Linux/5.4.0-42-generic exe/x86_64.ubuntu.18 command/apigateway.get-rest-apis,0.070672534,0.6931472,1.0,0.0,1.0
aws-sdk-ruby3/3.35.0 ruby/2.5.1 x86_64-darwin17 aws-sdk-apigateway/1.21.0,0.070672534,0.6931472,1.0,0.0,1.0
aws-sdk-ruby3/3.103.0 ruby/2.5.7 x86_64-linux-gnu aws-sdk-apigateway/1.21.0,0.070672534,0.6931472,1.0,0.0,1.0
aws-cli/1.14.44 Python/3.6.8 Linux/4.15.0-52-generic botocore/1.8.48,0.07064987,4.1431346,10.0,1.6539488,32.0
aws-cli/1.17.14 Python/3.6.0 Windows/10 botocore/1.14.14,0.0706082,3.0445225,3.0,0.39439774,18.0
aws-cli/2.0.5 Python/3.7.4 Darwin/19.3.0 botocore/2.0.0dev9,0.070488684,1.0986123,2.0,0.6931472,1.0
aws-cli/1.15.4 Python/2.7.14 Darwin/17.2.0 botocore/1.10.4,0.07045532,3.6635616,4.0,0.36292347,35.0
aws-cli/1.16.170 Python/3.6.0 Windows/10 botocore/1.12.160,0.070441514,4.0775375,2.0,0.25095478,54.0
aws-cli/1.16.144 Python/3.7.3 Darwin/19.2.0 botocore/1.13.23,0.0703513,3.8066626,17.0,2.2857406,16.0
aws-cli/1.11.190 Python/2.7.9 Windows/8 botocore/1.7.48,0.07031204,2.3025851,7.0,1.8891592,2.0
aws-cli/1.11.93 Python/2.7.9 Windows/8 botocore/1.5.56,0.07030049,1.609438,3.0,1.0397208,2.0
aws-cli/1.18.51 Python/3.7.3rc1 Linux/4.19.0-kali1-amd64 botocore/1.16.1,0.070291504,3.8286414,9.0,1.0885242,33.0
[aws-cli/1.18.97 Python/2.7.18 Linux/5.6.0-kali2-amd64 botocore/1.17.20],0.07017961,1.3862944,1.0,0.0,3.0
aws-cli/1.15.15 Python/3.6.6 Linux/4.16.0-kali2-amd64 botocore/1.10.19,0.070120245,3.6888795,9.0,1.2782212,26.0
aws-cli/1.11.146 Python/2.7.13 Linux/4.9.0-kali3-amd64 botocore/1.7.4,0.07011555,2.6390574,2.0,0.2711894,12.0
aws-cli/1.15.74 Python/3.7.0 Linux/4.18.1-zen1-1-zen botocore/1.10.73,0.070097215,2.3978953,9.0,2.1639557,2.0
[aws-cli/1.16.78 Python/3.7.2 Darwin/18.2.0 botocore/1.12.68],0.070082754,2.5649493,2.0,0.45056123,10.0
aws-cli/1.16.243 Python/3.6.8 Linux/4.14.128-87.105.amzn1.x86_64 botocore/1.12.233,0.07002716,3.8286414,10.0,1.4196105,28.0
aws-cli/1.16.146 Python/3.6.7 Linux/4.15.0-48-generic botocore/1.12.136,0.070020065,2.5649493,5.0,1.5607104,4.0
aws-cli/1.16.1 Python/2.7.14 Darwin/17.7.0 botocore/1.11.1,0.069763266,1.9459101,6.0,1.7917594,1.0
aws-cli/1.14.44 Python/3.6.9 Linux/4.15.0-76-generic botocore/1.12.63,0.069701895,3.6888795,9.0,0.9339821,31.0
aws-cli/1.11.104 Python/3.6.1 Darwin/17.7.0 botocore/1.8.22,0.06963762,3.8501475,14.0,2.019705,20.0
aws-cli/2.0.24 Python/3.7.3 Linux/5.4.0-33-generic botocore/2.0.0dev28,0.069556184,3.7612002,9.0,0.8829968,34.0
"[S3Console/0.4, aws-internal/3 aws-sdk-java/1.11.772 Linux/4.9.217-0.1.ac.205.84.332.metal1.x86_64 OpenJDK_64-Bit_Server_VM/25.252-b09 java/1.8.0_252 vendor/Oracle_Corporation]",0.06953862,3.465736,5.0,1.544774,11.0
aws-cli/1.16.158 Python/3.6.0 Windows/10 botocore/1.12.148,0.069411054,2.1972246,2.0,0.6931472,4.0
aws-cli/1.16.10 Python/3.6.6 Linux/4.15.0-36-generic botocore/1.12.0,0.069403075,3.0445225,9.0,1.5047883,12.0
aws-cli/2.0.49 Python/3.7.4 Darwin/19.6.0 exe/x86_64 command/iam.list-attached-role-policies,0.069396734,1.3862944,1.0,0.0,3.0
aws-cli/1.16.218 Python/3.7.5 Linux/5.0.0-38-generic botocore/1.12.208,0.06918262,3.8066626,9.0,0.92456514,35.0
aws-cli/2.0.51 Python/3.7.3 Linux/5.7.0-kali1-amd64 exe/x86_64.kali.2020 command/apigateway.get-rest-apis,0.068984635,0.6931472,1.0,0.0,1.0
aws-sdk-ruby3/3.105.0 ruby/2.7.1 x86_64-linux-musl aws-sdk-apigateway/1.21.0,0.068984635,0.6931472,1.0,0.0,1.0
aws-sdk-ruby3/3.94.0 ruby/2.5.7 x86_64-linux-gnu aws-sdk-apigateway/1.21.0,0.068984635,0.6931472,1.0,0.0,1.0
aws-cli/1.11.105 Python/2.7.10 Darwin/16.5.0 botocore/1.5.68,0.06895107,4.3820267,14.0,1.8839669,34.0
aws-cli/1.16.58 Python/2.7.10 Darwin/18.2.0 botocore/1.12.48,0.068802536,3.4965076,6.0,1.0643625,22.0
aws-cli/1.14.9 Python/2.7.10 Darwin/16.7.0 botocore/1.8.13,0.06873403,2.944439,2.0,0.45056123,15.0
aws-cli/1.11.175 Python/2.7.14 Darwin/16.7.0 botocore/1.7.33,0.06861767,3.1354942,5.0,1.1465958,13.0
aws-cli/1.14.69 Python/2.7.12 Linux/4.15.0-33-generic botocore/1.9.22,0.06854045,3.5263605,4.0,0.658031,27.0
aws-cli/1.11.107 Python/2.7.10 Darwin/15.6.0 botocore/1.5.70,0.06850636,4.189655,13.0,1.5521035,39.0
Boto3/1.9.134 Python/3.7.3rc1 Linux/4.19.0-4-amd64 Botocore/1.12.134,0.06845019,1.609438,2.0,0.6931472,2.0
aws-cli/1.16.102 Python/2.7.14 Linux/4.14.104-95.84.amzn2.x86_64 botocore/1.12.92,0.06843791,3.3672957,9.0,2.1439524,4.0
aws-cli/1.16.124 Python/3.6.0 Windows/10 botocore/1.12.114,0.06831668,3.465736,10.0,1.3268496,21.0
aws-cli/1.16.177 Python/3.7.3 Windows/10 botocore/1.12.167,0.06824484,4.1108737,8.0,1.7046983,24.0
aws-cli/1.14.53 Python/2.7.14+ Linux/4.14.0-kali3-amd64 botocore/1.9.6,0.06822237,5.0039463,17.0,1.7030028,89.0
aws-cli/1.15.70 Python/2.7.9 Windows/8 botocore/1.10.69,0.06820011,4.6151204,3.0,0.26515839,94.0
aws-cli/1.10.34 Python/2.7.15rc1 Linux/4.15.0-30-generic botocore/1.4.24,0.06818669,1.0986123,2.0,0.6931472,1.0
aws-cli/1.15.71 Python/2.7.15 Linux/4.15.0-kali3-amd64 botocore/1.10.70,0.06818669,1.0986123,2.0,0.6931472,1.0
aws-cli/1.14.63 Python/3.6.5 Darwin/18.0.0 botocore/1.10.64,0.06818669,1.0986123,2.0,0.6931472,1.0
aws-cli/2.0.37 Python/3.8.5 Darwin/19.6.0 source/x86_64 command/iam.get-user,0.06818047,1.3862944,1.0,0.0,3.0
aws-cli/1.16.220 Python/3.6.0 Windows/10 botocore/1.12.210,0.068174705,2.7080503,2.0,0.5982696,10.0
aws-cli/1.16.111 Python/3.6.8rc1 Linux/4.17.0-kali3-amd64 botocore/1.12.101,0.068174705,2.7080503,2.0,0.5982696,10.0
aws-cli/1.18.6 Python/3.6.8 Linux/4.15.0-54-generic botocore/1.15.6,0.06813247,5.4510384,9.0,0.6575062,201.0
[aws-cli/1.14.28 Python/2.7.13 Darwin/16.7.0 botocore/1.8.32],0.06807359,2.3978953,4.0,1.1682825,5.0
[Boto3/1.15.6 Python/3.8.2 Linux/5.4.0-48-generic Botocore/1.18.6],0.06800037,4.406719,9.0,2.120291,10.0
aws-cli/1.16.24 Python/2.7.10 Darwin/17.7.0 botocore/1.12.14,0.06798155,3.8066626,2.0,0.3046361,40.0
aws-cli/1.14.44 Python/3.6.9 Linux/4.15.0-74-generic botocore/1.8.48,0.06785636,3.8066626,8.0,1.049257,32.0
aws-cli/1.11.190 Python/3.6.3 Darwin/18.0.0 botocore/1.7.48,0.06782497,1.0986123,2.0,0.6931472,1.0
aws-cli/1.18.58 Python/3.8.2 Linux/5.5.0-kali2-amd64 botocore/1.16.8,0.06782497,1.0986123,2.0,0.6931472,1.0
aws-cli/2.0.9 Python/3.7.4 Darwin/18.7.0 botocore/2.0.0dev13,0.06782497,1.0986123,2.0,0.6931472,1.0
aws-cli/1.16.4 Python/2.7.10 Darwin/17.6.0 botocore/1.11.4,0.06782497,1.0986123,2.0,0.6931472,1.0
aws-cli/1.11.133 Python/3.5.4 Linux/4.13.16-100.fc25.x86_64 botocore/1.6.0,0.06782497,1.0986123,2.0,0.6931472,1.0
aws-cli/1.15.65 Python/2.7.14 CYGWIN_NT-6.1/2.10.0(0.325/5/3) botocore/1.10.64,0.06782497,1.0986123,2.0,0.6931472,1.0
aws-cli/1.10.43 Python/2.7.16 Darwin/19.4.0 botocore/1.4.33,0.06782497,1.0986123,2.0,0.6931472,1.0
[aws-cli/1.16.170 Python/3.7.4 Darwin/18.6.0 botocore/1.12.160],0.06773992,2.944439,3.0,0.6837389,14.0
aws-cli/1.18.6 Python/3.6.9 Linux/4.4.0-01985-Microsoft botocore/1.15.6,0.067736045,3.713572,9.0,0.992882,31.0
aws-cli/1.14.10 Python/2.7.10 Linux/4.13.0-26-generic botocore/1.8.14,0.06773459,1.609438,2.0,0.56233513,3.0
[aws-cli/2.0.50 Python/3.7.3 Linux/5.4.0-48-generic exe/x86_64.ubuntu.20 command/s3api.get-bucket-policy],0.067635216,0.6931472,1.0,0.0,1.0
[aws-cli/2.0.44 Python/3.8.5 Darwin/19.6.0 source/x86_64 command/s3api.get-bucket-policy],0.067635216,0.6931472,1.0,0.0,1.0
aws-cli/2.0.50 Python/3.8.5 Darwin/19.6.0 source/x86_64 command/lambda.get-policy,0.06761363,0.6931472,1.0,0.0,1.0
aws-cli/1.15.63 Python/3.4.7 Linux/4.4.83-0.1.fm.327.54.326.metal1.x86_64 botocore/1.10.62,0.06759086,4.2195077,4.0,0.33636177,62.0
aws-cli/1.11.56 Python/2.7.10 Linux/4.1.13-19.30.amzn1.x86_64 botocore/1.4.93,0.06758685,3.8286414,11.0,1.1809438,33.0
aws-cli/1.11.13 Python/3.5.2 Linux/4.3.0-kali1-amd64 botocore/1.4.70,0.06756309,2.8903718,9.0,1.6699767,9.0
aws-cli/1.11.121 Python/3.6.2 Darwin/16.7.0 botocore/1.5.84,0.06750937,3.0445225,9.0,1.5047883,12.0
aws-cli/1.11.56 Python/2.7.13 Darwin/16.5.0 botocore/1.5.19,0.06741373,2.9957323,9.0,1.5561839,11.0
aws-cli/1.15.75 Python/3.7.0 Darwin/15.6.0 botocore/1.10.74,0.067275606,3.583519,11.0,1.3365028,24.0
Boto3/1.4.2 Python/2.7.13 Linux/4.9.0-1-amd64 Botocore/1.5.19,0.0671555,5.293305,1.0,0.0,198.0
aws-cli/1.16.170 Python/2.7.10 Darwin/18.6.0 botocore/1.12.160,0.066923045,4.65396,6.0,0.65919614,88.0
aws-cli/1.18.46 Python/3.8.2 Linux/5.5.0-kali2-amd64 botocore/1.15.26,0.06690739,3.7376697,9.0,0.8993098,33.0
aws-cli/1.16.39 Python/3.6.5 Linux/4.15.0-34-generic botocore/1.12.29,0.06689203,1.9459101,6.0,1.7917594,1.0
aws-cli/1.11.57 Python/3.6.0 Linux/4.10.1-1-default botocore/1.5.20,0.066809624,1.0986123,2.0,0.6931472,1.0
aws-cli/1.17.3 Python/3.8.1 Windows/10 botocore/1.14.3,0.06680857,2.4849067,3.0,0.99492365,6.0
aws-cli/1.11.129 Python/2.7.13 CYGWIN_NT-10.0/2.8.0(0.309/5/3) botocore/1.5.92,0.066807404,3.3672957,6.0,1.3195286,14.0
aws-cli/1.16.63 Python/2.7.13 Linux/4.12.0-kali2-686 botocore/1.12.53,0.06677949,3.295837,6.0,0.7990592,21.0
aws-cli/2.0.38 Python/3.7.4 Darwin/19.6.0 exe/x86_64 command/lambda.get-policy,0.066715464,1.7917595,1.0,0.0,5.0
aws-cli/1.16.100 Python/3.7.2 Darwin/15.6.0 botocore/1.12.90,0.0666586,4.4188404,13.0,1.6841877,48.0
aws-cli/1.16.28 Python/2.7.12 Linux/4.15.0-43-generic botocore/1.12.18,0.06660127,3.8501475,3.0,0.2826001,43.0
aws-cli/1.11.154 Python/2.7.13 Windows/10 botocore/1.7.12,0.066521324,3.871201,6.0,0.79113793,38.0
aws-cli/1.16.253 Python/2.7.15+ Linux/4.18.0-kali2-amd64 botocore/1.12.243,0.06650499,2.3978953,5.0,1.557113,3.0
aws-cli/1.16.259 Python/2.7.16 Windows/10 botocore/1.12.249,0.06646872,2.0794415,3.0,0.9556999,4.0
aws-cli/2.0.19 Python/3.8.3 Darwin/19.5.0 botocore/2.0.0dev23,0.06646724,1.9459101,2.0,0.6365142,4.0
aws-cli/2.0.0 Python/3.7.3 Linux/4.16.0-kali2-amd64 botocore/2.0.0dev4,0.066445574,1.9459101,6.0,1.7917594,1.0
aws-cli/1.16.191 Python/2.7.16 Linux/4.19.0-kali4-amd64 botocore/1.12.181,0.06625484,2.1972246,2.0,0.6931472,4.0
aws-cli/1.11.56 Python/2.7.10 CYGWIN_NT-6.1/2.5.2(0.297/5/3) botocore/1.5.19,0.06624977,3.7376697,13.0,1.5332638,26.0
[Boto3/1.5.32 Python/3.6.6 Linux/4.16.0-kali2-amd64 Botocore/1.8.50],0.06622762,3.0910425,3.0,0.85158426,10.0
[Boto3/1.5.32 Python/3.6.4 Darwin/17.6.0 Botocore/1.8.50],0.06622762,3.0910425,3.0,0.85158426,10.0
aws-cli/1.14.44 Python/3.6.7 Linux/4.15.0-42-generic botocore/1.8.48,0.06622439,1.0986123,2.0,0.6931472,1.0
aws-cli/1.11.105 Python/2.7.9 Windows/8 botocore/1.5.68,0.06605719,3.7841897,14.0,1.9444578,20.0
aws-cli/1.17.10 Python/3.8.1 Darwin/17.7.0 botocore/1.14.10,0.066011384,3.7376697,9.0,0.8993098,33.0
aws-cli/1.16.140 Python/3.7.2 Darwin/17.7.0 botocore/1.12.130,0.065972626,4.394449,13.0,1.501802,52.0
aws-cli/1.16.42 Python/2.7.12 Linux/4.4.0-53329-Microsoft botocore/1.12.32,0.06593395,3.4965076,9.0,1.1687778,23.0
aws-cli/1.16.231 Python/2.7.16 Linux/4.19.0-kali5-amd64 botocore/1.12.221,0.06591628,4.158883,18.0,2.0971224,30.0
[aws-cli/2.0.29 Python/3.7.3 Linux/5.5.0-kali2-amd64 botocore/2.0.0dev33],0.06585283,1.3862944,1.0,0.0,3.0
aws-cli/1.18.39 Python/3.6.9 Linux/4.4.0-039049-Microsoft botocore/1.12.253,0.065742396,4.744932,25.0,2.213629,53.0
aws-cli/2.0.42 Python/3.7.7 Windows/10 exe/AMD64 command/ec2.describe-instances,0.06570875,2.0794415,1.0,0.0,7.0
[aws-cli/1.7.36 Python/2.7.11 Linux/4.4.0-34-generic],0.065706775,2.6390574,3.0,0.68709207,10.0
"Mozilla/5.0 (Macintosh; Intel Mac OS X 10_13_6) AppleWebKit/537.36 (KHTML, like Gecko) Chrome/68.0.3440.106 Safari/537.36",0.065650344,1.609438,1.0,0.0,4.0
aws-cli/1.14.61 Python/2.7.14 Darwin/16.7.0 botocore/1.9.14,0.06555011,4.4886365,17.0,1.7255881,53.0
aws-cli/2.0.38 Python/3.7.4 Darwin/19.6.0 exe/x86_64 command/ec2.describe-snapshots,0.06554369,4.727388,1.0,0.0,112.0
aws-cli/1.11.19 Python/2.7.16 Darwin/19.2.0 botocore/1.5.50,0.06550524,4.465908,8.0,0.44055218,79.0
Boto3/1.4.4 Python/2.7.12 Linux/4.8.0-41-generic Botocore/1.5.26,0.06512124,0.6931472,1.0,0.0,1.0
aws-cli/2.0.50 Python/3.8.5 Darwin/19.6.0 source/x86_64 command/apigateway.get-rest-apis,0.06512124,0.6931472,1.0,0.0,1.0
[aws-cli/1.16.147 Python/2.7.10 Darwin/18.6.0 botocore/1.12.178],0.065094836,2.8332133,2.0,0.56233513,12.0
aws-cli/1.11.87 Python/2.7.10 Darwin/16.6.0 botocore/1.5.50,0.065058626,2.3978953,1.0,0.0,10.0
aws-cli/1.10.22 Python/2.7.10 Darwin/14.5.0 botocore/1.4.13,0.064849444,1.609438,2.0,0.56233513,3.0
aws-cli/1.11.66 Python/2.7.12 Darwin/15.6.0 botocore/1.5.29,0.06477047,2.1972246,7.0,1.9061549,2.0
aws-cli/1.11.51 Python/2.7.13 Darwin/15.6.0 botocore/1.5.14,0.06474848,2.944439,10.0,1.7917595,9.0
aws-cli/1.16.192 Python/3.7.3 Linux/4.15.0-54-generic botocore/1.12.182,0.0647119,4.574711,13.0,1.765571,36.0
aws-cli/1.10.58 Python/2.7.13 Darwin/16.4.0 botocore/1.4.48,0.06460246,1.9459101,2.0,0.45056123,5.0
Boto3/1.4.7 Python/2.7.12 Darwin/16.7.0 Botocore/1.7.32,0.06457541,2.0794415,1.0,0.0,7.0
aws-cli/1.16.179 Python/2.7.15+ Linux/4.19.0-kali1-amd64 botocore/1.12.169,0.064542666,4.317488,9.0,1.2090424,52.0
aws-cli/1.16.45 Python/3.6.6 Linux/4.15.0-38-generic botocore/1.12.35,0.064516455,2.8903718,9.0,1.6699767,9.0
aws-cli/1.16.301 Python/3.7.5 Linux/5.3.0-kali2-amd64 botocore/1.14.8,0.06451531,2.4849067,9.0,2.1458418,2.0
aws-cli/2.0.19 Python/3.8.3 Darwin/19.3.0 botocore/2.0.0dev23,0.06448304,2.944439,5.0,1.382343,7.0
aws-cli/1.11.56 Python/2.7.10 Darwin/16.5.0 botocore/1.5.19,0.06446416,1.9459101,2.0,0.45056123,5.0
aws-cli/1.16.19 Python/3.7.5 Darwin/19.0.0 botocore/1.12.9,0.06446416,1.9459101,2.0,0.45056123,5.0
Boto3/1.9.48 Python/2.7.9 Darwin/15.6.0 Botocore/1.12.71,0.06443887,1.609438,1.0,0.0,4.0
aws-cli/1.14.30 Python/3.6.0 Linux/4.15.0-32-generic botocore/1.8.34,0.06422522,2.8903718,1.0,0.0,17.0
aws-cli/1.16.172 Python/3.7.3rc1 Linux/4.19.0-kali4-amd64 botocore/1.12.162,0.06417055,4.7957907,17.0,2.0885444,56.0
aws-cli/1.16.19 Python/3.6.0 Windows/10 botocore/1.12.9,0.064136535,3.1354942,6.0,1.1595888,14.0
aws-cli/1.16.253 Python/3.6.0 Windows/10 botocore/1.12.243,0.06412776,3.1780539,9.0,1.6834773,9.0
aws-cli/1.16.148 Python/2.7.10 Darwin/17.5.0 botocore/1.12.138,0.06412452,2.3978953,2.0,0.67301166,6.0
[Boto3/1.10.45 Python/2.7.17 Linux/5.3.0-kali2-amd64 Botocore/1.13.45 Resource],0.06410488,2.5649493,1.0,0.0,12.0
aws-cli/1.11.94 Python/2.7.5 Linux/3.10.0-514.16.1.el7.x86_64 botocore/1.5.57,0.06408797,2.0794415,1.0,0.0,7.0
[Cyberduck/233.251.5.9324 (Windows 10/10.0) (amd64)],0.06403713,1.0986123,2.0,0.6931472,1.0
Boto3/1.14.61 Python/3.8.2 Linux/5.4.0-47-generic Botocore/1.17.61,0.06401047,0.6931472,1.0,0.0,1.0
aws-cli/1.16.81 Python/2.7.15+ Linux/4.18.0-kali3-amd64 botocore/1.12.71,0.06398067,3.9702919,9.0,0.87903774,42.0
aws-cli/2.0.42 Python/3.7.3 Linux/5.7.0-kali1-amd64 exe/x86_64.kali.2020 command/ec2.describe-snapshots,0.063963,3.5553482,1.0,0.0,34.0
aws-cli/2.0.50 Python/3.8.5 Darwin/19.6.0 source/x86_64 command/lambda.get-function-configuration,0.063936055,0.6931472,1.0,0.0,1.0
aws-cli/2.0.54 Python/3.8.5 Darwin/18.7.0 source/x86_64 command/ec2.describe-instances,0.063932575,0.6931472,1.0,0.0,1.0
aws-cli/1.16.193 Python/3.7.5 Linux/5.3.0-kali2-amd64 botocore/1.12.183,0.06393151,1.3862944,2.0,0.6365142,2.0
aws-cli/1.16.113 Python/3.7.3 Linux/4.4.0-01985-Microsoft botocore/1.12.103,0.063884124,2.5649493,3.0,1.0114043,6.0
Boto3/1.9.145 Python/3.7.4+ Linux/4.19.0-kali4-amd64 Botocore/1.12.225,0.06386049,2.1972246,2.0,0.6931472,4.0
aws-cli/1.16.294 Python/3.6.9 Linux/4.15.0-76-generic botocore/1.13.50,0.06380899,4.454347,7.0,0.6538918,73.0
aws-cli/1.16.81 Python/3.6.6 Linux/4.18.0-kali2-amd64 botocore/1.12.71,0.06378408,3.2580965,4.0,1.1032864,12.0
Boto3/1.9.200 Python/2.7.10 Darwin/18.7.0 Botocore/1.12.200,0.06377469,3.7612002,7.0,1.8072897,10.0
Boto3/1.9.86 Python/2.7.16 Linux/4.19.0-8-amd64 Botocore/1.5.19,0.06373882,5.209486,1.0,0.0,182.0
[aws-cli/1.16.253 Python/3.7.4 Linux/4.14.165-103.209.amzn1.x86_64 botocore/1.12.243],0.06372891,2.5649493,2.0,0.45056123,10.0
aws-cli/1.16.96 Python/2.7.15rc1 Linux/4.15.0-46-generic botocore/1.12.86,0.063705206,1.609438,2.0,0.6931472,2.0
aws-cli/1.16.50 Python/3.7.2 Darwin/17.5.0 botocore/1.12.40,0.063705206,1.609438,2.0,0.6931472,2.0
[Boto3/1.13.7 Python/3.8.2 Linux/5.5.0-kali2-amd64 Botocore/1.15.46],0.06357422,4.406719,9.0,2.120291,10.0
aws-cli/1.11.13 Python/3.5.2 Linux/4.4.0-141-generic botocore/1.4.70,0.06351444,1.9459101,3.0,1.0986123,2.0
aws-cli/1.16.199 Python/3.7.4 Darwin/18.6.0 botocore/1.12.189,0.06345038,4.1108737,12.0,2.245582,14.0
Boto3/1.9.70 Python/3.7.1 Linux/4.15.0-29-generic Botocore/1.12.73,0.06343752,2.3978953,2.0,0.6931472,5.0
aws-cli/2.0.54 Python/3.8.5 Darwin/18.7.0 source/x86_64 command/apigateway.get-rest-apis,0.063395835,0.6931472,1.0,0.0,1.0
aws-cli/1.17.14 Python/3.7.3rc1 Linux/4.19.0-kali4-amd64 botocore/1.14.14,0.0632203,4.0253515,9.0,0.7799914,46.0
aws-cli/1.16.131 Python/3.7.3 Windows/10 botocore/1.12.121,0.063164465,2.1972246,2.0,0.56233513,6.0
aws-cli/1.11.3 Python/2.7.10 Darwin/16.4.0 botocore/1.4.61,0.06314016,1.3862944,3.0,1.0986123,1.0
aws-cli/1.16.266 Python/3.6.0 Windows/7 botocore/1.13.2,0.06280915,1.609438,2.0,0.6931472,2.0
aws-cli/2.0.35 Python/3.8.5 Darwin/19.6.0 botocore/2.0.0dev39,0.06268066,1.7917595,3.0,1.0549202,2.0
Boto3/1.10.2 Python/2.7.10 Darwin/18.7.0 Botocore/1.13.2,0.062554225,0.6931472,1.0,0.0,1.0
aws-cli/1.16.47 Python/2.7.12+ Linux/4.8.0-59-generic botocore/1.12.37,0.06253939,1.3862944,3.0,1.0986123,1.0
aws-cli/1.16.309 Python/3.7.5 Darwin/18.7.0 botocore/1.13.45,0.06250688,4.454347,19.0,1.981754,42.0
aws-cli/1.11.16 Python/2.7.13 Darwin/16.4.0 botocore/1.4.73,0.062488854,1.3862944,2.0,0.6365142,2.0
aws-cli/1.15.59 Python/2.7.15rc1 Linux/4.14.0-kali3-amd64 botocore/1.10.58,0.0624697,2.7725887,3.0,0.4850941,13.0
aws-cli/2.0.53 Python/3.7.3 Linux/5.7.0-kali3-amd64 exe/x86_64.kali.2020 command/lambda.list-functions,0.06244538,0.6931472,1.0,0.0,1.0
aws-cli/1.11.56 Python/2.7.12+ Linux/4.8.0-32-generic botocore/1.5.22,0.062287576,2.944439,3.0,0.55664694,15.0
aws-cli/1.16.81 Python/2.7.12 Linux/4.15.0-43-generic botocore/1.12.71,0.062264033,5.2522736,2.0,0.058406252,188.0
aws-cli/1.14.44 Python/3.6.8 Linux/4.15.0-65-generic botocore/1.12.190,0.062230088,4.189655,13.0,1.1011561,50.0
aws-cli/1.16.140 Python/3.7.3rc1 Linux/4.18.0-kali2-amd64 botocore/1.12.130,0.062164318,3.0445225,9.0,2.1639557,4.0
aws-cli/1.16.203 Python/3.7.3 Linux/5.2.0-1-MANJARO botocore/1.12.193,0.06212637,4.1743875,3.0,0.5115868,54.0
aws-cli/1.16.298 Python/3.7.5 Darwin/19.4.0 botocore/1.13.34,0.062012438,1.0986123,2.0,0.6931472,1.0
aws-cli/1.15.56 Python/2.7.15rc1 Linux/4.15.0-24-generic botocore/1.10.55,0.061946563,3.3322046,3.0,0.4195559,24.0
Boto3/1.4.2 Python/2.7.14+ Linux/4.13.0-1-amd64 Botocore/1.5.19,0.061850067,5.1298985,1.0,0.0,168.0
Boto3/1.4.2 Python/2.7.14+ Linux/4.14.0-3-amd64 Botocore/1.5.19,0.061850067,5.1298985,1.0,0.0,168.0
Boto3/1.4.2 Python/2.7.15 Linux/4.17.0-1-amd64 Botocore/1.5.19,0.061850067,5.1298985,1.0,0.0,168.0
Boto3/1.4.2 Python/2.7.15 Linux/4.15.0-2-amd64 Botocore/1.5.19,0.061850067,5.1298985,1.0,0.0,168.0
aws-cli/1.16.243 Python/3.7.4+ Linux/4.19.0-kali5-amd64 botocore/1.12.233,0.0618456,2.3025851,3.0,0.9368883,5.0
aws-cli/1.14.30 Python/3.6.4 Darwin/16.1.0 botocore/1.8.34,0.061837047,3.713572,5.0,0.94648737,28.0
aws-cli/1.18.128 Python/2.7.17 Linux/5.3.0-kali3-amd64 botocore/1.17.51,0.061755937,2.6390574,4.0,1.3061066,5.0
aws-cli/1.11.13 Python/3.5.2 Linux/4.4.0-59-generic botocore/1.4.70,0.061744165,2.7080503,6.0,1.2265558,9.0
aws-cli/1.16.292 Python/3.8.0 Windows/10 botocore/1.13.28,0.061728377,1.3862944,2.0,0.6365142,2.0
aws-cli/1.11.151 Python/2.7.6 Linux/3.16.0-38-generic botocore/1.7.9,0.06172709,3.5553482,10.0,2.1700485,8.0
aws-cli/1.16.34 Python/3.7.0 Darwin/17.7.0 botocore/1.11.8,0.06159336,3.5553482,11.0,1.5082104,21.0
aws-cli/2.0.30 Python/3.7.3 Linux/4.15.0-kali2-amd64 botocore/2.0.0dev34,0.061551753,2.3025851,8.0,2.043192,2.0
aws-cli/1.16.215 Python/2.7.10 Darwin/18.6.0 botocore/1.12.205,0.06154875,4.0775375,2.0,0.25095478,54.0
aws-cli/1.16.2 Python/2.7.12 Linux/4.8.0-36-generic botocore/1.11.2,0.06153556,3.3672957,14.0,2.3288908,6.0
aws-cli/1.15.15 Python/3.6.5rc1 Linux/4.15.0-kali2-amd64 botocore/1.10.15,0.06151427,2.7725887,1.0,0.0,15.0
[aws-cli/1.15.80 Python/3.7.0 Darwin/16.7.0 botocore/1.10.79],0.06141542,2.7725887,5.0,1.459482,6.0
aws-cli/1.17.3 Python/3.7.5 Linux/5.3.0-kali2-amd64 botocore/1.14.3,0.061351843,2.7725887,10.0,2.1761856,3.0
aws-cli/1.16.157 Python/3.5.3 Linux/4.9.0-8-amd64 botocore/1.12.147,0.061346814,4.4426513,9.0,1.4872342,50.0
aws-cli/1.15.33 Python/2.7.15rc1 Linux/4.4.0-53329-Microsoft botocore/1.10.33,0.061324865,3.7376697,9.0,0.8993098,33.0
aws-cli/1.16.155 Python/3.6.0 Windows/10 botocore/1.12.145,0.061283555,4.0430512,2.0,0.25731868,52.0
aws-cli/1.11.139 Python/3.6.3 Linux/4.13.0-45-generic botocore/1.6.6,0.061171886,1.0986123,2.0,0.6931472,1.0
aws-cli/1.16.260 Python/3.6.2 Darwin/19.0.0 botocore/1.12.250,0.061144706,2.8903718,10.0,2.231607,3.0
aws-cli/1.14.53 Python/3.6.3 Windows/10 botocore/1.9.6,0.060984794,2.1972246,2.0,0.6615633,5.0
aws-cli/1.14.44 Python/3.6.5 Linux/4.4.0-039049-Microsoft botocore/1.8.48,0.060984794,2.1972246,2.0,0.6615633,5.0
aws-cli/1.16.283 Python/3.7.4 Linux/5.2.0-kali2-amd64 botocore/1.13.19,0.060920376,3.2580965,10.0,1.9442011,10.0
aws-cli/1.14.44 Python/3.6.5 Linux/4.15.0-29-generic botocore/1.8.48,0.060893215,4.553877,20.0,1.9012451,52.0
aws-cli/1.15.44 Python/2.7.10 Darwin/17.5.0 botocore/1.10.44,0.060889028,1.0986123,2.0,0.6931472,1.0
aws-cli/1.15.42 Python/2.7.9 Windows/8 botocore/1.10.42,0.060889028,1.0986123,2.0,0.6931472,1.0
aws-cli/1.15.29 Python/2.7.10 Darwin/17.6.0 botocore/1.10.29,0.060889028,1.0986123,2.0,0.6931472,1.0
aws-cli/1.16.156 Python/3.8.0a3 Linux/4.9.0-9-amd64 botocore/1.12.146,0.060788438,4.8121843,9.0,0.8710269,98.0
aws-cli/1.11.129 Python/3.6.1 Darwin/16.7.0 botocore/1.5.92,0.060784694,4.060443,9.0,1.6861423,29.0
aws-cli/2.0.50 Python/3.8.5 Darwin/19.6.0 source/x86_64 command/route53.get-hosted-zone-count,0.060549337,1.609438,1.0,0.0,4.0
aws-cli/1.16.11 Python/3.6.3 Darwin/17.7.0 botocore/1.12.1,0.06053208,2.0794415,7.0,1.9459101,1.0
aws-cli/1.15.80 Python/3.6.5 Windows/10 botocore/1.10.79,0.060512472,3.2580965,3.0,0.33422112,23.0
aws-cli/1.14.9 Python/2.7.14 Linux/4.14.62-65.117.amzn1.x86_64 botocore/1.8.13,0.060512472,3.2580965,3.0,0.33422112,23.0
aws-cli/1.16.122 Python/2.7.15rc1 Linux/4.18.0-16-generic botocore/1.12.112,0.06043031,4.0430512,2.0,0.25731868,52.0
aws-cli/1.11.13 Python/3.5.3 Linux/4.9.0-kali2-amd64 botocore/1.4.70,0.060419757,2.3025851,4.0,1.2730284,4.0
aws-cli/2.0.42 Python/3.7.3 Linux/5.7.0-kali1-amd64 exe/x86_64.kali.2020 command/iam.get-policy,0.06041661,0.6931472,1.0,0.0,1.0
aws-cli/1.11.13 Python/3.5.2 Linux/4.15.0-43-generic botocore/1.4.70,0.06031459,3.3672957,3.0,0.4904499,24.0
aws-cli/1.16.16 Python/3.6.5 Darwin/19.4.0 botocore/1.12.6,0.060210936,4.3307333,8.0,1.0463052,55.0
aws-cli/1.11.51 Python/2.7.12 Darwin/16.4.0 botocore/1.5.14,0.06016862,2.8903718,9.0,1.6699767,9.0
aws-cli/1.16.61 Python/2.7.16 Darwin/19.5.0 botocore/1.12.51,0.060153786,3.3672957,7.0,1.5483938,14.0
[aws-cli/1.10.38 Python/2.7.10 Darwin/16.3.0 botocore/1.4.28],0.060139764,1.0986123,2.0,0.6931472,1.0
aws-cli/1.15.4 Python/2.7.14+ Linux/4.14.0-kali1-amd64 botocore/1.10.4,0.060133692,1.3862944,3.0,1.0986123,1.0
aws-cli/1.11.64 Python/2.7.10 Darwin/15.6.0 botocore/1.5.27,0.060071893,2.7725887,3.0,0.4850941,13.0
aws-cli/1.16.72 Python/3.7.1 Darwin/18.2.0 botocore/1.12.62,0.060060874,4.5325994,7.0,0.4404359,84.0
aws-cli/1.15.46 Python/2.7.9 Windows/8 botocore/1.10.46,0.059988465,2.6390574,9.0,2.0317593,4.0
aws-cli/1.11.136 Python/2.7.15 Linux/4.17.9-200.fc28.x86_64 botocore/1.7.13,0.059891276,3.295837,3.0,0.43107113,23.0
aws-cli/1.15.55 Python/2.7.12 Linux/4.13.0-43-generic botocore/1.10.54,0.05978966,1.3862944,3.0,1.0986123,1.0
[aws-sdk-go/1.15.41 (go1.11; linux; amd64) APN/1.0 HashiCorp/1.0 Terraform/0.11.8],0.059783544,1.0986123,1.0,0.0,2.0
aws-cli/1.16.148 Python/3.7.3 Linux/5.0.12-arch2-1-ARCH botocore/1.12.138,0.05973577,3.9318256,2.0,0.16794416,48.0
aws-cli/1.16.45 Python/3.6.0 Windows/10 botocore/1.12.35,0.059625555,3.6635616,8.0,1.1134002,27.0
aws-cli/1.16.144 Python/2.7.14+ Linux/4.14.0-kali3-amd64 botocore/1.12.134,0.059574407,1.0986123,1.0,0.0,2.0
aws-cli/1.11.82 Python/2.7.10 Darwin/16.6.0 botocore/1.5.45,0.059552416,3.1354942,3.0,0.4851045,19.0
aws-cli/2.0.38 Python/3.7.4 Darwin/19.6.0 exe/x86_64 command/iam.get-policy,0.059488036,1.0986123,1.0,0.0,2.0
aws-cli/1.18.93 Python/3.8.3 Linux/5.6.0-kali2-amd64 botocore/1.17.16,0.059389014,4.248495,10.0,0.9640711,54.0
aws-cli/1.11.56 Python/2.7.10 Darwin/16.6.0 botocore/1.5.19,0.05938186,4.2904596,12.0,1.0350319,56.0
aws-cli/1.15.66 Python/2.7.15 Linux/4.18.4 botocore/1.10.65,0.059372127,3.218876,2.0,0.28683597,22.0
aws-cli/1.11.86 Python/2.7.10 Darwin/16.5.0 botocore/1.5.49,0.05932349,4.3307333,26.0,2.784923,18.0
aws-cli/1.14.44 Python/3.6.7 Linux/4.15.0-51-generic botocore/1.8.48,0.05931182,4.1743875,5.0,0.71553755,52.0
Boto3/1.10.8 Python/3.7.4 Darwin/18.6.0 Botocore/1.13.8,0.059279393,3.1780539,6.0,1.5316336,10.0
aws-sdk-ruby3/3.92.0 ruby/2.6.6 x86_64-linux-musl aws-sdk-apigateway/1.21.0,0.059204876,1.7917595,1.0,0.0,5.0
aws-cli/1.16.218 Python/3.6.0 Windows/10 botocore/1.12.208,0.05916731,2.0794415,7.0,1.9459101,1.0
aws-cli/1.11.47 Python/2.7.10 Darwin/16.7.0 botocore/1.5.10,0.059124086,1.0986123,2.0,0.6931472,1.0
aws-cli/1.14.57 Python/2.7.14+ Linux/4.14.0-kali3-amd64 botocore/1.9.10,0.059113592,2.7725887,1.0,0.0,15.0
aws-cli/1.11.13 Python/3.5.3 Linux/4.19.60-43360-g54aa645572 botocore/1.4.70,0.059081096,3.8286414,13.0,1.5792581,28.0
aws-cli/1.17.14 Python/3.7.4 Linux/5.2.0-kali2-amd64 botocore/1.14.14,0.05897631,3.7841897,9.0,1.3104662,27.0
aws-cli/1.11.81 Python/2.7.5 Linux/3.10.0-514.2.2.el7.x86_64 botocore/1.8.28,0.05889776,3.9318256,5.0,0.71818244,40.0
[aws-cli/1.16.100 Python/3.7.3 Darwin/18.6.0 botocore/1.12.90],0.058767557,2.8332133,3.0,0.7356219,12.0
aws-cli/1.11.123 Python/2.7.9 Windows/8 botocore/1.5.86,0.05875633,2.6390574,3.0,0.53596103,11.0
aws-cli/1.16.91 Python/3.6.7 Linux/4.15.0-46-generic botocore/1.12.114,0.058716677,4.0430512,5.0,0.70710945,46.0
aws-cli/1.11.80 Python/2.7.10 Darwin/16.7.0 botocore/1.5.43,0.058714304,3.7612002,10.0,1.0641019,32.0
[aws-cli/1.17.1 Python/3.7.5 Linux/5.3.0-64-generic botocore/1.15.49],0.0587032,1.609438,2.0,0.56233513,3.0
aws-cli/2.0.46 Python/3.7.4 Darwin/19.6.0 exe/x86_64 command/ec2.describe-snapshots,0.058696266,3.637586,1.0,0.0,37.0
Boto3/1.4.7 Python/2.7.13 Windows/10 Botocore/1.7.12,0.05858904,1.0986123,1.0,0.0,2.0
aws-cli/1.16.10 Python/3.6.5 Darwin/17.5.0 botocore/1.12.0,0.058531534,2.6390574,10.0,2.2047853,3.0
aws-cli/1.16.221 Python/3.6.8 Linux/3.10.0-862.14.4.el7.x86_64 botocore/1.12.211,0.058519498,5.0172796,11.0,1.0225642,116.0
aws-cli/1.16.310 Python/2.7.10 Darwin/18.6.0 botocore/1.13.46,0.058480423,1.3862944,2.0,0.6365142,2.0
aws-cli/1.11.83 Python/2.7.12 Linux/4.9.32-15.41.amzn1.x86_64 botocore/1.5.46,0.058466643,2.0794415,7.0,1.9459101,1.0
aws-cli/1.14.32 Python/2.7.9 Windows/8 botocore/1.8.36,0.05840549,3.8918202,19.0,2.4218805,16.0
aws-cli/1.14.48 Python/3.6.3 Darwin/17.4.0 botocore/1.9.1,0.05838091,1.3862944,3.0,1.0986123,1.0
aws-sdk-ruby3/3.30.0 ruby/2.5.1 x86_64-linux-gnu aws-sdk-lightsail/1.4.0,0.058379386,0.6931472,1.0,0.0,1.0
aws-cli/1.16.225 Python/3.6.8 Linux/4.4.0-039049-Microsoft botocore/1.12.227,0.058294185,4.406719,15.0,2.065237,33.0
[aws-sdk-java/1.11.708 Windows_10/10.0 OpenJDK_64-Bit_Server_VM/14+36-1461 java/14 vendor/Oracle_Corporation],0.058258455,2.4849067,1.0,0.0,11.0
aws-cli/1.16.200 Python/2.7.10 Darwin/16.7.0 botocore/1.12.190,0.05823461,3.9702919,3.0,0.32450837,48.0
aws-cli/1.11.60 Python/2.7.6 Linux/3.4.0+ botocore/1.5.23,0.058233734,2.3025851,7.0,1.8310206,3.0
aws-cli/1.16.100 Python/3.7.3 Darwin/18.6.0 botocore/1.12.90,0.058222372,4.934474,23.0,2.4698744,50.0
aws-cli/1.11.57 Python/3.6.0 Linux/4.9.11-1-ARCH botocore/1.5.20,0.0582046,2.944439,3.0,0.6837389,14.0
aws-cli/1.11.56 Python/2.7.12 Linux/4.4.0-59-generic botocore/1.5.19,0.058160238,2.8332133,2.0,0.48257756,13.0
aws-cli/1.16.113 Python/3.7.4 Linux/4.19.0-kali3-amd64 botocore/1.12.103,0.058055714,0.6931472,1.0,0.0,1.0
aws-cli/1.11.44 Python/3.5.3 Linux/4.12.8 botocore/1.5.7,0.05797894,0.6931472,1.0,0.0,1.0
"Mozilla/5.0 (Macintosh; Intel Mac OS X 10_12_3) AppleWebKit/537.36 (KHTML, like Gecko) Chrome/57.0.2987.88 Safari/537.36",0.05797894,0.6931472,1.0,0.0,1.0
aws-sdk-go/1.12.6 (go1.8.3; linux; amd64),0.05797894,0.6931472,1.0,0.0,1.0
aws-sdk-go/1.4.14 (go1.8.3; linux; amd64),0.05797894,0.6931472,1.0,0.0,1.0
aws-cli/2.0.26 Python/3.7.4 Darwin/18.7.0 botocore/2.0.0dev30,0.05794629,1.0986123,2.0,0.6931472,1.0
aws-cli/1.16.125 Python/3.7.2+ Linux/4.4.0-53329-Microsoft botocore/1.12.115,0.057869397,4.1108737,5.0,0.5775137,52.0
aws-cli/1.16.106 Python/2.7.15+ Linux/4.18.0-14-generic botocore/1.12.96,0.057746004,4.1431346,2.0,0.23921709,58.0
aws-cli/2.0.42 Python/3.7.3 Linux/5.2.0-kali2-amd64 exe/x86_64.kali.2019 command/lambda.list-functions,0.057621025,0.6931472,1.0,0.0,1.0
aws-cli/1.15.80 Python/2.7.14 Linux/4.14.70-72.55.amzn2.x86_64 botocore/1.10.79,0.05761324,3.9702919,3.0,0.45027506,45.0
aws-cli/1.15.68 Python/2.7.15 Linux/4.16.0-kali2-amd64 botocore/1.10.67,0.057556283,2.4849067,11.0,2.3978953,1.0
aws-cli/2.0.40 Python/3.7.3 Linux/4.19.0-kali1-amd64 exe/x86_64.kali.2020 command/ec2.describe-regions,0.057540786,1.0986123,1.0,0.0,2.0
aws-cli/1.11.56 Python/2.7.13 Linux/4.9.0-2-amd64 botocore/1.5.19,0.057540786,1.0986123,1.0,0.0,2.0
aws-cli/2.0.31 Python/3.7.3 Linux/5.5.0-kali2-amd64 botocore/2.0.0dev35,0.057519864,2.0794415,7.0,1.9459101,1.0
aws-cli/1.10.56 Python/2.7.10 Darwin/16.4.0 botocore/1.4.46,0.057476934,2.0794415,7.0,1.9459101,1.0
aws-cli/1.11.89 Python/2.7.9 Linux/4.0.0-kali1-amd64 botocore/1.5.52,0.05743213,3.8286414,10.0,1.0806881,34.0
aws-cli/1.18.16 Python/3.6.9 Linux/4.15.0-74-generic botocore/1.15.16,0.05731992,4.6634393,9.0,0.586561,93.0
aws-cli/1.14.32 Python/2.7.13 Linux/4.12.0-kali1-amd64 botocore/1.8.36,0.057268057,1.3862944,3.0,1.0986123,1.0
aws-cli/2.0.19 Python/3.7.7 Windows/10 botocore/2.0.0dev23,0.057243478,1.3862944,3.0,1.0986123,1.0
aws-cli/1.16.287 Python/3.6.6 Windows/10 botocore/1.13.23,0.05721702,3.1780539,14.0,2.4872575,4.0
aws-cli/1.15.69 Python/3.6.3 Darwin/17.7.0 botocore/1.10.68,0.057208758,3.871201,9.0,0.8101709,39.0
[Boto3/1.14.45 Python/3.7.3 Darwin/19.3.0 Botocore/1.17.45 Resource],0.05720269,1.0986123,1.0,0.0,2.0
aws-cli/1.18.40 Python/3.7.6 Linux/5.8.0-kali1-amd64 botocore/1.15.40,0.05715901,4.26268,18.0,2.3727796,23.0
aws-cli/1.16.312 Python/3.7.5 Linux/5.4.0-kali2-amd64 botocore/1.13.48,0.05712343,2.0794415,7.0,1.9459101,1.0
aws-cli/1.11.115 Python/2.7.10 Darwin/15.6.0 botocore/1.5.78,0.05703448,2.7080503,2.0,0.5982696,10.0
aws-cli/1.15.4 Python/2.7.12 Linux/4.4.0-75-generic botocore/1.10.4,0.056991577,3.5553482,6.0,1.3604437,17.0
aws-cli/1.15.71 Python/2.7.15 Linux/4.17.0-kali1-amd64 botocore/1.10.70,0.05698135,2.0794415,7.0,1.9459101,1.0
aws-cli/1.15.63 Python/3.5.2 Windows/7 botocore/1.10.62,0.056813095,3.2580965,3.0,0.33422112,23.0
aws-cli/1.14.46 Python/3.6.4 Darwin/17.4.0 botocore/1.8.50,0.05680606,4.7957907,17.0,1.2593683,87.0
aws-cli/1.7.8 Python/2.7.10 Darwin/16.7.0,0.056770213,1.609438,2.0,0.6931472,2.0
aws-cli/1.18.69 Python/3.5.2 Linux/4.4.0-116-generic botocore/1.16.19,0.05676869,1.3862944,3.0,1.0986123,1.0
[aws-cli/1.11.8 Python/2.7.13 Linux/4.8.0-kali2-amd64 botocore/1.4.65],0.05657339,1.0986123,2.0,0.6931472,1.0
aws-cli/2.0.31 Python/3.7.3 Linux/5.6.0-2parrot1-amd64 botocore/2.0.0dev35,0.056494057,1.609438,2.0,0.56233513,3.0
aws-cli/1.18.41 Python/2.7.17 Linux/5.4.0-kali3-amd64 botocore/1.15.41,0.056424245,0.6931472,1.0,0.0,1.0
aws-cli/1.11.56 Python/2.6.6 Linux/2.6.32-642.1.1.el6.x86_64 botocore/1.5.19,0.056421205,3.583519,12.0,1.6551676,20.0
[aws-cli/1.18.40 Python/3.7.6 Linux/5.7.0-kali1-amd64 botocore/1.15.40],0.056416854,1.3862944,2.0,0.6365142,2.0
aws-cli/1.14.43 Python/2.7.12 Linux/4.4.0-43-Microsoft botocore/1.8.47,0.056385566,3.0910425,2.0,0.3144922,19.0
aws-cli/1.16.102 Python/2.7.16 Linux/4.14.123-86.109.amzn1.x86_64 botocore/1.12.92,0.056375284,3.218876,3.0,1.0114043,12.0
aws-cli/1.14.44 Python/3.6.5 Linux/4.15.0-36-generic botocore/1.8.48,0.05635462,3.5263605,7.0,1.2951753,20.0
aws-cli/1.11.5 Python/2.7.10 Darwin/16.5.0 botocore/1.4.62,0.05627713,2.5649493,3.0,0.5660857,10.0
aws-cli/1.16.6 Python/2.7.9 Windows/8 botocore/1.11.6,0.056253828,1.9459101,2.0,0.6931472,3.0
aws-cli/1.16.98 Python/2.7.10 Darwin/18.0.0 botocore/1.12.90,0.05616745,2.1972246,8.0,2.0794415,1.0
aws-cli/2.0.16 Python/3.7.4 Darwin/19.5.0 botocore/2.0.0dev20,0.05616745,2.1972246,8.0,2.0794415,1.0
aws-cli/1.16.111 Python/2.7.13 Linux/4.9.0-kali4-amd64 botocore/1.12.101,0.056145187,3.4965076,12.0,2.393312,6.0
Boto3/1.5.18 Python/3.6.1 Darwin/16.7.0 Botocore/1.8.32,0.056123715,6.291569,39.0,3.5464973,32.0
[aws-cli/1.16.158 Python/3.7.3 Linux/5.1.3-arch1-1-ARCH botocore/1.12.148],0.056118138,2.8332133,3.0,0.97431475,8.0
aws-cli/1.15.71 Python/2.7.15 Linux/4.17.10-1-ARCH botocore/1.10.70,0.05606944,4.3694477,6.0,0.53335273,69.0
aws-cli/1.11.109 Python/3.6.1 Linux/4.11.6-1-hardened botocore/1.5.72,0.056051794,1.3862944,3.0,1.0986123,1.0
aws-cli/1.11.113 Python/3.6.1 Darwin/16.6.0 botocore/1.5.76,0.05598543,2.3978953,9.0,2.1639557,2.0
aws-cli/1.16.207 Python/2.7.15rc1 Linux/4.4.0-53329-Microsoft botocore/1.12.197,0.05596959,4.465908,9.0,1.2027376,60.0
aws-cli/1.16.144 Python/3.7.2 Darwin/18.0.0 botocore/1.12.134,0.055952806,2.3978953,3.0,1.0549202,4.0
aws-cli/2.0.50 Python/3.8.5 Darwin/19.6.0 source/x86_64 command/acm.list-certificates,0.055930212,0.6931472,1.0,0.0,1.0
[S3 Browser 6-4-1 http://s3browser.com],0.055816315,2.9957323,2.0,0.5763341,14.0
aws-cli/2.0.51 Python/3.7.7 Windows/10 exe/AMD64 command/lambda.get-policy,0.055776894,0.6931472,1.0,0.0,1.0
aws-cli/1.14.49 Python/2.7.9 Windows/7 botocore/1.9.2,0.05577562,3.9512436,15.0,2.02739,22.0
aws-cli/2.0.5 Python/3.7.3 Linux/4.18.0-193.14.2.el8_2.x86_64 botocore/2.0.0dev9,0.055728927,1.9459101,2.0,0.6931472,3.0
aws-cli/1.18.26 Python/3.7.6 Linux/5.4.0-kali3-amd64 botocore/1.15.26,0.055682503,3.7612002,4.0,0.58327985,35.0
aws-cli/1.16.252 Python/3.7.7 Darwin/18.7.0 botocore/1.14.3,0.055587146,4.189655,14.0,1.1144336,50.0
aws-cli/2.0.37 Python/3.8.5 Darwin/19.6.0 source/x86_64 command/lambda.list-functions,0.05541425,0.6931472,1.0,0.0,1.0
aws-cli/1.16.218 Python/3.7.4 Linux/4.4.0-039049-Microsoft botocore/1.12.208,0.05535452,4.5849676,11.0,0.6530826,85.0
aws-cli/1.16.41 Python/2.7.15+ Linux/4.15.0-kali2-amd64 botocore/1.12.31,0.055314478,3.6635616,10.0,1.5788956,22.0
CloudCustodian/167.6.140.11 Python/2.7.12 Linux/4.4.0-78-generic Botocore/1.5.56,0.0551208,1.0986123,2.0,0.6931472,1.0
aws-cli/1.14.20 Python/3.6.4 Darwin/17.3.0 botocore/1.8.24,0.05507135,4.5108595,15.0,1.5267662,58.0
aws-cli/1.16.96 Python/3.6.2 Darwin/17.7.0 botocore/1.12.86,0.055020913,2.8332133,5.0,1.5595812,4.0
aws-cli/1.16.235 Python/3.7.4 Linux/4.19.0-kali1-amd64 botocore/1.12.225,0.05501604,2.3978953,9.0,2.1639557,2.0
[aws-cli/1.16.35 Python/2.7.15 Linux/4.16.0-kali2-amd64 botocore/1.12.25],0.054952197,2.944439,3.0,0.42584842,16.0
aws-cli/1.16.35 Python/3.7.0 Linux/4.18.14-arch1-1-ARCH botocore/1.12.25,0.05494123,1.9459101,2.0,0.6931472,3.0
aws-cli/1.11.46 Python/2.7.9 Windows/7 botocore/1.5.9,0.054915246,3.1780539,4.0,0.53050965,20.0
aws-cli/1.18.80 Python/3.8.3 Linux/5.4.0-kali4-amd64 botocore/1.17.3,0.054888982,1.7917595,4.0,1.3321791,2.0
aws-cli/1.18.102 Python/2.7.16 Linux/4.14.165-133.209.amzn2.x86_64 botocore/1.17.25,0.054870058,1.3862944,2.0,0.6365142,2.0
aws-cli/1.16.190 Python/3.7.4 Darwin/17.5.0 botocore/1.12.180,0.054832038,4.7957907,22.0,1.9223571,64.0
aws-cli/2.0.16 Python/3.7.4 Darwin/19.3.0 botocore/2.0.0dev20,0.0548296,2.0794415,7.0,1.9459101,1.0
"Mozilla/5.0 (Macintosh; Intel Mac OS X 10_13_5) AppleWebKit/537.36 (KHTML, like Gecko) Chrome/67.0.3396.99 Safari/537.36",0.05470435,1.9459101,1.0,0.0,6.0
aws-cli/1.16.60 Python/3.7.1 Darwin/17.7.0 botocore/1.12.50,0.05466629,3.9318256,9.0,0.77238053,42.0
aws-cli/1.15.0 Python/2.7.12 Linux/4.15.0-33-generic botocore/1.10.0,0.054540288,3.4339871,11.0,2.0136611,11.0
aws-cli/2.0.30 Python/3.7.3 Linux/5.6.0-kali2-amd64 botocore/2.0.0dev34,0.0544688,1.0986123,2.0,0.6931472,1.0
aws-cli/1.15.62 Python/2.7.15 Darwin/17.7.0 botocore/1.10.61,0.054460958,3.988984,4.0,0.5714084,45.0
aws-cli/1.16.101 Python/2.7.5 Linux/3.10.0-957.5.1.el7.x86_64 botocore/1.12.91,0.054441437,1.9459101,2.0,0.6365142,4.0
Boto3/1.9.9 Python/2.7.15 Linux/4.15.0-34-generic Botocore/1.12.9,0.054402735,6.1312265,39.0,3.4527676,30.0
Boto3/1.15.5 Python/2.7.16 Darwin/19.6.0 Botocore/1.18.5,0.0543608,7.696667,636.0,6.3269086,22.0
aws-cli/1.16.24 Python/2.7.16 Darwin/18.2.0 botocore/1.12.14,0.05430186,5.32301,18.0,1.1201336,160.0
[aws-cli/1.14.44 Python/3.6.8 Linux/4.15.0-60-generic botocore/1.8.48],0.054290622,1.9459101,3.0,0.86756325,4.0
aws-cli/1.16.67 Python/3.7.0 Darwin/18.7.0 botocore/1.12.57,0.054182045,4.0253515,4.0,0.33625314,51.0
aws-cli/1.11.13 Python/2.7.14 Darwin/17.0.0 botocore/1.4.70,0.05412537,2.6390574,2.0,0.2711894,12.0
aws-cli/2.0.13 Python/3.7.4 Darwin/19.6.0 botocore/2.0.0dev17,0.054064676,2.9957323,8.0,1.4832209,11.0
[aws-cli/1.17.10 Python/3.8.1 Darwin/18.7.0 botocore/1.14.10],0.054019753,2.1972246,2.0,0.37677017,7.0
aws-cli/1.16.286 Python/3.5.2 Darwin/19.0.0 botocore/1.13.22,0.05395872,2.0794415,7.0,1.9459101,1.0
[Boto3/1.14.63 Python/3.6.9 Linux/4.15.0-117-generic Botocore/1.17.63 Resource],0.053954475,1.3862944,1.0,0.0,3.0
aws-cli/1.16.310 Python/3.7.3 Linux/5.0.0-38-generic botocore/1.13.46,0.053930316,4.304065,19.0,2.1351538,34.0
aws-cli/1.14.44 Python/3.6.9 Linux/5.3.0-45-generic botocore/1.13.12,0.053828385,3.6888795,2.0,0.11924693,38.0
aws-cli/1.16.140 Python/3.7.3 Linux/5.1.4-arch1-1-ARCH botocore/1.12.130,0.05381426,4.919981,7.0,0.6669471,116.0
aws-cli/1.18.46 Python/3.7.7 Linux/5.4.0-kali4-amd64 botocore/1.15.46,0.0537539,3.988984,17.0,1.6787226,33.0
aws-cli/1.16.266 Python/3.5.2 Linux/4.15.0-1051-aws botocore/1.13.2,0.05373622,1.609438,1.0,0.0,4.0
aws-cli/1.15.19 Python/2.7.12 Linux/4.13.0-43-generic botocore/1.10.28,0.053721245,2.6390574,5.0,1.4127445,5.0
aws-cli/1.16.255 Python/2.7.15+ Linux/4.4.0-039049-Microsoft botocore/1.12.245,0.053704325,3.7841897,3.0,0.29744494,40.0
aws-cli/1.16.117 Python/3.7.2 Linux/4.15.15-1-ARCH botocore/1.12.107,0.053675618,4.5108595,9.0,1.164851,64.0
aws-cli/1.16.254 Python/2.7.17 Darwin/19.3.0 botocore/1.12.244,0.053630486,2.1972246,8.0,2.0794415,1.0
aws-cli/1.15.80 Python/2.7.9 Windows/8 botocore/1.10.79,0.053610906,2.8903718,12.0,2.3639212,3.0
aws-cli/1.16.208 Python/2.7.10 Darwin/18.7.0 botocore/1.12.200,0.053520817,1.609438,2.0,0.6931472,2.0
aws-cli/1.15.22 Python/2.7.15 Darwin/17.5.0 botocore/1.10.22,0.053485624,4.1743875,2.0,0.1390608,62.0
aws-cli/1.11.56 Python/3.6.0 Linux/4.9.11-1-ec2 botocore/1.5.19,0.053458866,1.0986123,2.0,0.6931472,1.0
aws-cli/1.10.66 Python/2.7.10 Darwin/15.5.0 botocore/1.4.56,0.053458866,1.0986123,2.0,0.6931472,1.0
aws-cli/1.15.81 Python/3.7.0 Darwin/16.7.0 botocore/1.10.80,0.053451724,3.4011974,6.0,0.73718226,24.0
aws-cli/2.0.2 Python/3.7.3 Linux/5.4.0-kali4-amd64 botocore/2.0.0dev6,0.05339371,3.871201,4.0,0.49266607,41.0
aws-sdk-go/1.4.14 (go1.9.2; darwin; amd64),0.05335035,3.8501475,1.0,0.0,46.0
aws-cli/2.0.50 Python/3.7.7 Windows/10 exe/AMD64 command/iam.get-policy,0.053296328,0.6931472,1.0,0.0,1.0
aws-cli/1.11.58 Python/2.7.13 Darwin/16.6.0 botocore/1.5.21,0.053241115,1.3862944,2.0,0.6365142,2.0
[aws-cli/1.16.209 Python/3.7.3 Darwin/18.6.0 botocore/1.12.199],0.05321092,1.7917595,2.0,0.67301166,3.0
[aws-cli/1.16.207 Python/3.6.9 Linux/4.15.0-112-generic botocore/1.12.197],0.05321089,1.7917595,2.0,0.67301166,3.0
aws-cli/1.16.284 Python/3.6.8 Linux/4.18.0-147.5.1.el8_1.x86_64 botocore/1.13.20,0.05316409,4.65396,10.0,0.8582473,84.0
aws-cli/1.16.180 Python/3.7.3 Darwin/18.7.0 botocore/1.12.170,0.053043865,3.5553482,9.0,2.1500602,6.0
aws-cli/2.0.48 Python/3.7.4 Darwin/18.7.0 exe/x86_64 command/ec2.describe-instances,0.052993797,0.6931472,1.0,0.0,1.0
aws-cli/1.11.86 Python/2.7.10 Darwin/16.7.0 botocore/1.8.22,0.052891746,4.624973,9.0,0.6611226,87.0
aws-cli/1.11.124 Python/3.6.1 Darwin/16.7.0 botocore/1.12.39,0.052804768,4.26268,4.0,0.70568657,54.0
aws-cli/1.11.185 Python/2.7.9 Windows/8 botocore/1.7.43,0.052670408,2.9957323,7.0,1.1894736,13.0
[Boto3/1.15.2 Python/3.8.5 Linux/5.8.0-kali1-amd64 Botocore/1.18.2 Resource],0.05261901,1.3862944,1.0,0.0,3.0
aws-cli/1.16.5 Python/3.6.5 Linux/4.4.0-138-generic botocore/1.11.5,0.052592646,4.7184987,8.0,0.35802883,104.0
aws-cli/1.15.60 Python/3.7.0 Darwin/17.7.0 botocore/1.10.59,0.052574906,5.370638,23.0,1.2724506,159.0
aws-cli/2.0.42 Python/3.7.4 Darwin/19.6.0 exe/x86_64 command/ec2.describe-key-pairs,0.052570276,0.6931472,1.0,0.0,1.0
aws-cli/2.0.50 Python/3.8.5 Darwin/19.6.0 source/x86_64 command/ec2.describe-key-pairs,0.052570276,0.6931472,1.0,0.0,1.0
aws-cli/1.11.68 Python/2.7.6 Linux/3.13.0-48-generic botocore/1.5.31,0.05254601,2.0794415,7.0,1.9459101,1.0
aws-cli/1.16.238 Python/2.7.15 Darwin/18.2.0 botocore/1.12.228,0.0524904,1.0986123,2.0,0.6931472,1.0
aws-cli/1.16.238 Python/2.7.16 Linux/4.19.0-kali4-amd64 botocore/1.12.228,0.0524904,1.0986123,2.0,0.6931472,1.0
aws-cli/1.16.276 Python/2.7.16 Linux/4.19.0-kali5-amd64 botocore/1.13.12,0.0524586,3.0445225,9.0,1.9137543,5.0
aws-cli/1.16.87 Python/3.7.2 Windows/10 botocore/1.12.77,0.052456405,1.7917595,2.0,0.50040245,4.0
[aws-cli/1.15.85 Python/2.7.15rc1 Linux/4.15.0-55-generic botocore/1.10.84],0.0523876,2.4849067,2.0,0.47413933,9.0
aws-cli/1.14.50 Python/3.6.3 Darwin/17.4.0 botocore/1.9.3,0.052289274,2.8332133,2.0,0.23379166,15.0
aws-cli/1.17.14 Python/3.7.6 Linux/5.4.0-kali4-amd64 botocore/1.15.17,0.052279927,1.3862944,3.0,1.0986123,1.0
aws-cli/1.16.87 Python/2.7.15 Darwin/19.0.0 botocore/1.12.77,0.052238896,3.871201,13.0,1.5659851,29.0
aws-cli/1.16.189 Python/3.5.3 Linux/4.9.0-9-amd64 botocore/1.12.179,0.052142024,4.0430512,2.0,0.3404998,50.0
aws-cli/2.0.24 Python/3.7.3 Linux/5.5.0-kali2-amd64 botocore/2.0.0dev28,0.052141674,4.644391,19.0,1.6043818,67.0
aws-cli/2.0.46 Python/3.8.5 Darwin/19.6.0 source/x86_64 command/ec2.describe-snapshots,0.05202985,3.1354942,1.0,0.0,22.0
aws-cli/1.11.150 Python/2.7.10 Darwin/16.7.0 botocore/1.7.8,0.051962886,4.6728287,16.0,1.6772105,64.0
[aws-cli/1.16.102 Python/2.7.16 Linux/4.14.154-128.181.amzn2.x86_64 botocore/1.12.92],0.051940747,4.4886365,1.0,0.0,88.0
aws-cli/1.10.65 Python/2.7.12 Windows/10 botocore/1.4.55,0.05193861,2.8903718,9.0,1.6699767,9.0
aws-sdk-go/1.20.12 (go1.12.5; darwin; amd64) APN/1.0 HashiCorp/1.0 Terraform/0.12.2,0.05187891,2.5649493,2.0,0.6365142,8.0
aws-cli/2.0.51 Python/3.7.3 Linux/5.7.0-kali1-amd64 exe/x86_64.kali.2020 command/lambda.get-policy,0.051843315,0.6931472,1.0,0.0,1.0
aws-cli/1.16.81 Python/3.7.2 Windows/7 botocore/1.12.71,0.05177619,4.394449,15.0,1.7127326,48.0
aws-cli/1.18.101 Python/2.7.18 Linux/5.6.0-kali2-amd64 botocore/1.17.24,0.05159033,1.3862944,3.0,1.0986123,1.0
aws-cli/1.11.13 Python/3.5.2 Linux/4.4.0-45-generic botocore/1.4.70,0.051590327,1.3862944,3.0,1.0986123,1.0
aws-cli/1.14.30 Python/3.6.4 Windows/10 botocore/1.8.34,0.051581122,2.8903718,2.0,0.22371808,16.0
aws-cli/1.16.309 Python/3.6.9 Linux/4.15.0-1056-aws botocore/1.13.45,0.051502723,5.1357985,9.0,0.38505977,157.0
aws-cli/1.15.70 Python/3.6.5 Linux/4.15.0-1014-gcp botocore/1.10.69,0.051421095,3.7612002,7.0,1.3269932,25.0
aws-cli/1.11.63 Python/3.5.2 Linux/4.9.13-200.fc25.x86_64 botocore/1.5.26,0.05141028,1.7917595,2.0,0.50040245,4.0
aws-cli/1.15.60 Python/2.7.15 Darwin/17.7.0 botocore/1.10.59,0.051369216,4.2195077,8.0,1.0649912,49.0
[aws-cli/1.15.79 Python/2.7.15 Darwin/18.2.0 botocore/1.10.78],0.051328767,2.0794415,2.0,0.4101163,6.0
aws-cli/1.16.114 Python/3.7.3 Linux/4.19.0-kali3-amd64 botocore/1.12.104,0.051321026,3.218876,3.0,1.0114043,12.0
aws-cli/1.16.102 Python/2.7.14 Linux/4.14.123-111.109.amzn2.x86_64 botocore/1.12.92,0.05129216,3.295837,2.0,0.54020417,20.0
[aws-cli/1.11.154 Python/2.7.13 Windows/10 botocore/1.7.12],0.05122132,1.9459101,2.0,0.45056123,5.0
aws-cli/1.11.61 Python/2.7.9 Linux/3.16.0-4-amd64 botocore/1.5.24,0.051153008,1.3862944,1.0,0.0,3.0
aws-cli/1.11.97 Python/2.7.10 Darwin/16.5.0 botocore/1.5.60,0.051142946,3.0910425,11.0,2.2685351,4.0
aws-cli/2.0.44 Python/3.7.4 Darwin/19.5.0 exe/x86_64 command/ec2.describe-snapshots,0.051127795,3.5553482,1.0,0.0,34.0
aws-cli/1.10.28 Python/2.7.6 Linux/4.2.0-42-generic botocore/1.4.19,0.051079303,3.0445225,11.0,2.0253263,8.0
aws-cli/2.0.1 Python/3.7.4 Darwin/18.7.0 botocore/2.0.0dev5,0.05105469,4.26268,2.0,0.074876,69.0
aws-cli/1.11.86 Python/3.5.3 Windows/10 botocore/1.5.49,0.050965868,4.0253515,11.0,1.0774968,42.0
aws-cli/1.16.240 Python/3.6.9 Linux/5.3.0-42-generic botocore/1.13.48,0.05094849,3.988984,15.0,1.7637757,30.0
aws-cli/1.15.44 Python/3.6.4 CYGWIN_NT-6.1/2.10.0(0.325/5/3) botocore/1.10.44,0.05093161,4.836282,6.0,0.32655752,117.0
aws-cli/1.16.41 Python/2.7.13 Linux/4.12.0-kali2-686 botocore/1.12.31,0.05091561,2.4849067,2.0,0.3046361,10.0
aws-cli/1.17.11 Python/3.7.5 Linux/5.3.0-kali2-amd64 botocore/1.14.11,0.050906293,4.4998097,3.0,0.27727726,83.0
aws-cli/2.0.6 Python/3.7.3 Linux/5.6.7-arch1-1 botocore/2.0.0dev10,0.05090251,1.3862944,2.0,0.6365142,2.0
aws-cli/1.18.146 Python/2.7.18 Linux/5.4.0-kali4-amd64 botocore/1.18.5,0.05081603,4.248495,5.0,0.4034786,63.0
aws-cli/1.16.24 Python/3.6.0 Windows/10 botocore/1.12.14,0.050783638,4.7184987,12.0,1.3936057,74.0
aws-cli/2.0.54 Python/3.7.3 Linux/4.15.0-kali2-amd64 exe/x86_64.kali.2019 command/ec2.describe-snapshots,0.0507804,3.871201,1.0,0.0,47.0
aws-cli/1.16.259 Python/2.7.10 Darwin/18.2.0 botocore/1.12.249,0.050717887,2.9957323,9.0,1.9587271,6.0
organizations.amazonaws.com,0.050578248,2.944439,2.0,0.6931472,9.0
aws-cli/1.11.31 Python/2.7.10 Darwin/17.4.0 botocore/1.4.88,0.050487343,4.804021,4.0,0.33659858,112.0
Boto3/1.9.50 Python/2.7.15 Darwin/17.7.0 Botocore/1.12.50,0.050472155,6.133398,40.0,3.460762,30.0
aws-cli/2.0.6 Python/3.7.3 Linux/4.19.0-kali4-amd64 botocore/2.0.0dev10,0.050250262,3.465736,4.0,0.5187004,27.0
aws-sdk-nodejs/2.390.0 darwin/v10.11.0 callback,0.050187416,0.6931472,1.0,0.0,1.0
aws-cli/2.0.50 Python/3.8.5 Darwin/19.6.0 source/x86_64 command/cloudformation.describe-stacks,0.050187416,0.6931472,1.0,0.0,1.0
aws-cli/2.0.0dev3 Python/3.7.3 Linux/5.4.0-kali2-amd64 botocore/2.0.0dev2,0.050104335,3.9318256,14.0,2.2548218,14.0
aws-cli/1.15.71 Python/3.7.2 Linux/4.20.10-200.fc29.x86_64 botocore/1.10.41,0.05008687,4.0430512,3.0,0.4904499,48.0
aws-cli/2.0.41 Python/3.7.3 Linux/5.2.0-kali3-amd64 exe/x86_64.kali.2019 command/lambda.list-functions,0.050002962,0.6931472,1.0,0.0,1.0
Boto3/1.9.166 Python/3.7.3 Linux/4.19.0-kali4-amd64 Botocore/1.12.166,0.04992478,1.0986123,1.0,0.0,2.0
aws-cli/1.10.66 Python/2.7.10 Darwin/16.4.0 botocore/1.4.56,0.04989783,2.0794415,7.0,1.9459101,1.0
aws-cli/1.16.200 Python/3.7.4 Darwin/19.0.0 botocore/1.12.190,0.049855363,4.158883,3.0,0.22175428,60.0
aws-cli/1.16.4 Python/3.6.5 Linux/4.15.0-33-generic botocore/1.11.4,0.049851578,2.6390574,6.0,1.4105136,7.0
aws-cli/1.11.13 Python/3.5.2 Linux/4.4.0-1052-aws botocore/1.10.6,0.04982089,2.0794415,7.0,1.9459101,1.0
aws-cli/1.16.206 Python/2.7.15rc1 Linux/4.4.0-53329-Microsoft botocore/1.12.196,0.049780603,3.9702919,2.0,0.2711894,48.0
aws-cli/1.16.314 Python/3.7.5 Darwin/18.7.0 botocore/1.13.50,0.049769226,4.465908,7.0,0.7295531,71.0
aws-cli/1.11.40 Python/3.6.0 Linux/4.9.11-1-ARCH botocore/1.5.3,0.049754795,3.1354942,12.0,1.8920949,11.0
aws-cli/1.14.9 Python/2.7.13 Linux/4.9.76-3.78.amzn1.x86_64 botocore/1.8.13,0.04970544,3.7376697,3.0,0.6032891,33.0
aws-cli/1.16.155 Python/2.7.10 Darwin/18.5.0 botocore/1.12.145,0.049614098,5.159055,20.0,1.3187579,127.0
aws-cli/1.16.135 Python/2.7.14 Linux/4.14.88-88.76.amzn2.x86_64 botocore/1.12.125,0.04960255,5.17615,3.0,0.12422467,172.0
aws-cli/1.11.145 Python/3.5.2 Darwin/15.5.0 botocore/1.7.3,0.049567696,2.8332133,2.0,0.23379166,15.0
aws-cli/1.16.252 Python/3.7.3 Linux/5.0.0-29-generic botocore/1.12.242,0.049506012,4.2904596,3.0,0.24580003,68.0
aws-cli/1.11.56 Python/2.7.12 Darwin/15.6.0 botocore/1.5.19,0.049369488,2.0794415,7.0,1.9459101,1.0
aws-cli/1.11.103 Python/2.7.13 Darwin/16.7.0 botocore/1.5.66,0.049321137,2.8903718,1.0,0.0,17.0
aws-cli/1.11.13 Python/2.7.10 Darwin/17.4.0 botocore/1.5.90,0.04928534,2.8332133,2.0,0.23379166,15.0
[aws-cli/1.11.129 Python/2.7.10 Darwin/16.7.0 botocore/1.5.92],0.04927086,2.3978953,2.0,0.325083,9.0
aws-cli/2.0.0dev3 Python/3.7.5 Windows/10 botocore/2.0.0dev2,0.04910705,4.1743875,13.0,1.7236834,34.0
aws-cli/1.11.56 Python/2.7.13 Linux/4.9.13-200.fc25.x86_64+debug botocore/1.5.19,0.049075905,3.6635616,3.0,0.39568895,34.0
aws-cli/1.11.117 Python/2.7.10 Darwin/17.5.0 botocore/1.5.80,0.049055796,2.7080503,1.0,0.0,14.0
aws-cli/1.11.13 Python/3.5.3 Linux/4.9.0-6-amd64 botocore/1.4.70,0.04902164,2.8332133,2.0,0.23379166,15.0
aws-cli/2.0.20 Python/3.7.4 Darwin/19.4.0 botocore/2.0.0dev24,0.048975453,2.0794415,7.0,1.9459101,1.0
aws-cli/1.16.309 Python/2.7.17 Linux/5.0.0-37-generic botocore/1.13.45,0.048953015,1.3862944,2.0,0.6365142,2.0
aws-cli/1.16.169 Python/2.7.10 Darwin/18.5.0 botocore/1.12.159,0.048928786,3.218876,9.0,2.138333,4.0
aws-cli/2.0.42 Python/3.7.3 Linux/5.4.0-42-generic exe/x86_64.ubuntu.18 command/iam.get-policy,0.048912574,1.0986123,1.0,0.0,2.0
aws-cli/1.16.283 Python/3.6.7 Linux/4.4.0-01985-Microsoft botocore/1.13.19,0.04879583,3.6109178,8.0,0.8709751,29.0
aws-cli/2.0.42 Python/3.7.3 Linux/5.4.0-42-generic exe/x86_64.ubuntu.18 command/iam.get-user,0.04879339,1.0986123,1.0,0.0,2.0
[aws-cli/1.16.148 Python/3.6.8 Linux/4.19.0-kali3-amd64 botocore/1.12.138],0.04877812,2.8332133,3.0,1.0397208,8.0
aws-cli/1.18.93 Python/2.7.18 Linux/5.6.0-kali2-amd64 botocore/1.17.16,0.04877483,3.218876,10.0,2.084201,6.0
aws-cli/2.0.42 Python/3.7.3 Linux/5.4.0-42-generic exe/x86_64.ubuntu.18 command/lambda.get-policy,0.04876611,1.609438,1.0,0.0,4.0
aws-cli/1.18.26 Python/3.7.6 Linux/4.4.0-039049-Microsoft botocore/1.15.26,0.04876365,4.204693,7.0,0.63491523,57.0
aws-cli/1.18.65 Python/2.7.17 Linux/4.4.0-039049-Microsoft botocore/1.16.15,0.048686452,2.4849067,4.0,1.1209505,6.0
aws-cli/2.0.37 Python/3.7.4 Darwin/19.6.0 exe/x86_64 command/ec2.describe-snapshots,0.04867878,1.9459101,1.0,0.0,6.0
aws-cli/2.0.44 Python/3.7.3 Linux/5.4.0-26-generic exe/x86_64.linuxmint.20 command/lambda.list-functions,0.048652265,0.6931472,1.0,0.0,1.0
aws-cli/2.0.39 Python/3.7.7 Windows/10 exe/AMD64 command/lambda.list-functions,0.048652235,0.6931472,1.0,0.0,1.0
aws-cli/2.0.42 Python/3.7.3 Linux/5.4.0-42-generic exe/x86_64.ubuntu.18 command/lambda.list-functions,0.048652235,0.6931472,1.0,0.0,1.0
aws-cli/1.15.81 Python/2.7.15 Darwin/17.7.0 botocore/1.10.80,0.04859222,3.9318256,12.0,1.184492,37.0
aws-cli/1.15.40 Python/2.7.9 Windows/7 botocore/1.10.40,0.048511174,3.637586,11.0,1.361067,25.0
aws-cli/2.0.37 Python/3.7.4 Darwin/19.6.0 exe/x86_64 command/iam.get-user,0.048473988,1.3862944,1.0,0.0,3.0
aws-cli/1.18.36 Python/3.8.1 Linux/5.4.13-arch1-1 botocore/1.15.36,0.048456475,3.912023,14.0,1.6183469,30.0
aws-cli/1.11.13 Python/3.5.2 Linux/4.4.0-67-generic botocore/1.4.70,0.048354723,3.8918202,10.0,1.5879205,28.0
aws-cli/1.18.69 Python/3.6.9 Linux/5.3.0-1032-aws botocore/1.16.19,0.048347857,2.3025851,9.0,2.1972246,1.0
aws-cli/1.16.111 Python/2.7.10 Darwin/16.7.0 botocore/1.12.101,0.04823834,3.9702919,2.0,0.16302365,50.0
aws-sdk-nodejs/2.760.0 win32/v12.2.0 callback,0.048236508,1.3862944,1.0,0.0,3.0
"Mozilla/5.0 (Macintosh; Intel Mac OS X 10_15_2) AppleWebKit/537.36 (KHTML, like Gecko) NoSQLWorkbenchforAmazonDynamoDB(Preview)/0.4.0 Chrome/69.0.3497.128 Electron/4.2.9 Safari/537.36",0.04822622,0.6931472,1.0,0.0,1.0
"Mozilla/5.0 (Macintosh; Intel Mac OS X 10_14_6) AppleWebKit/537.36 (KHTML, like Gecko) NoSQLWorkbenchforAmazonDynamoDB/1.0.0 Chrome/78.0.3904.130 Electron/7.1.10 Safari/537.36",0.04822622,0.6931472,1.0,0.0,1.0
aws-cli/1.11.189 Python/2.7.6 Linux/4.4.0-128-generic botocore/1.8.6,0.048205085,3.1354942,9.0,1.7685754,10.0
aws-cli/1.14.53 Python/2.7.14 Linux/4.13.0-kali1-amd64 botocore/1.9.6,0.048147406,2.8903718,2.0,0.64924836,11.0
aws-cli/2.0.16 Python/3.7.3 Linux/5.7.0-kali1-amd64 botocore/2.0.0dev20,0.04804569,2.3025851,9.0,2.1972246,1.0
aws-cli/1.16.110 Python/3.7.2 Darwin/18.6.0 botocore/1.12.100,0.04797549,4.0775375,2.0,0.33259422,52.0
aws-cli/2.0.49 Python/3.7.4 Darwin/19.6.0 exe/x86_64 command/lambda.list-functions,0.04793975,1.609438,1.0,0.0,4.0
aws-cli/1.14.9 Python/3.6.3 Windows/10 botocore/1.8.13,0.047916394,3.5263605,10.0,1.7009021,17.0
aws-cli/2.0.46 Python/3.8.5 Darwin/19.6.0 source/x86_64 command/iam.get-policy,0.047827996,0.6931472,1.0,0.0,1.0
aws-cli/1.17.6 Python/2.7.17 Linux/5.3.0-26-generic botocore/1.14.6,0.047771297,1.3862944,2.0,0.6365142,2.0
aws-cli/2.0.50 Python/3.7.4 Darwin/19.6.0 exe/x86_64 command/lambda.get-policy,0.04767436,0.6931472,1.0,0.0,1.0
aws-cli/1.10.12 Python/2.7.12 Linux/4.4.0-79-generic botocore/1.4.3,0.047663942,1.9459101,3.0,1.0114043,3.0
aws-cli/2.0.31 Python/3.7.3 Linux/5.4.0-39-generic botocore/2.0.0dev35,0.047601372,4.1108737,12.0,1.0897382,46.0
aws-cli/1.16.290 Python/3.6.8 Linux/4.4.0-01985-Microsoft botocore/1.13.26,0.047593284,1.0986123,1.0,0.0,2.0
aws-cli/1.16.78 Python/2.7.15 Darwin/17.7.0 botocore/1.12.68,0.047578778,4.0073333,2.0,0.092216045,53.0
aws-cli/1.11.139 Python/3.6.3 Linux/4.13.0-kali1-amd64 botocore/1.6.6,0.047565117,2.3978953,2.0,0.6931472,5.0
aws-cli/1.17.1 Python/3.6.0 Windows/10 botocore/1.14.1,0.04755063,1.0986123,1.0,0.0,2.0
aws-cli/1.14.6 Python/2.7.9 Windows/8 botocore/1.8.10,0.04753689,3.2580965,9.0,1.3889673,16.0
aws-cli/1.16.102 Python/2.7.16 Linux/4.14.158-101.185.amzn1.x86_64 botocore/1.12.92,0.047424108,4.406719,3.0,0.18198514,78.0
aws-cli/2.0.50 Python/3.7.7 Windows/10 exe/AMD64 command/lambda.list-functions,0.047395304,0.6931472,1.0,0.0,1.0
aws-cli/2.0.42 Python/3.7.3 Linux/5.7.0-kali1-amd64 exe/x86_64.kali.2020 command/lambda.list-functions,0.04733172,0.6931472,1.0,0.0,1.0
aws-cli/1.11.63 Python/2.7.13 Linux/4.9.11-1-ARCH botocore/1.5.26,0.047316916,3.0445225,7.0,1.4978662,10.0
aws-cli/1.18.73 Python/2.7.17 Linux/5.4.0-kali4-amd64 botocore/1.16.23,0.047256287,2.0794415,3.0,1.0042424,3.0
aws-cli/1.15.20 Python/3.6.5 Darwin/17.4.0 botocore/1.10.20,0.04725172,3.465736,4.0,1.0813277,16.0
aws-cli/1.11.48 Python/2.7.12 Linux/4.8.0-34-generic botocore/1.5.11,0.047231022,2.7080503,4.0,0.7549968,11.0
aws-cli/1.14.53 Python/2.7.12 Linux/4.4.0-53329-Microsoft botocore/1.9.6,0.047136605,1.3862944,2.0,0.6365142,2.0
aws-cli/1.17.14 Python/3.7.6 Linux/5.4.0-3parrot1-amd64 botocore/1.14.14,0.047135893,4.158883,3.0,0.27217367,59.0
aws-cli/1.14.50 Python/3.6.8 Linux/4.18.16-200.fc28.x86_64 botocore/1.9.1,0.047113206,3.1780539,2.0,0.4620369,19.0
aws-cli/1.16.138 Python/2.7.15 Darwin/18.7.0 botocore/1.12.128,0.047088925,3.988984,2.0,0.09359995,52.0
[aws-cli/1.16.96 Python/2.7.15+ Linux/4.15.0-54-generic botocore/1.12.86],0.04704403,4.394449,1.0,0.0,80.0
aws-cli/1.11.133 Python/3.6.2 Linux/4.12.6-1-ARCH botocore/1.6.0,0.046985723,4.0253515,2.0,0.21168755,52.0
aws-cli/1.16.72 Python/2.7.14 Windows/10 botocore/1.12.62,0.04698003,4.762174,27.0,2.118971,61.0
aws-cli/1.11.56 Python/2.7.13 Linux/4.9.9-200.fc25.x86_64 botocore/1.5.19,0.046979595,2.8332133,1.0,0.0,16.0
aws-cli/2.0.24 Python/3.8.3 Darwin/19.6.0 botocore/2.0.0dev28,0.046974976,4.2341065,3.0,0.15307812,66.0
aws-cli/1.16.43 Python/2.7.12 Linux/4.10.0-42-generic botocore/1.12.33,0.046948705,4.465908,3.0,0.40707535,77.0
aws-cli/1.16.17 Python/3.6.0 Windows/10 botocore/1.12.7,0.046944663,2.0794415,3.0,1.0789921,3.0
aws-cli/1.16.183 Python/2.7.17 Linux/5.3.0-26-generic botocore/1.12.173,0.04687784,1.3862944,2.0,0.6365142,2.0
"[AWS Console Config, aws-internal/3]",0.046828434,2.1972246,2.0,0.37677017,7.0
[aws-cli/1.16.226 Python/3.7.4 Linux/5.2.0-2parrot1-amd64 botocore/1.12.217],0.046793565,1.609438,2.0,0.6931472,2.0
[aws-cli/1.16.219 Python/2.7.15+ Linux/4.15.0-1044-aws botocore/1.12.209],0.046793565,1.609438,2.0,0.6931472,2.0
aws-cli/2.0.49 Python/3.7.7 Windows/10 exe/AMD64 command/ec2.describe-snapshots,0.046573963,3.6109178,1.0,0.0,36.0
aws-sdk-go/1.18.6 (go1.12.7; darwin; amd64),0.046436246,1.609438,2.0,0.56233513,3.0
aws-cli/1.14.44 Python/3.6.9 Linux/5.0.0-32-generic botocore/1.8.48,0.04641949,1.609438,3.0,1.0397208,2.0
aws-cli/1.14.38 Python/2.7.14+ Linux/4.14.0-kali3-amd64 botocore/1.8.42,0.04641925,3.4965076,5.0,1.2503091,18.0
aws-cli/1.16.276 Python/3.7.5 Linux/5.3.0-40-generic botocore/1.15.28,0.04638604,3.637586,3.0,0.46365502,32.0
aws-cli/1.16.6 Python/2.7.15 Linux/4.17.0-kali1-amd64 botocore/1.11.6,0.046271794,2.1972246,8.0,2.0794415,1.0
aws-cli/1.16.3 Python/2.7.15 Darwin/18.0.0 botocore/1.11.3,0.046241183,2.0794415,3.0,1.0789921,3.0
aws-cli/1.18.106 Python/3.8.5 Darwin/19.0.0 botocore/1.17.29,0.04617874,4.1743875,8.0,0.7200195,54.0
aws-cli/1.11.63 Python/2.7.10 Darwin/15.6.0 botocore/1.5.26,0.04616695,3.8286414,4.0,0.39237916,41.0
aws-cli/1.11.133 Python/2.7.12 Linux/4.4.0-83-generic botocore/1.6.0,0.04615001,2.8903718,5.0,1.1185405,11.0
[aws-cli/1.11.138 Python/2.7.10 Darwin/16.7.0 botocore/1.6.5],0.046123885,2.7725887,4.0,0.7201249,12.0
aws-cli/1.18.0 Python/3.8.1 Darwin/19.3.0 botocore/1.15.0,0.046077173,1.3862944,3.0,1.0986123,1.0
aws-cli/1.11.104 Python/3.5.2 Linux/4.4.0-22-generic botocore/1.5.67,0.046061363,2.7080503,9.0,1.9652371,5.0
aws-cli/1.11.41 Python/3.5.2 Linux/4.4.0-101-generic botocore/1.5.4,0.046033803,4.276666,20.0,1.7149258,44.0
aws-cli/2.0.46 Python/3.8.5 Darwin/19.6.0 source/x86_64 command/lambda.list-functions,0.0459134,0.6931472,1.0,0.0,1.0
aws-cli/2.0.50 Python/3.7.3 Linux/4.15.0-117-generic exe/x86_64.ubuntu.18 command/lambda.list-functions,0.0459134,0.6931472,1.0,0.0,1.0
aws-cli/2.0.36 Python/3.7.3 Linux/5.0.0-38-generic exe/x86_64.ubuntu.19 command/iam.list-roles,0.04587808,0.6931472,1.0,0.0,1.0
aws-cli/1.16.138 Python/3.7.3rc1 Linux/4.12.0-kali2-686 botocore/1.12.128,0.045846716,3.4965076,10.0,2.0140355,12.0
aws-cli/1.16.9 Python/2.7.9 Windows/8 botocore/1.11.9,0.045726795,4.59512,11.0,1.0150617,73.0
aws-cli/1.16.233 Python/3.7.4 Linux/4.18.0-kali2-amd64 botocore/1.12.223,0.045697704,1.3862944,2.0,0.6365142,2.0
aws-cli/1.16.256 Python/3.7.4 Linux/4.19.0-kali5-amd64 botocore/1.12.246,0.045697704,1.3862944,2.0,0.6365142,2.0
Boto3/1.7.84 Python/2.7.10 Darwin/16.7.0 Botocore/1.10.84,0.045590024,4.6151204,1.0,0.0,100.0
aws-cli/2.0.50 Python/3.7.3 Linux/5.6.0-kali2-amd64 exe/x86_64.kali.2020 command/ec2.describe-snapshots,0.045498107,3.6109178,1.0,0.0,36.0
aws-cli/1.11.142 Python/2.7.12+ Linux/4.6.0-kali1-amd64 botocore/1.7.0,0.045477804,2.3978953,9.0,2.1639557,2.0
aws-cli/1.14.44 Python/3.6.9 Linux/4.15.0-70-generic botocore/1.8.48,0.045477804,3.4965076,3.0,0.6125426,26.0
aws-cli/1.16.270 Python/3.7.4 Darwin/19.0.0 botocore/1.13.6,0.045472085,3.465736,3.0,0.37953493,28.0
aws-cli/1.17.5 Python/2.7.17 Linux/5.2.0-kali3-amd64 botocore/1.14.5,0.045430638,3.5553482,6.0,0.6542554,29.0
aws-cli/1.16.120 Python/3.7.3 Darwin/18.7.0 botocore/1.12.110,0.045416873,4.3438053,9.0,0.64898264,66.0
aws-cli/1.16.255 Python/3.7.4 Linux/5.3.1-arch1-1-ARCH botocore/1.12.245,0.045387443,2.1972246,7.0,1.9061549,2.0
aws-cli/1.16.303 Python/3.8.0 Linux/5.4.2-arch1-1 botocore/1.13.39,0.045347217,3.988984,14.0,2.2010274,14.0
aws-cli/1.16.144 Python/3.6.4 Darwin/18.6.0 botocore/1.12.134,0.04533907,3.3672957,2.0,0.25731868,26.0
aws-internal/3 aws-sdk-java/1.11.526 Linux/4.9.137-0.1.ac.218.74.329.metal1.x86_64 OpenJDK_64-Bit_Server_VM/25.202-b08 java/1.8.0_202 vendor/Oracle_Corporation,0.045312252,4.65396,1.0,0.0,104.0
aws-cli/2.0.54 Python/3.8.5 Darwin/18.7.0 source/x86_64 command/ec2.describe-snapshots,0.045301106,3.6109178,1.0,0.0,36.0
aws-cli/1.11.21 Python/2.7.6 Darwin/16.5.0 botocore/1.4.78,0.045284048,1.3862944,3.0,1.0986123,1.0
aws-cli/1.15.79 Python/3.6.6 Linux/4.17.0-kali3-amd64 botocore/1.10.78,0.045252897,3.9512436,2.0,0.27492142,47.0
[aws-cli/1.11.118 Python/2.7.10 Darwin/16.6.0 botocore/1.5.81],0.045234226,2.1972246,3.0,0.7356219,6.0
aws-cli/1.14.56 Python/2.7.1 Java/1.8.0_162 botocore/1.9.9,0.045216814,3.637586,16.0,2.1991787,15.0
[aws-cli/1.16.47 Python/2.7.13 Linux/4.17.0-3rodete2-amd64 botocore/1.12.37],0.04514641,2.8903718,3.0,0.80374205,12.0
aws-cli/2.0.9 Python/3.8.2 Darwin/19.6.0 botocore/2.0.0dev13,0.04513094,4.1271343,14.0,1.6080495,37.0
aws-cli/1.16.63 Python/2.7.15+ Linux/4.18.0-kali2-amd64 botocore/1.12.53,0.044963837,2.3025851,4.0,1.0027182,6.0
aws-cli/1.15.33 Python/3.5.2 Darwin/17.7.0 botocore/1.10.33,0.04494592,2.3025851,9.0,2.1972246,1.0
aws-cli/1.15.49 Python/2.7.9 Linux/3.16.0-6-amd64 botocore/1.10.48,0.044943403,3.1780539,2.0,0.1788449,22.0
aws-cli/1.16.148 Python/3.7.3 Linux/5.0.9-200.fc29.x86_64 botocore/1.12.138,0.04490553,3.8918202,2.0,0.17320523,46.0
aws-cli/1.16.177 Python/2.7.16 Linux/4.19.0-kali5-amd64 botocore/1.12.167,0.04487843,2.8903718,10.0,2.1500602,4.0
aws-cli/1.18.44 Python/2.7.18rc1 Linux/5.4.0-42-generic botocore/1.15.44,0.04485003,4.5108595,4.0,0.18276517,87.0
aws-cli/2.0.4 Python/3.8.2 Darwin/18.7.0 botocore/2.0.0dev8,0.044756252,2.8332133,2.0,0.23379166,15.0
aws-cli/1.11.136 Python/2.7.10 Darwin/17.5.0 botocore/1.6.3,0.044756252,2.8332133,2.0,0.23379166,15.0
aws-cli/1.14.7 Python/2.7.14 Darwin/16.7.0 botocore/1.8.11,0.04475623,2.8332133,2.0,0.23379166,15.0
aws-cli/1.16.214 Python/2.7.16 Darwin/18.7.0 botocore/1.12.204,0.04475554,2.9957323,3.0,0.6330395,15.0
aws-cli/2.0.52 Python/3.7.4 Darwin/18.7.0 exe/x86_64 command/lambda.list-functions,0.044716593,0.6931472,1.0,0.0,1.0
aws-cli/1.11.133 Python/2.7.13 Darwin/16.7.0 botocore/1.6.0,0.044681642,2.3978953,9.0,2.1639557,2.0
aws-cli/1.15.72 Python/2.7.12 Linux/4.4.0-116-generic botocore/1.10.71,0.044676427,1.3862944,3.0,1.0986123,1.0
aws-cli/1.11.139 Python/3.5.4 Linux/4.12.0-kali2-amd64 botocore/1.6.6,0.044647325,4.1271343,9.0,1.2076452,42.0
aws-cli/1.14.54 Python/2.7.10 Darwin/14.5.0 botocore/1.9.7,0.044611666,3.7841897,2.0,0.110453054,42.0
aws-cli/1.18.146 Python/3.6.9 Linux/4.4.0-039049-Microsoft botocore/1.18.5,0.044602256,2.3025851,9.0,2.1972246,1.0
aws-cli/1.16.280 Python/3.7.5 Linux/4.19.0-kali4-amd64 botocore/1.13.17,0.04457554,3.9512436,12.0,1.5009773,29.0
aws-cli/1.11.112 Python/2.7.9 Windows/8 botocore/1.5.75,0.04452989,3.218876,5.0,0.9943618,16.0
aws-cli/1.11.0 Python/2.7.10 Darwin/14.5.0 botocore/1.4.58,0.044522423,1.7917595,3.0,0.95027053,3.0
aws-cli/1.11.28 Python/2.7.12 Linux/4.4.0-83-generic botocore/1.4.85,0.044509225,2.0794415,7.0,1.9459101,1.0
aws-cli/2.0.48 Python/3.7.3 Linux/5.4.0-47-generic exe/x86_64.ubuntu.20 command/lambda.get-policy,0.044483077,0.6931472,1.0,0.0,1.0
Boto3/1.7.65 Python/2.7.13 Windows/10 Botocore/1.10.65,0.044268403,6.1290503,40.0,3.4586957,30.0
aws-cli/2.0.19 Python/3.7.3 Linux/5.3.0-61-generic botocore/2.0.0dev23,0.044255104,2.3025851,9.0,2.1972246,1.0
aws-cli/1.11.139 Python/3.6.3 Linux/4.13.0-24-generic botocore/1.8.2,0.044172738,2.8332133,2.0,0.23379166,15.0
aws-cli/1.18.124 Python/3.8.5 Linux/5.7.0-kali1-amd64 botocore/1.17.47,0.044165388,3.3672957,7.0,1.3271118,17.0
[aws-cli/1.11.55 Python/2.7.12 Linux/4.4.0-64-generic botocore/1.5.18],0.044153083,1.3862944,1.0,0.0,3.0
aws-cli/1.16.78 Python/2.7.15rc1 Linux/4.15.0-1030-oem botocore/1.12.71,0.04402594,1.0986123,2.0,0.6931472,1.0
aws-cli/1.18.69 Python/3.8.2 Linux/5.4.0-48-generic botocore/1.17.20,0.043969117,2.3025851,9.0,2.1972246,1.0
aws-cli/1.16.260 Python/3.6.8 Linux/4.4.0-01985-Microsoft botocore/1.12.250,0.04394653,2.8332133,2.0,0.23379166,15.0
aws-cli/1.14.25 Python/2.7.14+ Linux/4.9.0-kali4-amd64 botocore/1.8.29,0.043894835,4.2341065,13.0,1.1164217,52.0
aws-cli/1.11.110 Python/2.7.9 Windows/8 botocore/1.5.73,0.04388981,0.6931472,1.0,0.0,1.0
aws-cli/1.16.303 Python/3.7.5 Linux/5.3.0-kali2-amd64 botocore/1.13.39,0.043818332,3.4339871,3.0,0.38873443,27.0
aws-cli/1.11.66 Python/2.7.10 Darwin/16.3.0 botocore/1.5.29,0.04376484,2.9957323,4.0,0.60962737,16.0
aws-cli/1.11.29 Python/2.7.10 Darwin/14.5.0 botocore/1.4.86,0.043747388,2.1972246,1.0,0.0,8.0
aws-cli/1.14.32 Python/2.7.14+ Linux/4.14.0-kali3-amd64 botocore/1.8.36,0.043742016,3.5553482,10.0,1.7427936,17.0
aws-cli/1.16.124 Python/3.7.2+ Linux/4.19.0-kali1-amd64 botocore/1.12.114,0.04373388,1.609438,2.0,0.6931472,2.0
aws-cli/1.11.35 Python/2.7.10 Darwin/16.1.0 botocore/1.4.92,0.043690156,2.3978953,1.0,0.0,10.0
aws-cli/1.14.36 Python/3.6.3 Linux/4.9.60-linuxkit-aufs botocore/1.8.40,0.043659095,3.295837,9.0,1.44525,16.0
aws-cli/1.16.284 Python/3.6.0 Windows/10 botocore/1.13.20,0.043632742,3.6888795,3.0,0.57799673,32.0
aws-cli/1.15.71 Python/2.7.10 Darwin/16.7.0 botocore/1.10.70,0.043532625,1.3862944,2.0,0.6365142,2.0
aws-cli/1.15.32 Python/2.7.13 Linux/4.9.0-6-amd64 botocore/1.10.32,0.04349171,3.5263605,2.0,0.13579392,32.0
aws-cli/2.0.38 Python/3.7.4 Darwin/19.6.0 exe/x86_64 command/apigateway.get-rest-apis,0.04342595,1.609438,1.0,0.0,4.0
aws-cli/2.0.49 Python/3.7.4 Darwin/19.6.0 exe/x86_64 command/apigateway.get-rest-apis,0.04342595,1.609438,1.0,0.0,4.0
aws-cli/1.16.111 Python/3.6.8 Linux/4.15.0-52-generic botocore/1.12.101,0.043401577,3.9702919,2.0,0.2711894,48.0
aws-cli/1.17.0 Python/3.7.5 Linux/5.4.0-kali2-amd64 botocore/1.14.0,0.043304365,3.637586,5.0,0.65885866,31.0
aws-cli/1.16.183 Python/2.7.15+ Linux/5.0.0-37-generic botocore/1.12.173,0.04320893,1.3862944,2.0,0.6365142,2.0
aws-cli/2.0.49 Python/3.7.4 Darwin/19.6.0 exe/x86_64 command/lambda.get-function,0.04320268,1.609438,1.0,0.0,4.0
[aws-cli/1.18.124 Python/2.7.16 Linux/5.0.0-38-generic botocore/1.17.47],0.04318942,1.0986123,2.0,0.6931472,1.0
[aws-cli/1.17.4 Python/2.7.17 Linux/4.15.0-74-generic botocore/1.14.4],0.04318942,1.0986123,2.0,0.6931472,1.0
aws-cli/1.17.16 Python/2.7.15rc1 Linux/4.16.0-parrot12-amd64 botocore/1.14.16,0.043106444,3.7376697,10.0,1.0086074,32.0
[Boto3/1.12.39 Python/3.7.3 Linux/4.4.0-039049-Microsoft Botocore/1.15.39 Resource],0.043106098,2.3025851,1.0,0.0,9.0
aws-cli/1.14.24 Python/3.6.4 Darwin/17.3.0 botocore/1.8.28,0.043099776,2.8903718,2.0,0.22371808,16.0
aws-cli/1.16.249 Python/2.7.16 Darwin/19.6.0 botocore/1.12.239,0.04306169,4.0253515,9.0,0.9564235,43.0
aws-cli/1.11.63 Python/3.6.0 Linux/4.10.3-1-ARCH botocore/1.5.26,0.043014213,3.4339871,11.0,1.9852314,12.0
aws-cli/1.17.1 Python/3.7.5 Linux/5.3.0-64-generic botocore/1.15.49,0.043005772,3.7376697,11.0,1.6586156,23.0
aws-cli/1.18.28 Python/3.7.4 Darwin/17.7.0 botocore/1.15.28,0.04298321,4.955827,11.0,0.80137193,118.0
aws-cli/2.0.50 Python/3.8.5 Darwin/19.6.0 source/x86_64 command/ec2.create-key-pair,0.04296851,0.6931472,1.0,0.0,1.0
aws-cli/1.11.56 Python/2.7.12 Linux/4.4.0-36-generic botocore/1.5.19,0.042909153,2.4849067,2.0,0.3046361,10.0
aws-cli/1.11.80 Python/2.7.9 Windows/8 botocore/1.5.43,0.04289801,4.356709,18.0,1.884948,42.0
aws-cli/1.18.84 Python/3.7.2 CYGWIN_NT-10.0-WOW/3.0.4(0.338/5/3) botocore/1.17.7,0.042858116,2.3978953,9.0,2.1639557,2.0
aws-cli/1.17.0 Python/3.6.8 Linux/4.14.128-87.105.amzn1.x86_64 botocore/1.14.0,0.042847466,2.7725887,3.0,1.0606018,7.0
aws-cli/1.15.71 Python/3.7.2 Linux/4.20.13-200.fc29.x86_64 botocore/1.10.41,0.042790174,5.030438,2.0,0.1662679,146.0
[Boto3/1.14.49 Python/3.7.7 Darwin/19.6.0 Botocore/1.17.49 Resource],0.04274408,2.1972246,1.0,0.0,8.0
aws-cli/1.11.63 Python/2.7.10 Darwin/17.5.0 botocore/1.5.26,0.04270202,2.1972246,8.0,2.0794415,1.0
[Boto3/1.9.85 Python/3.4.2 Linux/3.16.0-5-amd64 Botocore/1.12.85],0.04268404,1.3862944,1.0,0.0,3.0
aws-cli/1.11.61 Python/3.6.0 Linux/4.10.1-1-ARCH botocore/1.5.24,0.04268059,2.0794415,7.0,1.9459101,1.0
aws-cli/1.15.76 Python/3.6.5 Linux/4.15.0-34-generic botocore/1.12.23,0.042617735,1.9459101,2.0,0.6365142,4.0
aws-cli/1.15.50 Python/3.7.0 Darwin/16.7.0 botocore/1.10.49,0.042606227,4.882802,15.0,0.90390104,108.0
aws-cli/1.11.53 Python/3.5.2 Darwin/16.4.0 botocore/1.5.16,0.042587414,3.0910425,4.0,0.68495476,17.0
aws-cli/1.14.34 Python/3.6.4 Darwin/16.7.0 botocore/1.8.38,0.042585455,3.713572,5.0,0.68720746,33.0
aws-cli/1.16.303 Python/3.8.0 Linux/5.3.0-arch1-1-ARCH botocore/1.13.39,0.04255632,3.9512436,2.0,0.096508965,50.0
[aws-cli/1.14.9 Python/2.7.14 Linux/4.14.33-51.37.amzn1.x86_64 botocore/1.8.13],0.042550016,3.1780539,2.0,0.68461627,13.0
[aws-cli/1.14.30 Python/2.7.15rc1 Linux/4.15.0-30-generic botocore/1.8.34],0.042485178,1.0986123,2.0,0.6931472,1.0
aws-cli/1.11.35 Python/2.7.13 Darwin/16.4.0 botocore/1.4.92,0.042473767,4.0943446,8.0,0.8163625,48.0
aws-cli/1.16.154 Python/3.7.2 Windows/10 botocore/1.12.144,0.042367376,3.713572,11.0,2.2765927,7.0
aws-cli/1.15.21 Python/2.7.10 Darwin/18.7.0 botocore/1.12.230,0.042358022,4.0943446,5.0,0.4031064,54.0
aws-cli/1.16.24 Python/2.7.15 Windows/10 botocore/1.12.14,0.042303383,4.5325994,11.0,0.72455746,79.0
aws-cli/1.16.272 Python/3.6.0 Windows/10 botocore/1.13.8,0.042290684,2.3978953,2.0,0.50040245,8.0
[aws-cli/1.18.136 Python/3.8.5 Linux/5.8.3-2-MANJARO botocore/1.17.59],0.04228094,1.0986123,2.0,0.6931472,1.0
aws-cli/1.16.235 Python/2.7.10 Darwin/18.6.0 botocore/1.12.225,0.042154483,1.3862944,2.0,0.6365142,2.0
aws-cli/1.10.61 Python/2.7.9 Linux/3.16.0-4-amd64 botocore/1.4.51,0.042116757,2.0794415,7.0,1.9459101,1.0
aws-cli/1.11.160 Python/2.7.10 Darwin/16.7.0 botocore/1.7.18,0.042100236,3.8918202,3.0,0.54428375,40.0
aws-cli/2.0.42 Python/3.7.3 Linux/5.2.0-kali2-amd64 exe/x86_64.kali.2019 command/iam.get-user,0.04198842,0.6931472,1.0,0.0,1.0
[Cyberduck/4.78.103.2371 (Mac OS X/10.12.5) (x86_64)],0.041881192,2.0794415,2.0,0.68290806,4.0
aws-cli/1.11.169 Python/2.7.10 Darwin/17.0.0 botocore/1.7.27,0.04186656,3.0910425,7.0,1.3246686,13.0
aws-cli/1.11.42 Python/2.7.10 Darwin/16.6.0 botocore/1.5.5,0.041795082,2.6390574,1.0,0.0,13.0
aws-cli/2.0.33 Python/3.7.3 Linux/4.4.0-039049-Microsoft botocore/2.0.0dev37,0.041658916,1.609438,2.0,0.56233513,3.0
aws-cli/1.16.171 Python/3.6.0 Windows/10 botocore/1.12.161,0.0416126,4.5108595,10.0,1.6254641,50.0
aws-cli/1.16.202 Python/2.7.15rc1 Linux/4.4.0-53329-Microsoft botocore/1.12.192,0.04156925,2.7080503,3.0,0.9556999,8.0
aws-cli/1.11.104 Python/2.7.13 Linux/4.9.0-kali4-amd64 botocore/1.5.67,0.04156191,1.9459101,3.0,1.0114043,3.0
aws-cli/1.16.176 Python/3.6.0 Windows/10 botocore/1.12.166,0.041559838,3.8918202,9.0,1.3296614,32.0
aws-cli/1.15.69 Python/3.7.0 Darwin/17.6.0 botocore/1.10.68,0.041498434,2.9957323,10.0,1.732552,10.0
aws-cli/1.16.202 Python/3.7.4 Windows/10 botocore/1.12.192,0.041370038,4.0775375,2.0,0.33259422,52.0
Boto3/1.4.4 Python/2.7.13 Darwin/16.6.0 Botocore/1.5.46,0.041356992,2.8332133,3.0,0.46341357,14.0
aws-cli/1.16.171 Python/3.7.3 Windows/10 botocore/1.12.161,0.041344687,3.871201,9.0,1.3492123,31.0
aws-cli/1.16.147 Python/3.7.3 Darwin/18.5.0 botocore/1.12.137,0.041339774,4.9767337,3.0,0.24580003,136.0
aws-cli/1.18.94 Python/2.7.17 Linux/5.3.0-62-generic botocore/1.17.17,0.041336074,4.912655,13.0,0.79098934,114.0
aws-cli/1.18.56 Python/3.6.9 Linux/5.3.0-51-generic botocore/1.16.7,0.041334473,4.204693,1.0,0.0,66.0
aws-cli/1.16.205 Python/3.7.3 Darwin/18.7.0 botocore/1.12.195,0.041274816,4.26268,8.0,1.1223758,50.0
aws-cli/1.11.48 Python/2.7.10 Darwin/15.6.0 botocore/1.5.11,0.04127271,2.4849067,2.0,0.3046361,10.0
aws-cli/1.16.26 Python/3.6.7 Linux/4.18.0-parrot10-amd64 botocore/1.12.16,0.041272175,4.0775375,9.0,1.0297878,43.0
aws-cli/1.16.46 Python/2.7.15rc1 Linux/4.15.0-38-generic botocore/1.12.36,0.041263796,3.4965076,4.0,0.6452457,26.0
aws-cli/2.0.0 Python/3.7.3 Linux/5.3.0-26-generic botocore/2.0.0dev4,0.041229934,4.1271343,9.0,0.7781575,51.0
aws-cli/1.16.160 Python/3.7.3 Darwin/18.7.0 botocore/1.12.150,0.041225422,1.3862944,2.0,0.6365142,2.0
aws-cli/1.11.44 Python/2.7.12 Linux/4.4.0-72-generic botocore/1.5.7,0.041192353,3.218876,11.0,1.798274,12.0
aws-cli/1.11.63 Python/2.7.12+ Linux/4.3.0-kali1-amd64 botocore/1.5.26,0.04116892,2.6390574,3.0,0.92512906,8.0
aws-cli/2.0.0dev3 Python/3.7.3 Linux/5.4.12-1-MANJARO botocore/2.0.0dev2,0.04116589,2.6390574,9.0,2.0317593,4.0
aws-cli/1.17.13 Python/3.6.0 Linux/4.4.0-1102-aws botocore/1.14.13,0.04115889,2.3025851,8.0,2.043192,2.0
aws-cli/1.16.255 Python/3.7.3rc1 Linux/4.19.0-kali1-amd64 botocore/1.12.245,0.04104988,3.218876,10.0,1.5808414,14.0
awslambda-worker/1.0 rusoto/0.42.0 rust/1.41.1 linux,0.04098511,3.5553482,1.0,0.0,34.0
awslambda-worker/1.0 rusoto/0.42.0 rust/1.43.1 linux,0.04098511,3.5553482,1.0,0.0,34.0
aws-cli/1.15.4 Python/2.7.9 Windows/8 botocore/1.10.4,0.04097077,4.2341065,10.0,1.6362985,38.0
aws-cli/1.16.27 Python/3.6.6 Linux/4.15.0-36-generic botocore/1.12.17,0.04086804,3.1780539,2.0,0.1788449,22.0
aws-cli/1.16.26 Python/2.7.15 Darwin/17.6.0 botocore/1.12.16,0.040847722,2.3025851,9.0,2.1972246,1.0
aws-cli/1.16.91 Python/3.7.0 Darwin/18.0.0 botocore/1.12.81,0.040787093,3.583519,9.0,1.2572858,24.0
aws-cli/1.11.120 Python/2.7.10 Darwin/16.6.0 botocore/1.5.83,0.040687855,2.7080503,6.0,1.5367225,6.0
aws-sdk-nodejs/2.177.0 linux/v8.9.4 callback,0.040679697,1.3862944,2.0,0.6365142,2.0
aws-cli/1.18.39 Python/3.7.7 Windows/10 botocore/1.15.39,0.040633522,3.9512436,9.0,1.1812278,36.0
aws-cli/2.0.52 Python/3.7.4 Darwin/18.7.0 exe/x86_64 command/iam.get-user,0.040595975,1.3862944,1.0,0.0,3.0
aws-cli/1.16.309 Python/2.7.17 Linux/5.3.0-kali2-amd64 botocore/1.13.45,0.040542316,1.7917595,5.0,1.609438,1.0
aws-cli/1.11.51 Python/2.7.6 Linux/3.4.0+ botocore/1.5.14,0.040521983,2.4849067,2.0,0.3046361,10.0
aws-cli/1.10.47 Python/2.7.12 Windows/7 botocore/1.4.37,0.040521063,2.7725887,8.0,1.9686931,4.0
aws-cli/1.15.79 Python/2.7.15 Linux/4.16.0-kali2-amd64 botocore/1.10.79,0.04048404,2.6390574,1.0,0.0,13.0
aws-cli/1.16.230 Python/3.7.4 Darwin/16.7.0 botocore/1.12.220,0.040483087,2.3025851,9.0,2.1972246,1.0
aws-cli/1.14.44 Python/3.6.6 Linux/4.15.0-36-generic botocore/1.8.48,0.040478747,3.3322046,5.0,0.7258654,22.0
aws-cli/1.14.10 Python/2.7.14 Windows/10 botocore/1.8.14,0.040416878,2.3025851,9.0,2.1972246,1.0
aws-cli/2.0.54 Python/3.8.5 Darwin/18.7.0 source/x86_64 command/lambda.list-functions,0.040411238,1.0986123,1.0,0.0,2.0
aws-cli/1.10.21 Python/2.7.11+ Linux/4.4.0-kali1-amd64 botocore/1.4.12,0.04040135,2.3978953,2.0,0.6108643,7.0
aws-cli/1.16.300 Python/3.7.6 Darwin/19.4.0 botocore/1.13.36,0.040318217,1.0986123,2.0,0.6931472,1.0
aws-cli/1.11.36 Python/3.5.2+ Linux/4.8.0-41-generic botocore/1.4.93,0.04029582,2.0794415,5.0,1.4750763,3.0
aws-cli/1.14.19 Python/2.7.10 Darwin/17.0.0 botocore/1.8.23,0.0402048,1.0986123,2.0,0.6931472,1.0
aws-cli/1.14.26 Python/2.7.9 Windows/8 botocore/1.8.30,0.0402048,1.0986123,2.0,0.6931472,1.0
aws-cli/1.11.129 Python/2.7.12 Linux/4.4.0-43-Microsoft botocore/1.5.92,0.0402048,1.0986123,2.0,0.6931472,1.0
aws-cli/1.11.129 Python/2.7.10 Darwin/15.6.0 botocore/1.5.92,0.0402048,1.0986123,2.0,0.6931472,1.0
aws-cli/1.11.13 Python/3.5.2 Linux/4.4.0-101-generic botocore/1.4.70,0.0402048,1.0986123,2.0,0.6931472,1.0
aws-cli/1.14.32 Python/3.5.2 Linux/4.4.0-43-Microsoft botocore/1.8.36,0.0402048,1.0986123,2.0,0.6931472,1.0
aws-cli/1.14.25 Python/2.7.10 Windows/8 botocore/1.8.29,0.0402048,1.0986123,2.0,0.6931472,1.0
aws-cli/1.11.39 Python/2.7.10 Darwin/15.6.0 botocore/1.5.2,0.0402048,1.0986123,2.0,0.6931472,1.0
aws-cli/1.11.190 Python/3.6.3 Darwin/17.3.0 botocore/1.7.48,0.0402048,1.0986123,2.0,0.6931472,1.0
aws-cli/1.11.13 Python/2.7.14 Darwin/17.3.0 botocore/1.4.70,0.0402048,1.0986123,2.0,0.6931472,1.0
aws-cli/1.14.28 Python/2.7.12+ Linux/4.3.0-kali1-amd64 botocore/1.8.32,0.0402048,1.0986123,2.0,0.6931472,1.0
aws-cli/1.11.145 Python/2.7.11 Darwin/17.3.0 botocore/1.7.3,0.0402048,1.0986123,2.0,0.6931472,1.0
aws-cli/1.16.246 Python/3.7.4 Linux/5.2.0-kali2-amd64 botocore/1.12.236,0.040204685,3.5263605,10.0,1.4330574,21.0
aws-cli/1.11.111 Python/2.7.13 Linux/4.4.38 botocore/1.5.74,0.040134445,3.0910425,9.0,1.5585617,12.0
aws-cli/1.11.96 Python/2.7.12+ Linux/4.8.0-58-generic botocore/1.5.59,0.040123504,1.0986123,2.0,0.6931472,1.0
aws-cli/1.14.55 Python/3.6.4 Darwin/18.7.0 botocore/1.9.8,0.040119775,4.0253515,2.0,0.0908761,54.0
aws-cli/1.16.240 Python/3.7.4 Darwin/18.7.0 botocore/1.12.230,0.04006016,4.8598123,19.0,1.5923514,82.0
aws-cli/1.15.71 Python/2.7.15 Linux/4.16.0-kali2-amd64 botocore/1.10.70,0.040037204,3.0910425,2.0,0.3144922,19.0
aws-cli/1.16.266 Python/3.7.0 Darwin/17.7.0 botocore/1.13.2,0.04002616,1.0986123,2.0,0.6931472,1.0
aws-cli/1.15.24 Python/2.7.9 Windows/8 botocore/1.10.24,0.04002616,1.0986123,2.0,0.6931472,1.0
aws-cli/1.16.263 Python/3.6.4 Darwin/18.7.0 botocore/1.12.253,0.04002616,1.0986123,2.0,0.6931472,1.0
aws-cli/1.16.272 Python/2.7.9 Darwin/17.7.0 botocore/1.13.8,0.04002616,1.0986123,2.0,0.6931472,1.0
aws-cli/1.16.263 Python/2.7.10 Darwin/16.7.0 botocore/1.12.253,0.04002616,1.0986123,2.0,0.6931472,1.0
aws-cli/1.16.106 Python/2.7.10 Darwin/18.7.0 botocore/1.12.96,0.04002616,1.0986123,2.0,0.6931472,1.0
aws-cli/1.17.4 Python/2.7.17 Linux/4.15.0-74-generic botocore/1.14.4,0.040001746,4.4308167,9.0,1.106114,60.0
aws-cli/1.14.30 Python/2.7.10 Darwin/16.7.0 botocore/1.8.34,0.039978214,2.9957323,3.0,0.82465935,13.0
aws-cli/1.16.119 Python/2.7.10 Darwin/17.7.0 botocore/1.12.109,0.039812483,1.9459101,2.0,0.6365142,4.0
aws-cli/1.16.283 Python/3.7.5 Linux/5.3.0-kali2-amd64 botocore/1.13.19,0.039808404,3.3322046,2.0,0.15841055,26.0
aws-cli/1.15.80 Python/2.7.10 Darwin/17.7.0 botocore/1.10.79,0.03971575,3.5553482,4.0,0.5573189,29.0
aws-cli/1.11.56 Python/3.6.1 Linux/4.11.3-1-ARCH botocore/1.5.19,0.039706785,1.3862944,2.0,0.6365142,2.0
aws-cli/1.11.112 Python/2.7.9 Windows/7 botocore/1.5.75,0.039692987,2.6390574,2.0,0.2711894,12.0
aws-cli/1.14.32 Python/2.7.15+ Linux/4.17.0-kali3-amd64 botocore/1.8.36,0.03967853,2.7080503,12.0,2.4410152,2.0
aws-cli/1.16.214 Python/3.6.0 Windows/10 botocore/1.12.204,0.039652284,3.5553482,1.0,0.0,34.0
aws-cli/1.10.12 Python/2.7.12 Linux/4.4.0-81-generic botocore/1.4.3,0.039620783,2.3025851,8.0,2.043192,2.0
aws-cli/1.11.130 Python/2.7.10 Darwin/15.6.0 botocore/1.5.93,0.039494827,2.3025851,9.0,2.1972246,1.0
aws-cli/1.16.50 Python/3.7.1 Darwin/18.2.0 botocore/1.12.40,0.039431524,3.988984,12.0,1.8702396,26.0
aws-cli/1.16.102 Python/2.7.16 Linux/4.14.146-120.181.amzn2.x86_64 botocore/1.12.92,0.039284546,4.574711,19.0,1.772888,57.0
aws-cli/2.0.44 Python/3.7.7 Windows/10 exe/AMD64 command/lambda.list-functions,0.039267205,1.0986123,1.0,0.0,2.0
aws-cli/1.18.36 Python/3.7.4 Windows/10 botocore/1.15.36,0.03925019,4.5217886,5.0,0.4043184,83.0
[aws-cli/1.11.105 Python/2.7.9 Windows/8 botocore/1.5.68],0.03921704,1.9459101,2.0,0.45056123,5.0
[aws-cli/1.16.300 Python/2.7.16 Linux/4.14.173-137.229.amzn2.x86_64 botocore/1.13.36],0.03920972,2.7725887,5.0,0.94959366,11.0
aws-cli/2.0.35 Python/3.7.3 Linux/5.4.0-kali4-amd64 botocore/2.0.0dev39,0.03919914,1.609438,3.0,1.0397208,2.0
aws-cli/1.15.70 Python/3.7.0 Darwin/18.0.0 botocore/1.10.69,0.039127927,3.3672957,3.0,0.5585779,23.0
aws-cli/1.14.9 Python/2.7.10 Darwin/17.6.0 botocore/1.8.13,0.03912659,4.0430512,14.0,1.826955,29.0
aws-cli/1.18.9 Python/3.7.2 Linux/4.15.0-72-generic botocore/1.15.9,0.039120395,2.5649493,10.0,2.2538576,2.0
aws-sdk-go/1.12.70 (go1.9.2; darwin; amd64) APN/1.0 HashiCorp/1.0 Terraform/0.11.2,0.039044823,2.1972246,3.0,1.0397208,4.0
aws-cli/1.16.174 Python/3.6.0 Windows/10 botocore/1.12.164,0.039025307,3.8501475,9.0,1.6669548,20.0
aws-cli/1.15.77 Python/2.7.10 Darwin/17.7.0 botocore/1.10.76,0.0390183,2.3025851,9.0,2.1972246,1.0
aws-cli/1.14.44 Python/3.6.7 Linux/4.4.0-01985-Microsoft botocore/1.8.48,0.038989846,2.1972246,4.0,1.3862944,2.0
aws-cli/1.11.139 Python/3.6.3 Linux/4.13.0-16-generic botocore/1.6.6,0.03896119,3.637586,9.0,1.1167711,27.0
aws-cli/2.0.37 Python/3.8.5 Darwin/19.6.0 source/x86_64 command/ec2.describe-snapshots,0.03882844,4.2195077,1.0,0.0,67.0
aws-cli/2.0.50 Python/3.7.3 Linux/4.4.0-039049-Microsoft exe/x86_64.ubuntu.18 command/ec2.describe-snapshots,0.038810864,3.6109178,1.0,0.0,36.0
aws-cli/2.0.38 Python/3.7.4 Darwin/19.6.0 exe/x86_64 command/iam.list-users,0.038746893,1.609438,1.0,0.0,4.0
aws-cli/1.16.22 Python/3.6.5 Darwin/16.7.0 botocore/1.12.12,0.03873853,1.3862944,1.0,0.0,3.0
aws-cli/1.11.92 Python/2.7.12 Linux/4.4.0-92-generic botocore/1.5.55,0.038724914,2.7725887,11.0,2.3034885,3.0
aws-cli/1.11.87 Python/2.7.13 Linux/4.9.0-kali4-amd64 botocore/1.5.50,0.03863013,3.988984,14.0,1.7440306,30.0
aws-cli/1.16.308 Python/3.8.1 Windows/10 botocore/1.13.44,0.03861955,2.0794415,6.0,1.7478681,2.0
aws-cli/1.16.122 Python/2.7.15 Windows/10 botocore/1.12.112,0.03860341,1.9459101,2.0,0.6365142,4.0
aws-cli/1.11.55 Python/2.7.10 Darwin/16.4.0 botocore/1.5.18,0.038601335,4.304065,16.0,2.394756,22.0
aws-cli/1.16.261 Python/2.7.16 Darwin/19.0.0 botocore/1.12.251,0.03856189,4.1108737,11.0,1.8229401,20.0
aws-cli/2.0.2 Python/3.7.4 Darwin/19.2.0 botocore/2.0.0dev6,0.038531765,3.637586,9.0,1.2090423,26.0
aws-cli/1.10.24 Python/2.7.10 Darwin/16.4.0 botocore/1.4.15,0.038499117,1.3862944,2.0,0.6365142,2.0
aws-cli/1.11.13 Python/3.5.2 Linux/4.4.0-66-generic botocore/1.4.70,0.038466994,4.4426513,12.0,1.7047306,46.0
aws-cli/1.15.30 Python/3.6.5 Darwin/16.7.0 botocore/1.10.30,0.03844714,3.912023,3.0,0.3286438,45.0
aws-cli/1.16.135 Python/2.7.15rc1 Linux/4.18.0-17-generic botocore/1.12.125,0.03842641,3.6109178,9.0,2.1100166,6.0
aws-cli/1.16.113 Python/3.7.3 Linux/4.19.0-10-amd64 botocore/1.12.103,0.0384204,4.4426513,13.0,2.1270576,33.0
[aws-cli/1.16.10 Python/3.7.0 Darwin/17.7.0 botocore/1.12.0],0.038377848,1.7917595,2.0,0.50040245,4.0
[aws-cli/1.15.81 Python/2.7.15 Darwin/17.7.0 botocore/1.10.80],0.038377848,1.7917595,2.0,0.50040245,4.0
aws-cli/1.11.55 Python/2.7.12 Linux/4.4.0-64-generic botocore/1.5.18,0.038364958,2.4849067,2.0,0.3046361,10.0
Boto3/1.4.4 Python/2.7.10 Darwin/16.7.0 Botocore/1.5.75,0.03834365,1.0986123,1.0,0.0,2.0
aws-cli/1.11.13 Python/3.5.3 Linux/4.9.0-1-amd64 botocore/1.4.70,0.0383236,3.5553482,11.0,1.6779349,18.0
aws-cli/1.18.69 Python/3.8.2 Linux/5.4.0-47-generic botocore/1.16.19,0.038311053,2.944439,13.0,2.50529,2.0
aws-cli/1.16.33 Python/2.7.15+ Linux/4.18.0-13-generic botocore/1.12.23,0.03829706,3.4011974,5.0,0.59240294,25.0
aws-sdk-go/1.23.15 (go1.12.6; darwin; amd64) APN/1.0 HashiCorp/1.0 Terraform/0.12.7,0.038266264,2.3978953,3.0,0.8979457,6.0
aws-cli/1.14.44 Python/3.6.8 Linux/5.0.0-32-generic botocore/1.8.48,0.038259998,4.3694477,3.0,0.13701993,76.0
aws-cli/1.18.44 Python/3.6.9 Linux/5.3.0-51-generic botocore/1.15.44,0.038243555,0.6931472,1.0,0.0,1.0
"AWS-SupportCenterConsole, aws-internal/3 aws-sdk-java/1.2 Linux/4.9.124-0.1.ac.198.71.329.metal1.x86_64 OpenJDK_64-Bit_Server_VM/25.192-b12 java/1.8.0_192{additional.languages}",0.038191795,2.5649493,5.0,1.42413,5.0
aws-cli/1.11.129 Python/3.6.1 Linux/4.11.9-1-ARCH botocore/1.5.92,0.03816153,2.7725887,2.0,0.24493003,14.0
aws-cli/1.16.281 Python/3.6.0 Windows/10 botocore/1.13.17,0.0381364,2.8332133,9.0,2.0140355,4.0
aws-cli/1.16.52 Python/3.7.0 Darwin/19.0.0 botocore/1.12.148,0.03813023,2.0794415,6.0,1.7478681,2.0
aws-cli/2.0.50 Python/3.7.3 Linux/4.4.0-039049-Microsoft exe/x86_64.ubuntu.20 command/ec2.describe-snapshots,0.038102027,3.637586,1.0,0.0,37.0
aws-cli/1.16.41 Python/3.6.6 Linux/4.15.0-45-generic botocore/1.12.31,0.03803237,1.609438,1.0,0.0,4.0
aws-cli/1.9.14 Python/2.7.10 Darwin/16.3.0 botocore/1.3.14,0.038006883,2.1972246,7.0,1.9061546,2.0
aws-cli/1.16.268 Python/3.6.0 Windows/10 botocore/1.13.4,0.037927706,3.988984,12.0,1.008365,42.0
aws-cli/1.18.61 Python/3.7.3rc1 Linux/4.19.0-kali4-amd64 botocore/1.16.11,0.037900873,2.5649493,9.0,2.094729,3.0
aws-cli/1.11.13 Python/3.5.2 Linux/4.4.0-53-generic botocore/1.4.70,0.037887998,3.1780539,9.0,1.468838,14.0
aws-cli/1.16.181 Python/2.7.16 Linux/4.19.0-kali5-amd64 botocore/1.12.171,0.0378361,4.574711,3.0,0.4042482,86.0
aws-cli/1.16.177 Python/3.7.3 Darwin/18.6.0 botocore/1.12.167,0.037796415,1.9459101,2.0,0.6365142,4.0
[aws-cli/1.16.309 Python/3.6.9 Linux/4.15.0-1057-aws botocore/1.13.45],0.037770547,2.3025851,2.0,0.3488321,8.0
aws-cli/1.16.250 Python/3.7.6 Darwin/18.7.0 botocore/1.12.240,0.037764776,1.609438,1.0,0.0,4.0
aws-cli/1.11.44 Python/2.7.13 Darwin/16.7.0 botocore/1.5.7,0.037745226,2.3025851,7.0,1.8891591,2.0
aws-cli/1.15.24 Python/2.7.10 Darwin/18.6.0 botocore/1.10.24,0.037701674,4.0775375,3.0,0.29875803,54.0
aws-cli/1.11.117 Python/2.7.13 Windows/10 botocore/1.5.80,0.037680037,2.6390574,2.0,0.2711894,12.0
aws-cli/1.16.7 Python/2.7.9 Windows/8 botocore/1.11.7,0.037677027,4.204693,2.0,0.18490742,63.0
aws-cli/1.16.227 Python/3.7.4 Darwin/18.7.0 botocore/1.12.217,0.037671212,2.944439,9.0,1.6111578,10.0
aws-cli/1.18.41 Python/3.7.7 Darwin/18.7.0 botocore/1.15.41,0.037642863,2.3025851,9.0,2.1972246,1.0
aws-cli/1.16.221 Python/3.7.3 Darwin/18.7.0 botocore/1.12.211,0.037611067,3.713572,10.0,1.165194,29.0
aws-cli/1.11.25 Python/2.7.9 Windows/8 botocore/1.4.82,0.037595976,1.0986123,1.0,0.0,2.0
aws-cli/1.16.16 Python/2.7.16 Darwin/19.3.0 botocore/1.12.6,0.037528217,2.3025851,9.0,2.1972246,1.0
aws-cli/1.16.1 Python/2.7.10 Darwin/16.7.0 botocore/1.11.1,0.0375029,3.1780539,2.0,0.1788449,22.0
aws-cli/1.18.100 Python/2.7.16 Darwin/17.7.0 botocore/1.17.23,0.03748434,2.0794415,7.0,1.9459101,1.0
aws-cli/1.11.132 Python/2.7.12 Linux/4.9.38-16.35.amzn1.x86_64 botocore/1.5.95,0.037421573,2.0794415,7.0,1.9459101,1.0
aws-cli/1.16.43 Python/3.7.0 Windows/10 botocore/1.12.33,0.037421573,2.0794415,7.0,1.9459101,1.0
aws-cli/1.16.230 Python/3.6.0 Windows/10 botocore/1.12.220,0.037376795,2.1972246,8.0,2.0794415,1.0
[aws-cli/1.11.13 Python/3.5.2 Linux/4.4.0-31-generic botocore/1.4.70],0.03737421,1.7917595,3.0,1.0549202,2.0
aws-cli/1.11.156 Python/2.7.13 Linux/4.12.0-kali1-amd64 botocore/1.7.14,0.037324827,3.7612002,13.0,1.9105644,18.0
aws-cli/1.16.72 Python/3.5.3 Linux/4.9.0-7-amd64 botocore/1.12.62,0.037262652,3.6635616,9.0,1.1093147,28.0
aws-cli/2.0.10 Python/3.8.2 Darwin/19.4.0 botocore/2.0.0dev14,0.03720866,4.454347,8.0,0.9199694,65.0
"Mozilla/5.0 (Macintosh; Intel Mac OS X 10_12_6) AppleWebKit/537.36 (KHTML, like Gecko) Chrome/76.0.3809.132 Safari/537.36",0.03716645,1.3862944,1.0,0.0,3.0
aws-cli/1.11.63 Python/3.6.0 Linux/4.9.14.r422923233780-1-grsec botocore/1.5.26,0.037102215,2.1972246,4.0,1.0735428,5.0
aws-cli/2.0.42 Python/3.7.3 Linux/5.4.0-42-generic exe/x86_64.ubuntu.18 command/apigateway.get-stage,0.03707687,0.6931472,1.0,0.0,1.0
aws-cli/1.16.269 Python/3.6.8 Linux/4.18.0-15-generic botocore/1.13.5,0.037061065,1.3862944,2.0,0.6365142,2.0
aws-cli/1.11.162 Python/2.7.13 Darwin/17.4.0 botocore/1.7.20,0.037060603,2.4849067,2.0,0.3046361,10.0
aws-cli/1.14.50 Python/3.6.5 Linux/4.17.3-200.fc28.x86_64 botocore/1.9.1,0.037033767,3.1780539,2.0,0.1788449,22.0
aws-cli/1.16.152 Python/3.6.8 Linux/4.19.0-kali3-amd64 botocore/1.12.142,0.037030734,1.9459101,2.0,0.6365142,4.0
aws-cli/1.11.47 Python/2.7.3 Linux/3.2.0-4-amd64 botocore/1.5.10,0.03699716,5.365976,23.0,1.7807945,124.0
aws-cli/1.16.309 Python/2.7.17 Linux/4.4.0-039049-Microsoft botocore/1.13.45,0.036840633,1.7917595,5.0,1.609438,1.0
aws-cli/1.16.120 Python/3.7.2 Darwin/18.2.0 botocore/1.12.110,0.03683609,4.26268,8.0,0.8895845,56.0
aws-cli/1.11.65 Python/2.7.12 CYGWIN_NT-6.1/2.6.1(0.305/5/3) botocore/1.5.28,0.036823817,1.0986123,2.0,0.6931472,1.0
[aws-cli/1.16.312 Python/3.5.2 Linux/4.8.0-53-generic botocore/1.13.48],0.036819886,1.9459101,2.0,0.45056123,5.0
aws-cli/1.12.2 Python/2.7.12 Linux/4.4.96-96461-gdcf10bfcdb62-dirty botocore/1.8.2,0.036785193,2.4849067,2.0,0.3046361,10.0
aws-cli/1.16.195 Python/3.7.6 Darwin/19.2.0 botocore/1.12.185,0.036783695,3.637586,5.0,0.74078804,30.0
aws-cli/1.16.218 Python/3.7.5 Linux/5.3.0-24-generic botocore/1.12.208,0.036724307,4.060443,3.0,0.17632625,55.0
aws-cli/1.15.8 Python/3.6.5 Darwin/16.7.0 botocore/1.10.8,0.036662184,3.713572,2.0,0.26638445,37.0
aws-cli/1.16.251 Python/3.7.5rc1 Linux/5.2.0-2parrot1-amd64 botocore/1.12.241,0.036655363,2.3025851,9.0,2.1972246,1.0
aws-cli/1.11.139 Python/3.6.3 Linux/4.6.0-kali1-amd64 botocore/1.6.6,0.03652752,2.4849067,2.0,0.3046361,10.0
aws-cli/1.16.292 Python/3.7.4 Linux/4.19.0-kali5-amd64 botocore/1.13.28,0.036501527,3.5553482,3.0,0.4283676,30.0
aws-cli/1.11.87 Python/2.7.12 Linux/4.4.0-77-generic botocore/1.5.50,0.0364599,2.6390574,2.0,0.54020417,10.0
aws-cli/1.16.63 Python/2.7.15rc1 Linux/4.4.0-01985-Microsoft botocore/1.12.53,0.036392044,3.1780539,2.0,0.1788449,22.0
aws-cli/1.16.270 Python/3.6.0 Windows/10 botocore/1.13.6,0.0363882,1.3862944,3.0,1.0986123,1.0
AWSPowerShell/226.1.255.1 .NET_Runtime/4.0 .NET_Framework/4.0 OS/Microsoft_Windows_NT_10.0.01985.0 WindowsPowerShell/5.0 ClientSync,0.036384154,4.3438053,9.0,1.6208284,32.0
aws-cli/1.16.29 Python/3.6.0 Windows/10 botocore/1.12.19,0.036377054,2.3978953,9.0,2.1639557,2.0
aws-cli/1.16.76 Python/2.7.10 Darwin/15.6.0 botocore/1.12.66,0.036377054,2.3978953,9.0,2.1639557,2.0
aws-cli/1.16.128 Python/3.7.2 Darwin/19.3.0 botocore/1.12.116,0.036345683,2.3025851,9.0,2.1972246,1.0
aws-cli/1.16.218 Python/3.7.5 Linux/5.3.0-42-generic botocore/1.12.208,0.036313128,4.1271343,2.0,0.08364968,60.0
[aws-cli/1.11.3 Python/2.7.10 Darwin/16.4.0 botocore/1.4.61],0.036292188,1.3862944,1.0,0.0,3.0
aws-cli/1.16.252 Python/3.7.4+ Linux/4.19.0-kali5-amd64 botocore/1.12.242,0.036268,1.9459101,2.0,0.6365142,4.0
aws-cli/1.16.251 Python/3.7.3rc1 Linux/4.19.0-kali4-amd64 botocore/1.12.241,0.036263864,2.3025851,9.0,2.1972246,1.0
aws-cli/1.16.242 Python/2.7.16 Darwin/18.6.0 botocore/1.12.232,0.036235485,3.7376697,10.0,1.1445048,30.0
aws-cli/1.15.40 Python/2.7.14+ Linux/4.14.0-kali3-amd64 botocore/1.10.40,0.036220346,3.1780539,2.0,0.1788449,22.0
aws-cli/1.16.140 Python/2.7.15+ Linux/4.18.0-kali2-amd64 botocore/1.12.130,0.036212858,4.4426513,7.0,1.005018,62.0
aws-cli/1.11.56 Python/2.7.8 Linux/3.2.45-0.6.acc.624.45.283.amzn1acc.x86_64 botocore/1.5.19,0.036173064,1.0986123,1.0,0.0,2.0
aws-sdk-ruby3/3.30.0 ruby/2.5.1 x86_64-linux-gnu aws-sdk-apigateway/1.10.0,0.03609968,1.0986123,1.0,0.0,2.0
aws-cli/1.18.46 Python/2.7.17 Linux/4.19.0-kali4-amd64 botocore/1.15.46,0.03609147,1.3862944,2.0,0.6365142,2.0
aws-cli/1.10.60 Python/2.7.13 Darwin/16.7.0 botocore/1.4.50,0.0360527,4.1743875,26.0,2.516924,25.0
aws-cli/1.14.35 Python/2.7.10 Darwin/17.4.0 botocore/1.8.39,0.035996065,1.3862944,2.0,0.6365142,2.0
aws-cli/1.15.31 Python/2.7.15rc1 Linux/4.15.0-22-generic botocore/1.10.31,0.035996065,1.3862944,2.0,0.6365142,2.0
aws-cli/1.15.10 Python/3.6.5 Darwin/17.5.0 botocore/1.10.10,0.035996065,1.3862944,2.0,0.6365142,2.0
aws-cli/1.14.51 Python/3.6.1 Windows/10 botocore/1.9.4,0.035996065,1.3862944,2.0,0.6365142,2.0
aws-cli/1.11.72 Python/2.7.6 Linux/4.4.0-51-generic botocore/1.5.35,0.03593901,1.0986123,2.0,0.6931472,1.0
aws-cli/1.11.161 Python/2.7.12 Linux/4.4.0-21-generic botocore/1.7.19,0.03593501,1.0986123,2.0,0.6931472,1.0
aws-cli/1.15.2 Python/3.6.5 Darwin/17.5.0 botocore/1.10.2,0.03593501,1.0986123,2.0,0.6931472,1.0
aws-cli/1.15.31 Python/2.7.13 Linux/4.9.0-4-amd64 botocore/1.10.31,0.03593501,1.0986123,2.0,0.6931472,1.0
aws-cli/1.15.59 Python/2.7.9 Windows/8 botocore/1.10.58,0.03593501,1.0986123,2.0,0.6931472,1.0
aws-cli/1.11.10 Python/2.7.9 Windows/8 botocore/1.4.67,0.03593501,1.0986123,2.0,0.6931472,1.0
aws-cli/1.15.40 Python/3.7.0 Darwin/17.5.0 botocore/1.10.40,0.03593501,1.0986123,2.0,0.6931472,1.0
aws-cli/1.16.234 Python/3.4.7 Linux/4.9.184-0.1.ac.235.83.329.metal1.x86_64 botocore/1.12.224,0.03593501,1.0986123,2.0,0.6931472,1.0
aws-cli/1.15.54 Python/2.7.15 Darwin/17.6.0 botocore/1.10.53,0.03593501,1.0986123,2.0,0.6931472,1.0
aws-cli/1.16.65 Python/2.7.9 Darwin/15.6.0 botocore/1.12.57,0.03586128,4.4886365,17.0,1.4366289,61.0
aws-cli/1.16.8 Python/2.7.12 Linux/4.4.0-53329-Microsoft botocore/1.11.8,0.035807304,2.3978953,9.0,2.1639557,2.0
aws-cli/1.11.13 Python/3.5.3 Linux/4.8.0-kali2-amd64 botocore/1.4.70,0.035768267,2.944439,9.0,1.6111578,10.0
AWSPowerShell.NetCore/20.191.141.254 .NET_Core/3.1.6 OS/Microsoft_Windows_10.0.17369 PowerShellCore/7.-1 ClientAsync,0.03572656,3.9512436,6.0,1.4336405,15.0
aws-cli/1.16.284 Python/3.6.8 Linux/4.18.0-80.11.2.el8_0.x86_64 botocore/1.13.20,0.03571275,3.988984,13.0,1.905836,21.0
aws-cli/1.11.80 Python/2.7.10 Darwin/16.5.0 botocore/1.5.43,0.03568643,1.0986123,2.0,0.6931472,1.0
aws-cli/1.18.36 Python/3.7.3 Windows/10 botocore/1.15.36,0.035657328,3.8918202,13.0,1.3807087,33.0
aws-cli/1.18.125 Python/2.7.16 Darwin/19.6.0 botocore/1.17.48,0.03563317,3.7841897,4.0,0.6199186,36.0
aws-cli/1.17.5 Python/3.6.9 Linux/4.4.0-18676-Microsoft botocore/1.14.5,0.03562596,2.7725887,10.0,2.0791514,5.0
aws-cli/1.14.8 Python/2.7.10 Darwin/16.7.0 botocore/1.10.0,0.035603188,2.3025851,9.0,2.1972246,1.0
aws-cli/1.11.112 Python/2.7.13 Darwin/15.6.0 botocore/1.5.75,0.035473906,1.0986123,2.0,0.6931472,1.0
aws-cli/1.16.149 Python/3.6.0 Windows/10 botocore/1.12.139,0.035460237,2.1972246,2.0,0.6931472,4.0
aws-cli/1.16.198 Python/3.6.0 Windows/10 botocore/1.12.188,0.035460237,2.1972246,2.0,0.6931472,4.0
aws-cli/1.16.238 Python/2.7.15rc1 Linux/4.4.0-039049-Microsoft botocore/1.12.228,0.035423823,3.465736,2.0,0.3179368,28.0
aws-cli/1.17.14 Python/2.7.17 Linux/5.3.0-29-generic botocore/1.14.14,0.035320323,2.3025851,9.0,2.1972246,1.0
aws-cli/1.11.5 Python/2.7.12 Linux/4.4.0-72-generic botocore/1.5.48,0.035316486,1.0986123,2.0,0.6931472,1.0
aws-cli/1.16.309 Python/2.7.17 Linux/4.15.0-99-generic botocore/1.13.45,0.035240855,3.2580965,3.0,0.60048294,20.0
aws-cli/1.16.82 Python/2.7.16rc1 Linux/4.19.0-kali1-amd64 botocore/1.12.72,0.035186265,3.0445225,9.0,2.1639557,4.0
aws-cli/1.11.129 Python/2.7.10 Darwin/16.7.0 botocore/1.5.92,0.03513178,3.8918202,11.0,1.8606857,22.0
aws-cli/1.15.78 Python/2.7.9 Windows/8 botocore/1.10.77,0.03503385,2.7080503,2.0,0.25731868,13.0
aws-cli/1.18.59 Python/2.7.16 Darwin/19.6.0 botocore/1.16.9,0.035021055,4.060443,2.0,0.08831978,56.0
aws-cli/1.16.200 Python/3.7.4 Darwin/18.5.0 botocore/1.12.190,0.0349847,4.465908,2.0,0.110453054,84.0
aws-cli/1.16.280 Python/3.7.5 Darwin/19.0.0 botocore/1.13.16,0.034861766,2.4849067,7.0,1.8937882,2.0
aws-cli/1.11.147 Python/3.6.1 Darwin/16.7.0 botocore/1.7.7,0.034804918,2.9957323,3.0,0.40945858,17.0
aws-cli/1.16.199 Python/2.7.15+ Linux/4.15.0-55-generic botocore/1.12.198,0.03475532,1.0986123,1.0,0.0,2.0
aws-cli/1.11.134 Python/2.7.10 Darwin/15.6.0 botocore/1.6.1,0.034750123,2.3025851,9.0,2.1972246,1.0
aws-cli/1.11.2 Python/2.7.12 Darwin/14.4.0 botocore/1.4.60,0.03473613,2.9957323,4.0,0.60962737,16.0
aws-cli/1.15.76 Python/2.7.9 Windows/7 botocore/1.10.75,0.03469774,1.7917595,2.0,0.67301166,3.0
[aws-cli/1.16.309 Python/3.6.9 Linux/4.15.0-1056-aws botocore/1.13.45],0.034694027,2.1972246,2.0,0.6931472,4.0
aws-cli/1.14.44 Python/3.6.5 Linux/4.4.0-128-generic botocore/1.8.48,0.03469162,2.6390574,9.0,1.9459348,5.0
aws-cli/1.16.250 Python/3.7.4 Darwin/19.0.0 botocore/1.12.240,0.034525756,1.3862944,2.0,0.6365142,2.0
aws-cli/1.16.166 Python/2.7.15+ Linux/4.4.0-039049-Microsoft botocore/1.12.163,0.03445219,2.4849067,9.0,2.1458418,2.0
aws-cli/1.14.44 Python/3.6.8 Linux/4.15.0-1043-aws botocore/1.8.48,0.034448028,3.295837,7.0,1.8446214,6.0
aws-cli/1.16.240 Python/3.7.4 Darwin/19.0.0 botocore/1.12.230,0.03440375,3.7612002,13.0,1.507438,27.0
[aws-cli/1.16.280 Python/3.7.5 Darwin/18.7.0 botocore/1.13.16],0.03434655,2.0794415,5.0,1.4750764,3.0
aws-cli/1.16.200 Python/3.6.8 Linux/5.0.0-27-generic botocore/1.12.190,0.034301348,3.912023,10.0,1.2832334,32.0
aws-cli/2.0.6 Python/3.7.3 Linux/5.3.0-40-generic botocore/2.0.0dev10,0.03423443,3.7612002,9.0,0.9574067,33.0
aws-cli/1.14.32 Python/3.6.4 Linux/4.13.0-kali1-amd64 botocore/1.8.36,0.034234416,3.7612002,9.0,0.9574067,33.0
aws-cli/1.11.52 Python/2.7.10 Darwin/16.5.0 botocore/1.5.15,0.03407803,2.944439,9.0,1.6111578,10.0
aws-cli/1.15.81 Python/3.6.4 Darwin/17.7.0 botocore/1.10.80,0.034049302,3.9512436,11.0,1.2663717,36.0
aws-cli/1.11.170 Python/2.7.6 Linux/3.4.0+ botocore/1.7.28,0.034017507,3.7841897,5.0,0.5143497,38.0
[aws-cli/1.11.24 Python/2.7.12 Darwin/16.4.0 botocore/1.4.81],0.033953283,1.3862944,1.0,0.0,3.0
aws-cli/1.14.34 Python/2.7.10 Darwin/17.7.0 botocore/1.9.3,0.033872757,4.0775375,3.0,0.29875803,54.0
aws-cli/1.16.196 Python/2.7.15 Darwin/18.6.0 botocore/1.12.186,0.033846278,2.3025851,9.0,2.1972246,1.0
aws-cli/1.16.70 Python/3.7.1 Darwin/18.2.0 botocore/1.12.60,0.0338263,4.9416423,13.0,0.81582254,116.0
aws-cli/1.16.218 Python/3.7.5 Linux/4.4.0-039049-Microsoft botocore/1.13.17,0.03375921,2.8903718,2.0,0.22371808,16.0
aws-cli/1.16.9 Python/3.6.6 Linux/4.15.0-33-generic botocore/1.11.9,0.03374239,2.9957323,5.0,1.0435479,13.0
aws-cli/1.16.309 Python/2.7.17 Darwin/19.2.0 botocore/1.13.45,0.033678956,3.713572,9.0,1.1436179,29.0
[aws-cli/2.0.8 Python/3.7.3 Linux/4.16.18-188_fbk19_5237_gaa5ac55ed32e botocore/2.0.0dev12],0.03356774,1.9459101,2.0,0.45056123,5.0
aws-cli/2.0.39 Python/3.8.5 Darwin/19.6.0 source/x86_64 command/route53.list-hosted-zones,0.03354708,0.6931472,1.0,0.0,1.0
Boto3/1.9.28 Python/2.7.15 Linux/4.16.0-kali2-amd64 Botocore/1.12.25,0.03354708,0.6931472,1.0,0.0,1.0
aws-cli/2.0.36 Python/3.7.3 Linux/5.0.0-38-generic exe/x86_64.ubuntu.19 command/route53.list-hosted-zones,0.03354708,0.6931472,1.0,0.0,1.0
aws-cli/2.0.50 Python/3.8.5 Darwin/19.6.0 source/x86_64 command/route53.list-hosted-zones,0.03354708,0.6931472,1.0,0.0,1.0
aws-cli/1.11.140 Python/2.7.13 Linux/4.10.0-33-generic botocore/1.7.6,0.033531357,2.3025851,9.0,2.1972246,1.0
aws-cli/1.16.96 Python/2.7.15+ Linux/4.17.0-kali1-amd64 botocore/1.12.86,0.033516698,2.1972246,8.0,2.0794415,1.0
aws-cli/1.16.196 Python/3.6.0 Windows/10 botocore/1.12.186,0.03344812,3.6635616,9.0,1.095545,28.0
aws-cli/1.16.77 Python/2.7.10 Darwin/18.2.0 botocore/1.12.67,0.033443343,2.3025851,9.0,2.1972246,1.0
aws-cli/1.11.133 Python/3.6.2 Darwin/16.7.0 botocore/1.6.0,0.033435963,2.3978953,10.0,2.3025851,1.0
aws-cli/1.11.19 Python/2.7.12 Linux/4.13.0-31-generic botocore/1.7.12,0.033362612,2.7725887,3.0,0.6277053,12.0
aws-cli/1.11.98 Python/2.7.9 Linux/3.16.0-4-amd64 botocore/1.5.61,0.033352233,2.944439,5.0,1.1648729,11.0
aws-cli/2.0.0dev3 Python/3.7.3 Linux/5.0.0-31-generic botocore/2.0.0dev2,0.033306677,3.5263605,3.0,0.362501,30.0
aws-cli/1.14.44 Python/3.6.9 Linux/5.3.0-46-generic botocore/1.8.48,0.03330366,2.5649493,8.0,2.0228086,2.0
aws-cli/1.11.133 Python/3.6.4 Linux/4.14.16-300.fc27.x86_64 botocore/1.6.0,0.03324578,4.1431346,21.0,1.7024931,40.0
aws-cli/1.14.47 Python/3.6.4 Linux/4.15.2-2-ARCH botocore/1.9.0,0.03315954,1.3862944,2.0,0.6365142,2.0
aws-cli/1.11.13 Python/3.5.3 Linux/4.9.0-4-amd64 botocore/1.8.2,0.03315954,1.3862944,2.0,0.6365142,2.0
aws-cli/1.16.52 Python/3.6.3 Darwin/16.7.0 botocore/1.12.42,0.033152238,3.8918202,16.0,2.296897,16.0
aws-cli/1.11.13 Python/3.5.2 Linux/4.4.0-77-generic botocore/1.4.70,0.03315002,1.3862944,2.0,0.6365142,2.0
Boto3/1.9.133 Python/2.7.17 Linux/4.15.0-74-generic Botocore/1.12.133,0.033140983,6.5666723,604.0,6.2621922,10.0
aws-cli/1.18.86 Python/3.8.2 Linux/5.5.0-kali1-amd64 botocore/1.17.9,0.03313425,3.7841897,3.0,0.5850598,35.0
aws-cli/1.14.32 Python/3.6.4 Linux/4.14.0-3-amd64 botocore/1.8.36,0.033060107,4.6821313,20.0,1.6981605,66.0
aws-cli/1.18.120 Python/3.6.9 Linux/5.4.0-42-generic botocore/1.17.43,0.03305619,2.6390574,9.0,2.0317593,4.0
aws-cli/1.11.103 Python/3.5.2 Linux/4.4.0-53-generic botocore/1.5.66,0.033022773,1.0986123,2.0,0.6931472,1.0
aws-cli/1.11.13 Python/3.5.2 Linux/4.4.0-80-generic botocore/1.4.70,0.03302077,1.0986123,2.0,0.6931472,1.0
aws-cli/1.16.184 Python/2.7.10 Darwin/18.6.0 botocore/1.12.174,0.03296889,3.218876,6.0,1.632631,8.0
aws-cli/1.14.46 Python/2.7.9 Windows/8 botocore/1.8.50,0.032967888,4.276666,20.0,2.187147,31.0
aws-cli/1.11.16 Python/2.7.12 Darwin/15.6.0 botocore/1.4.73,0.03294917,1.0986123,2.0,0.6931472,1.0
[aws-cli/2.0.24 Python/3.8.3 Darwin/18.7.0 botocore/2.0.0dev28],0.032921873,1.0986123,2.0,0.6931472,1.0
Boto3/1.9.33 Python/2.7.15 Darwin/18.2.0 Botocore/1.12.33,0.03290198,6.82546,40.0,3.460762,60.0
aws-cli/1.16.106 Python/2.7.15 Darwin/17.7.0 botocore/1.12.96,0.032875586,3.465736,11.0,2.1905787,8.0
[aws-cli/1.11.36 Python/3.5.2+ Linux/4.8.0-41-generic botocore/1.4.93],0.032863818,1.7917595,4.0,1.3321791,2.0
aws-cli/1.11.97 Python/2.7.12 Linux/4.4.0-78-generic botocore/1.5.60,0.032839783,2.3025851,1.0,0.0,9.0
aws-cli/1.11.55 Python/2.7.10 Darwin/15.6.0 botocore/1.5.18,0.032827955,4.060443,2.0,0.08831978,56.0
aws-cli/1.11.66 Python/2.7.12+ Linux/4.6.0-kali1-amd64 botocore/1.5.29,0.032776445,2.3025851,9.0,2.1972246,1.0
aws-cli/1.16.296 Python/2.7.17 Darwin/16.7.0 botocore/1.13.32,0.032765657,2.4849067,9.0,2.0982738,3.0
aws-cli/1.16.40 Python/3.7.3 Darwin/18.6.0 botocore/1.12.30,0.03275964,4.919981,2.0,0.07664882,134.0
aws-cli/1.15.67 Python/2.7.10 Darwin/17.7.0 botocore/1.10.66,0.032679427,1.609438,3.0,1.0397208,2.0
aws-cli/1.17.16 Python/3.7.4 Linux/5.2.0-kali2-amd64 botocore/1.14.16,0.032679416,1.609438,3.0,1.0397208,2.0
aws-cli/1.11.47 Python/2.7.10 Darwin/16.4.0 botocore/1.5.10,0.032669444,1.0986123,2.0,0.6931472,1.0
aws-cli/2.0.46 Python/3.8.5 Darwin/19.6.0 source/x86_64 command/iam.list-attached-user-policies,0.03262784,0.6931472,1.0,0.0,1.0
aws-cli/2.0.38 Python/3.7.3 Linux/5.4.0-kali3-amd64 exe/x86_64.kali.2020 command/ec2.describe-snapshots,0.03256447,4.060443,1.0,0.0,57.0
aws-cli/2.0.19 Python/3.7.4 Darwin/19.5.0 botocore/2.0.0dev23,0.032543804,4.189655,29.0,2.2092638,35.0
aws-cli/1.11.29 Python/2.7.12 Linux/4.4.41-35.53.amzn1.x86_64 botocore/1.4.86,0.032537412,3.8286414,11.0,1.3961879,29.0
aws-cli/1.16.106 Python/3.6.7 Linux/4.15.0-43-generic botocore/1.12.96,0.03250535,3.218876,9.0,2.094729,6.0
aws-cli/1.11.13 Python/3.5.2 Linux/4.15.0-1051-aws botocore/1.4.70,0.03249674,2.1972246,7.0,1.9061549,2.0
aws-cli/2.0.14 Python/3.7.3 Linux/5.3.0-46-generic botocore/2.0.0dev18,0.03248036,2.1972246,6.0,1.732868,2.0
aws-cli/1.14.32 Python/2.7.14 Linux/4.13.0-kali1-amd64 botocore/1.8.36,0.032472495,3.0445225,4.0,1.0250939,13.0
aws-cli/1.16.222 Python/3.6.9 Linux/4.15.0-91-generic botocore/1.12.212,0.03242902,2.4849067,2.0,0.3046361,10.0
aws-cli/1.18.111 Python/3.8.5 Linux/5.4.0-kali3-amd64 botocore/1.17.22,0.032420024,2.7725887,9.0,2.1535325,2.0
aws-cli/1.14.63 Python/3.5.2 Linux/4.4.0-177-generic botocore/1.9.23,0.032395463,2.3978953,8.0,1.9730014,3.0
[aws-cli/1.5.2 Python/2.7.8 Linux/4.9.0-1-amd64],0.032376237,1.609438,1.0,0.0,4.0
aws-cli/1.15.70 Python/3.7.0 Darwin/17.7.0 botocore/1.10.69,0.032359064,4.5108595,12.0,0.9157231,73.0
aws-cli/1.18.58 Python/3.6.2 Darwin/19.4.0 botocore/1.16.8,0.03233008,3.713572,5.0,0.806514,31.0
aws-cli/1.16.98 Python/3.7.2 Linux/4.19.8-arch1-1-ARCH botocore/1.12.88,0.032320168,3.8918202,10.0,1.733392,23.0
[aws-cli/1.11.122 Python/2.7.12 Linux/4.4.0-104-generic botocore/1.8.7],0.03231524,1.0986123,1.0,0.0,2.0
aws-cli/1.16.81 Python/3.7.0 Windows/10 botocore/1.12.71,0.03228952,1.609438,2.0,0.6931472,2.0
aws-cli/1.16.166 Python/3.7.2 Windows/10 botocore/1.12.156,0.03228952,1.609438,2.0,0.6931472,2.0
aws-cli/1.14.44 Python/3.6.7 Linux/4.18.0-16-generic botocore/1.8.48,0.03228952,1.609438,2.0,0.6931472,2.0
aws-cli/1.16.29 Python/2.7.13 Darwin/18.2.0 botocore/1.12.19,0.03228952,1.609438,2.0,0.6931472,2.0
aws-cli/1.16.95 Python/3.7.0 Darwin/18.5.0 botocore/1.12.85,0.03228952,1.609438,2.0,0.6931472,2.0
aws-cli/1.16.170 Python/3.7.3 Linux/4.15.0-kali3-amd64 botocore/1.12.160,0.03228952,1.609438,2.0,0.6931472,2.0
aws-cli/1.16.113 Python/2.7.15+ Linux/4.18.0-14-generic botocore/1.12.103,0.03228952,1.609438,2.0,0.6931472,2.0
aws-cli/1.16.126 Python/3.7.2 Linux/4.4.0-53329-Microsoft botocore/1.12.116,0.03228952,1.609438,2.0,0.6931472,2.0
aws-cli/1.16.116 Python/3.7.2 Darwin/18.2.0 botocore/1.12.106,0.03228952,1.609438,2.0,0.6931472,2.0
aws-cli/1.16.125 Python/3.7.2 Windows/10 botocore/1.12.115,0.03228952,1.609438,2.0,0.6931472,2.0
aws-cli/1.16.6 Python/3.7.0 Darwin/18.0.0 botocore/1.11.6,0.032281306,3.1780539,2.0,0.1788449,22.0
aws-cli/1.16.109 Python/3.5.2 Linux/4.4.0-140-generic botocore/1.12.99,0.03225666,4.5325994,10.0,1.4989748,56.0
aws-cli/1.15.7 Python/3.6.5 Darwin/18.2.0 botocore/1.9.23,0.032243073,4.0073333,2.0,0.26405206,50.0
aws-cli/1.16.247 Python/3.7.4 Darwin/18.7.0 botocore/1.12.237,0.032210164,2.3025851,9.0,2.1972246,1.0
aws-cli/1.16.231 Python/3.6.9 Linux/4.15.0-23-generic botocore/1.12.221,0.032197893,3.8918202,12.0,1.3409265,33.0
aws-cli/1.15.55 Python/2.7.13 Linux/4.9.0-7-amd64 botocore/1.10.62,0.03207163,3.218876,3.0,0.34459823,22.0
aws-cli/1.11.142 Python/2.7.9 Linux/3.16.0-4-amd64 botocore/1.7.0,0.03195898,2.7080503,2.0,0.25731868,13.0
aws-cli/1.11.132 Python/2.7.12 Darwin/16.5.0 botocore/1.5.95,0.03195898,2.7080503,2.0,0.25731868,13.0
aws-cli/1.16.218 Python/3.7.4+ Linux/4.18.0-kali3-amd64 botocore/1.13.2,0.031849314,2.3978953,9.0,2.1639557,2.0
aws-cli/1.16.193 Python/2.7.16 Linux/4.19.0-parrot4-28t-amd64 botocore/1.12.183,0.031812523,3.0445225,5.0,1.3592367,10.0
Boto3/1.13.24 Python/3.8.2 Linux/4.19.0-9-amd64 Botocore/1.16.24,0.031763252,7.2668276,628.0,6.299494,23.0
aws-cli/1.11.137 Python/2.7.10 Darwin/18.6.0 botocore/1.6.4,0.031754714,3.8286414,9.0,1.0382538,34.0
[aws-cli/1.11.144 Python/3.6.2 Darwin/15.6.0 botocore/1.7.2],0.031733073,1.0986123,2.0,0.6931472,1.0
aws-cli/1.16.183 Python/2.7.15+ Linux/4.18.0-22-generic botocore/1.12.173,0.03172861,4.1271343,3.0,0.42499477,54.0
aws-cli/1.11.190 Python/2.7.13 Darwin/16.7.0 botocore/1.7.48,0.03170493,2.7725887,2.0,0.24493003,14.0
aws-cli/1.11.115 Python/3.5.2 Linux/4.4.0-81-generic botocore/1.5.78,0.031693436,2.4849067,9.0,2.1458418,2.0
aws-cli/1.15.4 Python/2.7.14+ Linux/4.14.0-kali3-amd64 botocore/1.10.4,0.031690426,3.465736,10.0,1.3268496,21.0
aws-cli/1.15.71 Python/2.7.9 Windows/8 botocore/1.10.70,0.03168263,3.5553482,9.0,1.2014816,24.0
aws-cli/1.18.2 Python/3.7.4 Darwin/16.7.0 botocore/1.15.2,0.03165944,4.744932,20.0,1.1497694,89.0
aws-cli/1.16.300 Python/2.7.18 Linux/5.4.38-17.76.amzn2.x86_64 botocore/1.13.36,0.031650547,3.295837,9.0,1.3522918,17.0
aws-cli/1.11.132 Python/2.7.12 Linux/4.9.62-21.56.amzn1.x86_64 botocore/1.5.95,0.031647976,3.583519,5.0,0.6004276,30.0
aws-cli/1.16.113 Python/3.6.7 Linux/4.18.0-kali3-686 botocore/1.12.103,0.031644095,3.1354942,9.0,2.0982738,6.0
aws-cli/1.16.290 Python/3.7.5 Darwin/19.0.0 botocore/1.13.26,0.03163858,3.1780539,2.0,0.29543918,21.0
aws-cli/2.0.38 Python/3.7.7 Windows/10 exe/AMD64 command/lambda.list-functions,0.031610798,0.6931472,1.0,0.0,1.0
aws-cli/1.11.60 Python/2.7.10 Darwin/16.5.0 botocore/1.5.23,0.03160464,3.218876,6.0,0.95251274,18.0
aws-cli/1.16.249 Python/2.7.17 Linux/5.3.0-29-generic botocore/1.12.239,0.03152132,2.3025851,8.0,2.043192,2.0
Boto3/1.7.70 Python/2.7.10 Darwin/18.0.0 Botocore/1.10.70,0.031490702,1.0986123,2.0,0.6931472,1.0
aws-cli/1.11.126 Python/2.7.8 Linux/4.4.20-0.1.fm.237.49.326.metal1.x86_64 botocore/1.5.89,0.03147697,1.0986123,1.0,0.0,2.0
aws-cli/1.16.254 Python/3.6.8 Linux/5.0.0-31-generic botocore/1.12.244,0.031458158,3.6635616,9.0,1.0313263,29.0
aws-cli/1.11.37 Python/3.5.2 Darwin/16.4.0 botocore/1.5.0,0.031426217,3.5553482,12.0,1.8343344,17.0
aws-cli/1.16.250 Python/3.7.4 Darwin/18.7.0 botocore/1.12.240,0.031399645,4.304065,15.0,1.7352736,43.0
aws-cli/1.17.1 Python/2.7.16 Linux/4.14.158-101.185.amzn1.x86_64 botocore/1.14.1,0.031396363,3.713572,9.0,1.0555855,30.0
aws-cli/1.16.230 Python/3.7.3 Windows/10 botocore/1.12.220,0.03137789,1.609438,3.0,1.0397208,2.0
aws-cli/1.16.273 Python/3.5.2 Linux/4.17.4-365354-generic botocore/1.13.9,0.031371757,3.5263605,2.0,0.3046361,30.0
aws-cli/1.16.227 Python/3.6.0 Windows/10 botocore/1.12.217,0.03134005,2.3025851,9.0,2.1972246,1.0
aws-cli/1.11.13 Python/3.5.2 Linux/4.8.0-56-generic botocore/1.4.70,0.031319633,2.0794415,3.0,0.9556999,4.0
aws-sdk-go/1.12.45 (go1.9.1; windows; amd64),0.031314958,1.9459101,1.0,0.0,6.0
aws-sdk-go/1.15.77 (go1.12; linux; amd64),0.031314958,1.9459101,1.0,0.0,6.0
aws-cli/2.0.46 Python/3.7.3 Linux/5.7.0-kali1-amd64 exe/x86_64.kali.2020 command/ec2.describe-snapshots,0.03130479,4.0253515,1.0,0.0,55.0
aws-cli/1.16.64 Python/2.7.17 Darwin/18.7.0 botocore/1.12.54,0.031220844,2.3025851,9.0,2.1972246,1.0
aws-cli/1.16.266 Python/3.5.2 Linux/5.0.0-36-generic botocore/1.13.2,0.031208871,3.4011974,2.0,0.14999494,28.0
aws-cli/1.11.167 Python/2.7.10 Darwin/16.7.0 botocore/1.7.25,0.031201355,2.7080503,2.0,0.25731868,13.0
aws-cli/1.11.24 Python/2.7.12 Darwin/16.4.0 botocore/1.4.81,0.031201355,2.7080503,2.0,0.25731868,13.0
aws-cli/1.11.13 Python/3.5.2 Linux/4.4.0-91-generic botocore/1.4.70,0.031201355,2.7080503,2.0,0.25731868,13.0
aws-cli/1.11.177 Python/2.7.13 Linux/4.12.0-kali1-686-pae botocore/1.7.35,0.031201355,2.7080503,2.0,0.25731868,13.0
[aws-cli/1.11.50 Python/2.7.13 Linux/4.4.51-1-lts botocore/1.5.13],0.031171462,1.3862944,1.0,0.0,3.0
aws-cli/1.16.35 Python/2.7.15 Darwin/17.7.0 botocore/1.12.25,0.031171452,4.4426513,2.0,0.11251596,82.0
[aws-cli/1.14.58 Python/2.7.9 Windows/8 botocore/1.9.11],0.031166865,2.5649493,6.0,1.4735023,6.0
aws-cli/1.11.75 Python/2.7.13 Linux/4.8.0-kali2-amd64 botocore/1.5.38,0.031155204,3.583519,13.0,2.2003784,11.0
[Boto3/1.9.28 Python/2.7.13 Linux/4.14.0-0.bpo.3-amd64 Botocore/1.12.28 Resource],0.031146467,1.0986123,2.0,0.6931472,1.0
[aws-cli/1.16.310 Python/2.7.17 Linux/4.4.78-perf+ botocore/1.13.46],0.031146392,1.609438,2.0,0.6931472,2.0
aws-cli/1.16.272 Python/2.7.15+ Linux/5.0.0-32-generic botocore/1.13.8,0.031143364,1.0986123,2.0,0.6931472,1.0
aws-cli/1.15.52 Python/2.7.10 Darwin/17.6.0 botocore/1.10.51,0.031139735,3.295837,2.0,0.16302365,25.0
aws-cli/2.0.19 Python/3.7.3 Linux/4.19.0-9-amd64 botocore/2.0.0dev23,0.031115443,2.8903718,8.0,1.9561875,4.0
[aws-cli/1.11.41 Python/2.7.10 Darwin/16.4.0 botocore/1.5.4],0.031092217,1.0986123,1.0,0.0,2.0
aws-cli/1.15.68 Python/3.6.0 Windows/10 botocore/1.10.67,0.031065233,2.5649493,10.0,2.2538576,2.0
aws-cli/1.18.66 Python/2.7.18 Linux/5.4.0-kali4-amd64 botocore/1.16.19,0.030987868,2.7725887,10.0,2.2110686,3.0
aws-cli/1.15.16 Python/2.7.12 Linux/4.13.0-39-generic botocore/1.10.16,0.030979337,4.0943446,21.0,1.9279149,34.0
aws-cli/1.11.129 Python/3.6.2 Darwin/16.7.0 botocore/1.5.92,0.030959325,2.4849067,9.0,2.1458418,2.0
[aws-cli/1.16.35 Python/3.7.2 Darwin/18.2.0 botocore/1.12.25],0.030845366,1.0986123,2.0,0.6931472,1.0
[aws-cli/1.16.269 Python/3.7.3 Linux/4.19.0-6-amd64 botocore/1.13.5],0.0308289,1.0986123,2.0,0.6931472,1.0
aws-cli/1.16.247 Python/2.7.16 Darwin/18.7.0 botocore/1.12.237,0.03071552,2.3978953,9.0,2.1639557,2.0
aws-cli/1.16.264 Python/2.7.16 Linux/4.19.0-kali5-amd64 botocore/1.13.0,0.030702254,1.9459101,2.0,0.6365142,4.0
aws-cli/1.16.150 Python/3.7.3 Darwin/18.6.0 botocore/1.12.140,0.030616343,5.0172796,3.0,0.1414409,146.0
[Boto3/1.9.188 Python/2.7.16 Darwin/18.5.0 Botocore/1.12.188 Resource],0.030601146,1.0986123,2.0,0.6931472,1.0
aws-cli/1.16.50 Python/3.7.1 Darwin/17.5.0 botocore/1.12.40,0.030592851,2.1972246,8.0,2.0794415,1.0
aws-cli/1.16.209 Python/2.7.10 Darwin/18.7.0 botocore/1.12.199,0.030578796,3.0445225,2.0,0.50040245,16.0
aws-cli/1.11.63 Python/2.7.10 Darwin/16.4.0 botocore/1.5.26,0.030515457,4.0943446,4.0,0.417018,53.0
aws-cli/1.11.61 Python/2.7.10 Darwin/16.4.0 botocore/1.5.24,0.030505355,4.189655,12.0,1.9871407,28.0
aws-cli/1.16.43 Python/3.7.1 Windows/10 botocore/1.12.33,0.030424178,3.0445225,2.0,0.325083,18.0
aws-cli/1.16.260 Python/3.7.4 Darwin/19.0.0 botocore/1.12.250,0.030405246,4.060443,10.0,1.4935893,32.0
[Boto3/1.7.66 Python/2.7.13 Linux/4.9.0-7-amd64 Botocore/1.10.66 Resource],0.030377883,1.0986123,2.0,0.6931472,1.0
aws-cli/1.18.6 Python/3.6.9 Linux/4.15.0-88-generic botocore/1.15.6,0.030358143,4.4308167,9.0,0.91177005,66.0
aws-cli/1.11.64 Python/2.7.13 Linux/4.7.0-kali1-amd64 botocore/1.5.27,0.030338824,3.0445225,9.0,1.6075752,11.0
aws-cli/1.11.43 Python/2.7.13 Darwin/16.4.0 botocore/1.5.6,0.030279117,2.4849067,2.0,0.3046361,10.0
aws-cli/1.14.14 Python/2.7.12 Linux/4.4.0-43-Microsoft botocore/1.8.18,0.030231364,1.3862944,2.0,0.6365142,2.0
aws-internal/3 aws-sdk-java/1.2 Linux/4.9.93-0.1.ac.178.67.327.metal1.x86_64 OpenJDK_64-Bit_Server_VM/25.172-b11 java/1.8.0_172{additional.languages},0.030162068,1.3862944,1.0,0.0,3.0
aws-cli/1.16.135 Python/2.7.10 Darwin/18.2.0 botocore/1.12.125,0.030150015,2.5649493,5.0,1.5607103,4.0
aws-cli/1.16.277 Python/3.7.3 Darwin/19.0.0 botocore/1.13.13,0.03013583,3.637586,10.0,1.0892496,28.0
aws-sdk-go/1.8.30 (go1.9.1; linux; 386),0.030061042,1.609438,2.0,0.6931472,2.0
aws-cli/1.15.49 Python/3.6.5 Linux/4.15.0-23-generic botocore/1.10.48,0.029964337,2.3025851,9.0,2.1972246,1.0
aws-cli/1.16.140 Python/2.7.12 Linux/4.4.0-145-generic botocore/1.12.130,0.029955126,2.1972246,2.0,0.56233513,6.0
aws-cli/1.16.248 Python/3.7.4 Linux/5.2.5-arch1-1-ARCH botocore/1.12.238,0.029943643,3.4011974,2.0,0.14999494,28.0
aws-cli/1.16.8 Python/2.7.10 Darwin/17.7.0 botocore/1.11.8,0.029935913,2.3978953,9.0,2.1639557,2.0
aws-cli/1.16.185 Python/2.7.16 Darwin/19.0.0 botocore/1.12.175,0.029932998,4.0073333,9.0,1.2117819,37.0
aws-cli/1.16.269 Python/3.6.0 Windows/10 botocore/1.13.5,0.029930277,2.6390574,3.0,0.9839614,7.0
aws-cli/2.0.5 Python/3.7.3 Linux/4.4.0-53-generic botocore/2.0.0dev9,0.029909512,3.6635616,10.0,1.2090749,27.0
aws-cli/1.16.184 Python/3.6.0 Windows/10 botocore/1.12.174,0.029885354,4.1108737,5.0,0.5775137,52.0
aws-cli/1.16.57 Python/3.6.2 Darwin/17.7.0 botocore/1.12.47,0.02977186,1.0986123,1.0,0.0,2.0
[Boto3/1.9.209 Python/2.7.13 Linux/4.12.0-kali2-686 Botocore/1.12.209],0.029766247,1.9459101,2.0,0.6365142,4.0
aws-cli/1.16.20 Python/3.7.0 Darwin/17.7.0 botocore/1.12.10,0.029759659,2.4849067,8.0,1.972247,3.0
aws-cli/1.14.53 Python/3.6.0 Windows/10 botocore/1.9.6,0.029706702,1.0986123,2.0,0.6931472,1.0
aws-cli/1.16.286 Python/3.6.0 Windows/10 botocore/1.13.22,0.029691681,1.7917595,2.0,0.67301166,3.0
aws-cli/1.16.166 Python/2.7.15+ Linux/4.19.0-kali3-amd64 botocore/1.12.156,0.029677544,4.1743875,6.0,0.84799427,50.0
[aws-cli/1.11.56 Python/2.7.10 Darwin/16.5.0 botocore/1.5.19],0.029677289,1.0986123,2.0,0.6931472,1.0
aws-cli/1.16.202 Python/3.7.3 Linux/5.0.0-31-generic botocore/1.12.193,0.029637948,3.4011974,2.0,0.14999494,28.0
aws-cli/2.0.46 Python/3.7.3 Linux/5.5.0-kali2-amd64 exe/x86_64.kali.2020 command/ec2.describe-snapshots,0.02960874,1.9459101,1.0,0.0,6.0
aws-cli/1.16.44 Python/2.7.12 Linux/4.10.0-28-generic botocore/1.12.34,0.029592246,2.7725887,9.0,2.1535325,2.0
aws-cli/1.10.64 Python/2.7.13 Linux/4.11.11-300.fc26.x86_64 botocore/1.4.54,0.029497297,2.3025851,9.0,2.1972246,1.0
aws-cli/1.14.22 Python/2.7.14 Darwin/16.7.0 botocore/1.8.26,0.029483866,3.3322046,11.0,1.601477,16.0
aws-cli/1.11.141 Python/2.7.12 Linux/4.4.0-87-generic botocore/1.6.8,0.029467307,3.0910425,6.0,0.9320739,16.0
aws-cli/1.11.75 Python/3.6.0 Linux/4.4.61-1-MANJARO botocore/1.5.38,0.02941845,2.4849067,2.0,0.3046361,10.0
aws-cli/1.16.111 Python/3.7.4 Linux/5.2.18-200.fc30.x86_64 botocore/1.12.101,0.029405816,3.713572,12.0,1.3216789,28.0
aws-cli/1.16.10 Python/3.7.0 Windows/10 botocore/1.12.0,0.029395042,3.0445225,9.0,1.6796479,10.0
aws-cli/1.11.145 Python/2.7.9 Windows/8 botocore/1.7.3,0.029390695,1.3862944,2.0,0.6365142,2.0
aws-cli/1.11.154 Python/2.7.13 Darwin/16.5.0 botocore/1.7.12,0.029390695,1.3862944,2.0,0.6365142,2.0
aws-cli/1.14.44 Python/3.6.9 Linux/4.15.0-20-generic botocore/1.8.48,0.029371113,1.0986123,2.0,0.6931472,1.0
aws-cli/1.15.58 Python/3.5.2 Linux/5.4.0-40-generic botocore/1.10.57,0.029299993,2.3978953,9.0,2.1639557,2.0
aws-cli/2.0.51 Python/3.7.7 Windows/10 exe/AMD64 command/iam.list-attached-user-policies,0.029277936,0.6931472,1.0,0.0,1.0
aws-cli/1.16.283 Python/3.8.0 Windows/10 botocore/1.13.19,0.029258246,3.7376697,8.0,1.1372416,29.0
aws-cli/1.11.13 Python/3.5.2 Linux/4.4.0-96-generic botocore/1.4.70,0.029255372,2.3978953,9.0,2.1639557,2.0
aws-cli/2.0.44 Python/3.7.3 Linux/5.4.0-26-generic exe/x86_64.linuxmint.20 command/iam.get-policy,0.029255131,0.6931472,1.0,0.0,1.0
aws-cli/1.16.303 Python/3.7.5 Linux/5.3.0-24-generic botocore/1.13.39,0.029211642,3.7841897,10.0,1.1054004,32.0
aws-cli/1.16.292 Python/3.6.9 Linux/4.4.0-039049-Microsoft botocore/1.13.28,0.029199902,4.304065,2.0,0.12557499,71.0
aws-cli/1.11.137 Python/2.7.10 Darwin/15.6.0 botocore/1.6.4,0.029191514,2.3025851,9.0,2.1972246,1.0
aws-cli/1.14.2 Python/2.7.15 Darwin/18.7.0 botocore/1.8.6,0.029169258,1.3862944,2.0,0.6365142,2.0
aws-cli/1.15.80 Python/3.7.0 Darwin/17.7.0 botocore/1.10.79,0.029112702,3.583519,9.0,1.1769342,25.0
aws-cli/1.17.0 Python/3.7.3 Linux/4.19.0-10-amd64 botocore/1.14.0,0.02909086,3.9318256,3.0,0.3751232,45.0
aws-cli/2.0.6 Python/3.7.3 Linux/5.3.0-45-generic botocore/2.0.0dev10,0.029035501,2.3025851,8.0,2.043192,2.0
aws-cli/1.11.38 Python/2.7.10 Darwin/15.6.0 botocore/1.5.1,0.028956646,1.0986123,2.0,0.6931472,1.0
aws-cli/1.16.198 Python/3.6.8 Linux/4.18.0-25-generic botocore/1.12.188,0.02886633,3.0445225,9.0,2.1639557,4.0
aws-cli/1.11.98 Python/2.7.12 Windows/7 botocore/1.5.61,0.028836887,3.0910425,10.0,1.7224679,11.0
[aws-cli/1.17.14 Python/3.7.3rc1 Linux/4.19.0-kali4-amd64 botocore/1.14.14],0.02883585,1.0986123,2.0,0.6931472,1.0
[Boto3/1.7.24 Python/2.7.14 Linux/4.11.0-kali1-686-pae Botocore/1.10.24 Resource],0.028835831,1.0986123,2.0,0.6931472,1.0
aws-cli/2.0.16 Python/3.7.4 Darwin/19.6.0 botocore/2.0.0dev20,0.028835451,2.3025851,6.0,1.7351265,2.0
aws-cli/1.16.209 Python/3.6.0 Darwin/18.7.0 botocore/1.12.199,0.028814327,3.3672957,2.0,0.15407608,27.0
aws-cli/2.0.50 Python/3.7.4 Darwin/19.6.0 exe/x86_64 command/lambda.list-functions,0.02876354,0.6931472,1.0,0.0,1.0
[aws-cli/1.10.51 Python/2.7.13 Darwin/16.3.0 botocore/1.4.41],0.028740464,1.609438,1.0,0.0,4.0
aws-cli/1.14.22 Python/2.7.6 Linux/3.13.0-32-generic botocore/1.8.26,0.028733395,3.4011974,2.0,0.14999494,28.0
aws-cli/1.16.61 Python/3.6.7 Linux/4.15.0-39-generic botocore/1.12.51,0.028714783,3.6109178,12.0,1.5790241,22.0
aws-cli/1.16.173 Python/3.6.9 Linux/5.3.0-1019-aws botocore/1.12.143,0.028708883,2.5649493,9.0,2.0228086,4.0
aws-cli/1.18.43 Python/3.7.5 Darwin/18.7.0 botocore/1.15.43,0.028708577,2.4849067,9.0,2.1458418,2.0
aws-cli/1.11.13 Python/3.5.2 Linux/4.13.0-39-generic botocore/1.4.70,0.028608024,2.8903718,2.0,0.22371808,16.0
aws-cli/1.11.60 Python/2.7.10 Darwin/16.4.0 botocore/1.5.23,0.028582966,3.1354942,2.0,0.18490742,21.0
aws-cli/1.16.129 Python/3.6.7 Linux/4.15.0-47-generic botocore/1.12.119,0.028579952,4.4426513,2.0,0.11251596,82.0
aws-cli/1.16.310 Python/3.6.9 Linux/5.0.0-37-generic botocore/1.13.46,0.02856936,2.3025851,9.0,2.1972246,1.0
aws-cli/1.16.24 Python/3.7.0 Darwin/17.7.0 botocore/1.12.14,0.028467232,2.1972246,4.0,1.3862944,2.0
aws-cli/1.15.83 Python/2.7.15 Linux/4.14.77-70.59.amzn1.x86_64 botocore/1.10.82,0.028467232,2.1972246,4.0,1.3862944,2.0
aws-cli/1.16.63 Python/3.6.7 Linux/4.18.0-kali1-amd64 botocore/1.12.53,0.028456915,3.4965076,9.0,1.4845152,19.0
aws-cli/2.0.1 Python/3.7.3 Linux/4.4.0-039049-Microsoft botocore/2.0.0dev5,0.028446611,3.912023,10.0,1.0803337,37.0
aws-cli/1.16.24 Python/3.7.0 Darwin/16.7.0 botocore/1.12.14,0.02827274,2.3978953,9.0,2.1639557,2.0
aws-cli/1.15.58 Python/3.7.0 Windows/10 botocore/1.10.57,0.028263424,1.3862944,2.0,0.6365142,2.0
aws-cli/1.15.59 Python/2.7.10 Darwin/17.7.0 botocore/1.10.58,0.028263424,1.3862944,2.0,0.6365142,2.0
aws-cli/1.16.41 Python/3.7.0 Darwin/17.7.0 botocore/1.12.31,0.028138839,4.454347,9.0,0.5943284,75.0
aws-cli/2.0.1 Python/3.7.3 Linux/4.19.0-8-amd64 botocore/2.0.0dev5,0.028078195,3.2580965,3.0,0.44330668,22.0
aws-cli/1.16.106 Python/2.7.15+ Linux/4.18.0-kali2-amd64 botocore/1.12.96,0.028026935,3.4339871,9.0,1.8989267,12.0
aws-cli/1.18.115 Python/2.7.16 Linux/4.19.0-kali5-amd64 botocore/1.17.43,0.02801918,2.6390574,7.0,1.9251211,2.0
aws-cli/1.16.182 Python/2.7.10 Darwin/18.7.0 botocore/1.12.172,0.027997598,4.1743875,12.0,1.0762132,49.0
[Boto3/1.14.20 Python/2.7.18rc1 Linux/5.5.0-kali1-amd64 Botocore/1.17.20 Resource],0.027835265,1.0986123,2.0,0.6931472,1.0
aws-cli/1.11.127 Python/2.7.12 Linux/4.10.0-28-generic botocore/1.5.90,0.027830184,3.4011974,10.0,1.5449938,17.0
aws-cli/1.18.47 Python/2.7.12 Linux/4.15.0-115-generic botocore/1.16.3,0.027822062,2.3978953,9.0,2.1639557,2.0
aws-cli/1.11.34 Python/2.7.10 Darwin/15.6.0 botocore/1.4.91,0.027768636,1.0986123,2.0,0.6931472,1.0
aws-cli/1.16.221 Python/2.7.10 Darwin/18.6.0 botocore/1.12.211,0.027749658,3.3672957,2.0,0.15407608,27.0
aws-cli/2.0.0 Python/3.7.3 Linux/5.4.0-kali3-amd64 botocore/2.0.0dev4,0.027712137,4.8520303,11.0,1.0209875,97.0
aws-cli/1.15.76 Python/2.7.5 Linux/3.10.0-514.10.2.el7.x86_64 botocore/1.10.75,0.027709503,4.2195077,2.0,0.07757002,66.0
aws-cli/2.0.31 Python/3.8.4 Darwin/18.7.0 botocore/2.0.0dev35,0.027705848,3.6635616,2.0,0.20619202,36.0
aws-cli/1.16.47 Python/3.6.5 Darwin/18.2.0 botocore/1.12.37,0.027695855,1.0986123,1.0,0.0,2.0
aws-cli/1.11.13 Python/3.5.2 Linux/4.13.0-43-generic botocore/1.8.28,0.027683167,2.9957323,3.0,0.40945864,17.0
aws-cli/1.11.41 Python/2.7.13 Darwin/16.4.0 botocore/1.5.4,0.02767766,4.5217886,2.0,0.10564048,89.0
aws-cli/1.14.16 Python/2.7.12 Linux/4.4.0-43-Microsoft botocore/1.8.20,0.027660018,2.3025851,7.0,1.8891592,2.0
aws-cli/1.16.171 Python/2.7.16 Linux/4.19.0-kali4-amd64 botocore/1.12.161,0.027602581,3.7612002,2.0,0.5488744,32.0
aws-cli/2.0.50 Python/3.7.4 Darwin/18.7.0 exe/x86_64 command/ec2.describe-snapshots,0.027582739,3.5553482,1.0,0.0,34.0
aws-cli/1.15.49 Python/2.7.15 Linux/4.16.0-kali2-amd64 botocore/1.10.48,0.027566934,2.3025851,9.0,2.1972246,1.0
aws-cli/1.16.67 Python/2.7.12 Linux/4.4.0-170-generic botocore/1.12.57,0.027560443,3.4339871,2.0,0.14614478,29.0
aws-cli/1.16.260 Python/3.7.4 Darwin/18.6.0 botocore/1.12.250,0.027560443,3.4339871,2.0,0.14614478,29.0
aws-cli/1.16.265 Python/2.7.17 Linux/4.19.0-kali5-amd64 botocore/1.13.1,0.027560443,3.4339871,2.0,0.14614478,29.0
aws-cli/1.16.245 Python/3.7.5rc1 Linux/4.18.0-kali2-amd64 botocore/1.12.235,0.027503958,3.0445225,3.0,0.5181862,17.0
aws-cli/1.16.148 Python/3.7.2+ Linux/4.19.0-kali1-amd64 botocore/1.12.138,0.027483385,3.8918202,2.0,0.17320523,46.0
aws-cli/1.15.4 Python/2.7.13 Linux/4.3.0-kali1-amd64 botocore/1.10.4,0.027461478,2.6390574,9.0,2.0981474,3.0
aws-cli/1.16.242 Python/3.6.8 Linux/4.4.0-039049-Microsoft botocore/1.12.232,0.027451184,2.3025851,9.0,2.1972246,1.0
aws-cli/1.11.67 Python/2.7.13 Darwin/16.6.0 botocore/1.5.30,0.027421892,3.6635616,5.0,0.56466395,33.0
aws-cli/1.15.40 Python/2.7.12 Linux/4.4.0-53329-Microsoft botocore/1.10.40,0.027408432,2.5649493,9.0,2.094729,3.0
aws-cli/1.16.6 Python/3.6.4 Darwin/18.0.0 botocore/1.11.6,0.027389048,2.3978953,9.0,2.1639557,2.0
[aws-cli/1.16.165 Python/3.7.3rc1 Linux/4.17.0-kali1-686 botocore/1.12.155],0.027302546,2.1972246,2.0,0.56233513,6.0
aws-cli/1.14.23 Python/2.7.13 Linux/4.9.0-5-amd64 botocore/1.8.27,0.027256435,2.7725887,2.0,0.24493003,14.0
aws-cli/1.11.8 Python/2.7.10 Darwin/15.6.0 botocore/1.4.65,0.02723829,2.5649493,2.0,0.28683597,11.0
[aws-cli/1.15.45 Python/2.7.12 Linux/4.4.0-66-generic botocore/1.10.45],0.027229827,3.912023,1.0,0.0,49.0
aws-cli/1.16.269 Python/2.7.16+ Linux/5.2.0-kali3-amd64 botocore/1.13.5,0.027209887,3.6635616,2.0,0.20619202,36.0
aws-cli/1.11.129 Python/2.7.12 Linux/4.8.0-58-generic botocore/1.5.92,0.027175516,3.1354942,10.0,1.6726255,12.0
aws-cli/1.16.36 Python/2.7.15 Linux/4.15.0-kali2-amd64 botocore/1.12.26,0.027169202,2.1972246,8.0,2.0794415,1.0
aws-cli/1.16.85 Python/2.7.14 Darwin/16.7.0 botocore/1.12.75,0.027158884,1.9459101,4.0,1.3296614,2.0
aws-cli/1.11.13 Python/3.5.2 Linux/4.4.0-116-generic botocore/1.4.70,0.02715715,2.3978953,9.0,2.1639557,2.0
aws-cli/1.16.194 Python/2.7.16 Linux/4.19.0-kali5-amd64 botocore/1.12.184,0.02713987,4.465908,3.0,0.2974449,80.0
aws-cli/1.14.17 Python/2.7.14 Darwin/17.3.0 botocore/1.8.21,0.027123837,2.7725887,2.0,0.24493003,14.0
aws-cli/1.15.69 Python/3.6.3 Darwin/18.0.0 botocore/1.10.68,0.027120087,1.609438,2.0,0.56233513,3.0
aws-cli/1.14.32 Python/2.7.10 Darwin/17.3.0 botocore/1.8.36,0.027075808,2.944439,9.0,1.7830734,8.0
aws-cli/1.18.6 Python/3.7.3 Darwin/18.6.0 botocore/1.15.6,0.027074777,5.288267,9.0,0.37721568,184.0
aws-cli/1.14.44 Python/3.6.8 Linux/5.0.0-36-generic botocore/1.8.48,0.027072579,3.3672957,9.0,1.3564,18.0
aws-cli/1.11.139 Python/3.6.3 Linux/4.13.0-32-generic botocore/1.6.6,0.027051654,3.4339871,2.0,0.14614478,29.0
"Mozilla/5.0 (Windows NT 6.3; WOW64) AppleWebKit/537.36 (KHTML, like Gecko) Chrome/56.0.2924.87 Safari/537.36",0.027021846,3.4965076,3.0,0.93875486,15.0
aws-cli/2.0.36 Python/3.7.3 Linux/5.0.0-38-generic exe/x86_64.ubuntu.19 command/iam.get-user,0.026989896,1.0986123,1.0,0.0,2.0
"Mozilla/5.0 (Macintosh; Intel Mac OS X 10_13_6) AppleWebKit/537.36 (KHTML, like Gecko) Chrome/69.0.3497.100 Safari/537.36",0.026962513,1.609438,1.0,0.0,4.0
aws-cli/1.11.117 Python/2.7.13 Darwin/16.6.0 botocore/1.5.80,0.026943173,3.2580965,7.0,1.1604573,17.0
aws-cli/1.16.132 Python/3.6.0 Windows/10 botocore/1.12.122,0.02693542,1.9459101,2.0,0.6365142,4.0
aws-cli/2.0.12 Python/3.7.3 Linux/5.3.0-kali1-amd64 botocore/2.0.0dev16,0.026905937,2.8903718,11.0,2.196756,5.0
aws-cli/1.11.63 Python/2.7.10 Darwin/16.0.0 botocore/1.5.26,0.026821328,2.4849067,2.0,0.3046361,10.0
aws-cli/1.16.113 Python/3.7.3 Linux/4.19.0-5-amd64 botocore/1.12.103,0.026809318,1.609438,2.0,0.6931472,2.0
aws-cli/1.16.166 Python/3.7.3 Darwin/18.2.0 botocore/1.12.156,0.026809318,1.609438,2.0,0.6931472,2.0
aws-cli/1.16.169 Python/3.6.0 Windows/7 botocore/1.12.159,0.026809318,1.609438,2.0,0.6931472,2.0
aws-cli/1.14.24 Python/3.6.4 Darwin/17.4.0 botocore/1.8.28,0.02680392,4.3694477,23.0,2.2259982,37.0
aws-cli/1.16.148 Python/3.7.3 Linux/5.0.13-arch1-1-ARCH botocore/1.12.138,0.026792316,3.295837,7.0,1.8848712,6.0
aws-cli/1.14.2 Python/3.7.0a2 Linux/4.13.0-17-generic botocore/1.8.6,0.026766585,2.7725887,2.0,0.24493003,14.0
aws-cli/1.12.1 Python/3.5.2 Linux/4.10.0-40-generic botocore/1.8.1,0.026766585,2.7725887,2.0,0.24493003,14.0
aws-cli/1.14.16 Python/3.6.3 Linux/4.13.0-21-generic botocore/1.8.20,0.026766585,2.7725887,2.0,0.24493003,14.0
aws-cli/1.11.13 Python/3.5.2 Linux/4.4.0-109-generic botocore/1.4.70,0.026766585,2.7725887,2.0,0.24493003,14.0
aws-cli/1.16.156 Python/3.6.7 Linux/3.10.0-957.12.1.el7.x86_64 botocore/1.12.146,0.026753314,1.9459101,2.0,0.6365142,4.0
aws-cli/1.11.145 Python/3.6.1 Darwin/16.7.0 botocore/1.7.3,0.026723558,1.0986123,2.0,0.6931472,1.0
aws-cli/1.16.113 Python/3.6.7 Linux/4.18.0-kali2-amd64 botocore/1.12.103,0.026715629,1.9459101,2.0,0.6365142,4.0
aws-cli/1.14.29 Python/2.7.11 Linux/4.3.0-kali1-amd64 botocore/1.8.33,0.026703957,2.7725887,2.0,0.24493003,14.0
aws-cli/1.18.93 Python/3.6.0 Windows/10 botocore/1.17.16,0.02669153,3.5263605,10.0,1.5824705,13.0
aws-cli/1.16.279 Python/3.5.3 Linux/4.19.79-442186-ge32b3719f26b botocore/1.13.15,0.026688196,3.912023,2.0,0.09962338,48.0
aws-cli/1.16.113 Python/3.6.5rc1 Linux/4.15.0-kali2-amd64 botocore/1.12.103,0.026659166,3.713572,2.0,0.19851527,38.0
aws-cli/1.16.161 Python/2.7.6 Linux/4.4.0-53329-Microsoft botocore/1.12.151,0.026659166,3.713572,2.0,0.19851527,38.0
aws-cli/1.16.210 Python/3.7.3 Darwin/18.7.0 botocore/1.12.238,0.026652923,2.8903718,2.0,0.22371808,16.0
aws-cli/1.15.76 Python/3.6.5 Linux/4.15.0-1017-gcp botocore/1.10.75,0.026651245,2.4849067,10.0,2.2718685,2.0
aws-cli/1.11.13 Python/3.5.3 Linux/4.6.0-kali1-amd64 botocore/1.4.70,0.026591552,2.4849067,2.0,0.3046361,10.0
aws-cli/1.15.71 Python/3.7.2 Linux/4.20.16-200.fc29.x86_64 botocore/1.10.41,0.026574448,4.26268,2.0,0.12974069,68.0
aws-cli/1.11.45 Python/3.6.0 Linux/4.9.8-1-ARCH botocore/1.5.8,0.026537392,2.4849067,3.0,0.6001661,9.0
[3Hub/1.0.9 (Mac OS X)],0.02651236,1.3862944,2.0,0.6365142,2.0
aws-cli/1.11.55 Python/2.7.13 Linux/4.9.0-kali1-amd64 botocore/1.5.18,0.026487835,2.4849067,2.0,0.3046361,10.0
aws-cli/1.16.217 Python/3.6.0 Windows/8.1 botocore/1.12.207,0.026482841,3.295837,2.0,0.16302365,25.0
aws-cli/2.0.38 Python/3.7.4 Darwin/19.6.0 exe/x86_64 command/lambda.list-functions,0.026471967,1.0986123,1.0,0.0,2.0
aws-cli/2.0.44 Python/3.7.3 Linux/5.4.0-kali3-amd64 exe/x86_64.kali.2020 command/ec2.describe-snapshots,0.02645388,3.8501475,1.0,0.0,46.0
aws-cli/1.11.57 Python/2.7.13 Linux/4.9.0-kali2-amd64 botocore/1.5.20,0.026437582,2.8332133,3.0,0.83140254,11.0
aws-cli/1.11.85 Python/2.7.10 Linux/4.9.7-x86_64-linode80 botocore/1.5.48,0.026408942,2.3025851,9.0,2.1972246,1.0
aws-cli/1.16.215 Python/3.6.8 Darwin/18.7.0 botocore/1.12.205,0.026375616,4.0775375,2.0,0.0870995,57.0
aws-cli/1.16.280 Python/3.7.5 Darwin/18.5.0 botocore/1.13.16,0.026373835,2.3025851,9.0,2.1972246,1.0
aws-cli/1.16.251 Python/3.7.5 Linux/5.3.0-kali2-amd64 botocore/1.13.20,0.026362056,3.4339871,2.0,0.14614478,29.0
aws-cli/1.11.102 Python/2.7.9 Windows/8 botocore/1.5.65,0.026287705,2.4849067,4.0,1.0335621,7.0
aws-cli/1.7.36 Python/2.7.8 Darwin/16.3.0,0.02619145,1.609438,2.0,0.56233513,3.0
[aws-cli/1.14.43 Python/2.7.10 Darwin/17.4.0 botocore/1.8.47],0.026188988,1.7917595,2.0,0.50040245,4.0
aws-cli/1.16.222 Python/2.7.16 Linux/4.19.0-kali4-amd64 botocore/1.12.212,0.02618568,3.3672957,2.0,0.15407608,27.0
aws-cli/1.16.77 Python/3.6.0 Windows/10 botocore/1.12.67,0.026170533,2.3025851,9.0,2.1972246,1.0
aws-cli/1.16.283 Python/3.6.8 Linux/4.4.0-039049-Microsoft botocore/1.13.19,0.02611351,2.6390574,9.0,2.0317593,4.0
aws-cli/1.11.181 Python/3.6.1 Darwin/17.2.0 botocore/1.7.39,0.026087383,2.7725887,2.0,0.24493003,14.0
aws-cli/1.16.238 Python/2.7.16rc1 Linux/4.19.0-kali3-amd64 botocore/1.12.228,0.026023027,3.0910425,3.0,0.5010469,18.0
aws-cli/1.16.90 Python/3.7.2 Darwin/18.6.0 botocore/1.12.80,0.026002532,2.7080503,4.0,1.153742,8.0
aws-cli/1.18.128 Python/2.7.16 Linux/4.19.0-9-amd64 botocore/1.17.51,0.025999948,1.0986123,2.0,0.6931472,1.0
aws-cli/1.16.26 Python/3.6.7 Linux/4.4.0-01985-Microsoft botocore/1.12.16,0.02595887,2.3025851,9.0,2.1972246,1.0
[aws-cli/1.11.91 Python/2.7.10 Darwin/16.6.0 botocore/1.5.54],0.025952505,2.1972246,2.0,0.37677017,7.0
aws-cli/1.16.260 Python/3.7.5 Linux/4.15.0-1065-oem botocore/1.12.250,0.025914934,4.1431346,3.0,0.16486543,60.0
aws-cli/1.17.11 Python/2.7.15 Darwin/18.6.0 botocore/1.14.11,0.025900468,3.8501475,6.0,0.995779,32.0
[aws-cli/1.16.292 Python/3.7.5 Darwin/18.7.0 botocore/1.13.28],0.025890611,1.9459101,2.0,0.6931472,3.0
aws-cli/1.11.146 Python/2.7.6 Linux/4.4.0-43-Microsoft botocore/1.7.4,0.025867116,1.3862944,2.0,0.6365142,2.0
aws-cli/1.11.86 Python/2.7.13 Linux/4.11.11-300.fc26.x86_64 botocore/1.5.49,0.025867116,1.3862944,2.0,0.6365142,2.0
aws-cli/1.11.44 Python/3.5.3+ Linux/4.9.0-kali3-amd64 botocore/1.5.7,0.025867116,1.3862944,2.0,0.6365142,2.0
[aws-cli/2.0.14 Python/3.7.4 Darwin/19.4.0 botocore/2.0.0dev18],0.025860555,2.4849067,3.0,0.6001661,9.0
aws-cli/2.0.20 Python/3.7.3 Linux/5.6.0-kali2-amd64 botocore/2.0.0dev24,0.025858143,2.4849067,9.0,2.1458418,2.0
aws-cli/1.11.136 Python/2.7.10 Darwin/16.7.0 botocore/1.6.3,0.025854943,4.0073333,9.0,1.0830685,40.0
aws-cli/1.16.300 Python/3.7.6 Darwin/18.7.0 botocore/1.13.36,0.02584417,4.2341065,3.0,0.20889789,65.0
aws-cli/1.17.9 Python/3.7.7 Linux/5.4.0-kali4-amd64 botocore/1.14.9,0.025829818,3.2580965,10.0,1.8446832,11.0
aws-cli/1.11.83 Python/3.6.1 Linux/4.10.13-1-ARCH botocore/1.5.46,0.025823453,3.1354942,5.0,0.83872795,17.0
aws-cli/1.15.59 Python/2.7.15rc1 Linux/4.15.0-39-generic botocore/1.10.58,0.025775734,3.1354942,2.0,0.18490742,21.0
aws-cli/1.11.0 Python/2.7.9 Windows/8 botocore/1.4.58,0.025769789,3.4339871,2.0,0.14614478,29.0
aws-cli/1.15.0 Python/3.6.5 Darwin/18.6.0 botocore/1.10.0,0.02576977,3.4339871,2.0,0.14614478,29.0
aws-cli/1.11.63 Python/2.7.9 Windows/7 botocore/1.5.26,0.025673859,3.295837,2.0,0.16302365,25.0
[aws-cli/1.16.272 Python/3.7.3 Linux/4.19.0-kali4-amd64 botocore/1.13.8],0.025671585,1.3862944,2.0,0.6365142,2.0
aws-cli/1.15.70 Python/2.7.13 Linux/4.9.0-4-amd64 botocore/1.10.69,0.025593793,4.4308167,18.0,1.5066065,56.0
aws-cli/2.0.28 Python/3.7.4 Darwin/17.7.0 botocore/2.0.0dev32,0.025489928,4.7184987,2.0,0.0513965,110.0
aws-cli/1.11.83 Python/2.7.12 Darwin/16.5.0 botocore/1.5.46,0.025481991,2.7725887,3.0,0.6277053,12.0
aws-cli/2.0.9 Python/3.7.3 Linux/4.19.0-kali5-amd64 botocore/2.0.0dev13,0.02545606,3.6888795,14.0,2.1402493,14.0
Boto3/1.9.101 Python/3.7.3 Darwin/17.7.0 Botocore/1.12.101,0.025448197,2.1972246,2.0,0.56233513,6.0
aws-cli/2.0.28 Python/3.7.7 Windows/10 botocore/2.0.0dev32,0.025442693,4.465908,11.0,0.9890348,68.0
aws-cli/2.0.28 Python/3.7.4 Darwin/19.5.0 botocore/2.0.0dev32,0.025434418,3.8918202,2.0,0.3341428,43.0
aws-cli/1.17.5 Python/3.7.5 Linux/5.3.0-kali2-amd64 botocore/1.14.5,0.025379393,3.0445225,10.0,2.1513221,5.0
aws-cli/1.16.160 Python/3.7.4 Darwin/18.6.0 botocore/1.12.104,0.025366303,1.0986123,1.0,0.0,2.0
aws-cli/1.15.69 Python/3.7.0 Darwin/18.2.0 botocore/1.10.68,0.025366303,1.0986123,1.0,0.0,2.0
aws-cli/1.16.14 Python/3.7.0 Linux/4.14.77-1-MANJARO botocore/1.12.4,0.025277924,2.3025851,9.0,2.1972246,1.0
aws-cli/1.16.45 Python/2.7.15+ Linux/4.17.0-kali3-amd64 botocore/1.12.35,0.025207268,3.7612002,4.0,0.56706095,36.0
aws-cli/1.16.140 Python/2.7.10 Darwin/18.7.0 botocore/1.12.130,0.02517278,1.3862944,2.0,0.6365142,2.0
aws-cli/1.16.53 Python/2.7.14+ Linux/4.14.0-kali3-amd64 botocore/1.12.43,0.025125373,3.1780539,2.0,0.1788449,22.0
Coral/Jakarta,0.02508948,3.1780539,5.0,1.0259159,16.0
aws-cli/1.16.222 Python/2.7.16 Windows/10 botocore/1.12.212,0.025069166,3.4339871,2.0,0.14614478,29.0
aws-cli/1.11.57 Python/2.7.11 Darwin/16.6.0 botocore/1.5.20,0.025068859,4.26268,16.0,2.0812786,31.0
aws-cli/1.11.44 Python/2.7.12 Linux/4.4.0-64-generic botocore/1.5.7,0.025058094,2.3025851,1.0,0.0,9.0
aws-cli/1.14.38 Python/3.6.4 Linux/4.12.14-1-MANJARO botocore/1.8.42,0.025036061,3.7841897,6.0,1.0956329,28.0
aws-cli/2.0.18 Python/3.7.3 Linux/4.4.0-039049-Microsoft botocore/2.0.0dev22,0.02502548,3.912023,15.0,1.5436074,32.0
aws-cli/1.15.0 Python/2.7.9 Windows/7 botocore/1.10.0,0.024975939,2.3025851,9.0,2.1972246,1.0
aws-cli/1.16.26 Python/3.6.7 Linux/4.18.0-kali2-amd64 botocore/1.12.16,0.024965528,3.713572,9.0,1.3631725,26.0
aws-cli/1.11.104 Python/2.7.10 Darwin/16.6.0 botocore/1.5.67,0.024934784,2.3025851,9.0,2.1972246,1.0
aws-cli/1.16.9 Python/3.7.0 Windows/10 botocore/1.11.9,0.02493136,2.6390574,11.0,2.3516734,2.0
aws-cli/1.18.38 Python/3.6.10 Linux/4.12.14-lp151.28.44-default botocore/1.15.38,0.02491259,3.988984,3.0,0.2535477,50.0
aws-cli/1.11.36 Python/2.7.10 Darwin/16.6.0 botocore/1.4.93,0.024908248,3.583519,7.0,1.106583,24.0
aws-cli/1.14.11 Python/3.6.4 Darwin/16.7.0 botocore/1.8.15,0.02490419,2.8332133,2.0,0.37677017,14.0
aws-cli/1.18.32 Python/3.8.2 Windows/10 botocore/1.15.32,0.024841422,3.1354942,2.0,0.18490742,21.0
aws-cli/1.11.13 Python/3.5.2 Linux/4.8.0-36-generic botocore/1.4.70,0.024827564,2.4849067,2.0,0.3046361,10.0
[Cyberduck/157.3.203.428184 (Windows 10/10.0) (amd64)],0.02482225,2.1972246,2.0,0.6931472,4.0
aws-cli/2.0.8 Python/3.7.4 Darwin/19.4.0 botocore/2.0.0dev12,0.024813795,3.3672957,2.0,0.15407608,27.0
aws-cli/1.16.60 Python/3.5.2 Linux/4.4.0-139-generic botocore/1.12.50,0.024780182,3.218876,3.0,0.4563344,21.0
aws-cli/1.16.304 Python/3.6.0 Windows/10 botocore/1.13.40,0.02473235,4.6821313,13.0,1.4971255,68.0
aws-cli/1.18.69 Python/3.6.9 Linux/5.4.0-42-generic botocore/1.16.19,0.024655327,4.3307333,9.0,1.087565,55.0
aws-cli/2.0.6 Python/3.7.4 Darwin/19.3.0 botocore/2.0.0dev10,0.024624137,4.4998097,14.0,1.1120197,68.0
[Boto3/1.14.46 Python/3.8.5 Darwin/19.5.0 Botocore/1.17.46 Resource],0.024613194,1.7917595,1.0,0.0,5.0
aws-cli/1.16.300 Python/2.7.18 Linux/4.14.154-128.181.amzn2.x86_64 botocore/1.13.36,0.024600562,2.3978953,7.0,1.8866968,2.0
aws-cli/1.13.0 Python/2.7.9 Windows/8 botocore/1.8.3,0.024580983,2.7725887,2.0,0.24493003,14.0
aws-cli/1.11.181 Python/2.7.9 Windows/7 botocore/1.7.39,0.024580983,2.7725887,2.0,0.24493003,14.0
aws-cli/1.14.7 Python/2.7.6 Linux/4.4.0-101-generic botocore/1.8.11,0.024580983,2.7725887,2.0,0.24493003,14.0
aws-cli/1.16.18 Python/2.7.10 Darwin/15.6.0 botocore/1.12.8,0.024534872,2.3978953,9.0,2.1639557,2.0
aws-cli/1.16.166 Python/3.7.3 Darwin/16.7.0 botocore/1.12.156,0.02452601,1.9459101,2.0,0.6365142,4.0
aws-cli/1.15.14 Python/3.6.5 Darwin/17.5.0 botocore/1.10.14,0.024525287,2.1972246,8.0,2.0794415,1.0
aws-cli/2.0.23 Python/3.8.3 Darwin/19.5.0 botocore/2.0.0dev27,0.024478925,1.9459101,3.0,0.86756325,4.0
aws-cli/2.0.46 Python/3.8.5 Darwin/19.6.0 source/x86_64 command/lambda.get-policy,0.024406755,0.6931472,1.0,0.0,1.0
aws-cli/1.16.247 Python/2.7.17 Darwin/18.7.0 botocore/1.12.237,0.024325749,1.3862944,1.0,0.0,3.0
aws-cli/1.15.14 Python/2.7.9 Windows/8 botocore/1.10.14,0.024324453,3.3672957,3.0,0.40869772,25.0
aws-cli/1.18.14 Python/3.6.0 Windows/10 botocore/1.15.14,0.024289107,2.5649493,11.0,2.3693821,2.0
aws-cli/1.16.212 Python/2.7.10 Darwin/18.7.0 botocore/1.12.202,0.0242833,4.158883,3.0,0.1627648,61.0
aws-cli/1.15.4 Python/2.7.6 Linux/4.4.0-75-generic botocore/1.10.4,0.024256416,3.5263605,4.0,0.80705607,23.0
aws-cli/1.18.16 Python/2.7.17 Linux/5.3.0-40-generic botocore/1.15.16,0.024181224,2.3978953,9.0,2.1639557,2.0
aws-cli/1.16.298 Python/3.7.5 Linux/4.4.0-039049-Microsoft botocore/1.13.34,0.024164662,2.3025851,2.0,0.5297062,7.0
aws-cli/1.14.63 Python/3.5.2 Linux/4.4.0-145-generic botocore/1.9.23,0.024158208,3.2580965,4.0,0.49875847,22.0
aws-cli/1.16.301 Python/3.7.5rc1 Linux/5.2.0-kali3-amd64 botocore/1.13.37,0.024137992,2.3978953,9.0,2.1639557,2.0
aws-cli/1.16.237 Python/3.6.0 Windows/10 botocore/1.12.227,0.024099385,1.9459101,2.0,0.6365142,4.0
aws-cli/1.16.28 Python/3.6.6 Linux/4.15.0-36-generic botocore/1.12.18,0.024045499,3.9702919,2.0,0.09503014,51.0
aws-cli/1.18.86 Python/3.8.3 Linux/5.6.0-kali2-amd64 botocore/1.17.18,0.024039151,3.7841897,9.0,0.9406757,34.0
aws-cli/1.16.244 Python/3.6.4 Darwin/18.7.0 botocore/1.12.234,0.024038622,2.3978953,9.0,2.1639557,2.0
aws-cli/1.10.43 Python/2.7.12 Darwin/15.6.0 botocore/1.4.33,0.024031114,1.0986123,2.0,0.6931472,1.0
aws-cli/1.11.58 Python/3.6.0 Linux/4.9.11-1-ARCH botocore/1.5.21,0.024031114,1.0986123,2.0,0.6931472,1.0
aws-cli/1.16.72 Python/2.7.16 Darwin/19.5.0 botocore/1.12.62,0.024019556,3.8918202,11.0,1.2057126,34.0
aws-cli/1.16.40 Python/3.7.0 Darwin/17.7.0 botocore/1.12.30,0.024002708,2.4849067,2.0,0.3046361,10.0
aws-cli/1.16.84 Python/2.7.15+ Linux/4.16.0-kali2-amd64 botocore/1.12.74,0.023973737,2.1972246,7.0,1.9061546,2.0
aws-cli/1.14.41 Python/3.5.2 Linux/4.4.0-112-generic botocore/1.8.45,0.023969328,2.4849067,9.0,2.1458418,2.0
aws-cli/1.14.51 Python/2.7.16 Darwin/19.3.0 botocore/1.9.4,0.023957713,1.0986123,2.0,0.6931472,1.0
aws-cli/1.16.111 Python/3.7.6 Linux/5.4.21-100.fc30.x86_64 botocore/1.12.101,0.023957713,1.0986123,2.0,0.6931472,1.0
aws-cli/1.11.13 Python/3.5.2 Linux/4.4.0-1052-aws botocore/1.4.70,0.023904407,3.8501475,12.0,1.44841,30.0
aws-cli/1.11.66 Python/2.7.13 Linux/4.6.0-kali1-amd64 botocore/1.5.29,0.02385183,2.3978953,9.0,2.1639557,2.0
aws-cli/1.16.144 Python/3.7.3 Darwin/19.0.0 botocore/1.13.23,0.02384287,3.4339871,14.0,2.013566,14.0
aws-cli/1.14.44 Python/3.6.8 Linux/4.15.0-64-generic botocore/1.12.201,0.023775963,3.7612002,13.0,2.188318,13.0
AWSPowerShell/252.6.234.251 .NET_Runtime/3.-1 .NET_Framework/Unknown OS/Unix_218.3.3.1 WindowsPowerShell/7.-1 ClientSync,0.023726411,3.871201,10.0,1.9354659,16.0
aws-cli/1.11.112 Python/2.7.13 Darwin/16.6.0 botocore/1.5.75,0.023711039,2.0794415,5.0,1.5498261,2.0
aws-cli/1.16.242 Python/3.6.0 Windows/10 botocore/1.12.232,0.023670793,3.6888795,9.0,1.088583,29.0
aws-cli/1.14.33 Python/2.7.15+ Linux/4.15.0-54-generic botocore/1.12.7,0.02366287,1.9459101,2.0,0.6365142,4.0
aws-cli/1.18.93 Python/3.8.2 Linux/4.4.0-76667-Microsoft botocore/1.17.16,0.023658648,2.3978953,9.0,2.1639557,2.0
Boto3/1.9.152 Python/3.6.7 Linux/4.15.0-50-generic Botocore/1.12.152,0.023657711,1.609438,2.0,0.6931472,2.0
awslambda-worker/1.0 rusoto/0.42.0 rust/1.45.2 linux,0.023584733,4.3694477,1.0,0.0,78.0
aws-cli/1.16.166 Python/3.6.8 Linux/4.19.0-kali3-amd64 botocore/1.12.156,0.023552766,4.1431346,2.0,0.3179368,56.0
awslambda-worker/1.0 rusoto/0.42.0 rust/1.46.0 linux,0.023549255,3.7612002,1.0,0.0,42.0
aws-cli/1.16.140 Python/3.4.7 Linux/4.9.137-0.1.ac.218.74.329.metal1.x86_64 botocore/1.12.130,0.023514306,2.8332133,2.0,0.56233513,12.0
aws-cli/1.16.102 Python/2.7.16 Linux/4.14.133-88.112.amzn1.x86_64 botocore/1.12.92,0.023499075,3.7612002,4.0,0.67249644,34.0
aws-cli/1.11.56 Python/2.7.9 Windows/7 botocore/1.5.19,0.023472246,3.713572,9.0,1.9935749,14.0
aws-cli/1.18.49 Python/3.6.8 Linux/4.4.0-039049-Microsoft botocore/1.15.49,0.023464374,4.1743875,2.0,0.08048484,63.0
aws-cli/1.11.112 Python/2.7.10 Darwin/16.7.0 botocore/1.5.75,0.023453547,4.624973,19.0,1.5951303,66.0
aws-cli/1.16.300 Python/3.7.5 Darwin/19.0.0 botocore/1.13.36,0.023425806,4.060443,3.0,0.17632626,55.0
aws-cli/1.16.138 Python/3.6.8 Linux/5.0.0-31-generic botocore/1.12.128,0.023407757,1.3862944,2.0,0.6365142,2.0
aws-cli/1.16.97 Python/3.6.0 Windows/10 botocore/1.12.87,0.023366999,4.5108595,9.0,1.3901751,58.0
aws-cli/1.16.298 Python/2.7.16 Windows/2012ServerR2 botocore/1.13.34,0.023330169,3.5263605,2.0,0.22863187,31.0
Botocore/1.12.144 Python/2.7.15rc1 Linux/4.15.0-47-generic,0.023295099,1.9459101,2.0,0.6365142,4.0
aws-cli/1.16.1 Python/3.7.0 Darwin/17.7.0 botocore/1.11.1,0.023277033,3.3672957,4.0,0.5586478,24.0
aws-cli/2.0.10 Python/3.7.5 Windows/10 botocore/2.0.0dev14,0.023241566,3.871201,9.0,0.93738586,37.0
aws-cli/1.16.110 Python/3.7.2 Darwin/18.2.0 botocore/1.12.100,0.023232177,4.7095304,13.0,1.3087134,78.0
aws-cli/1.14.28 Python/2.7.11 Darwin/17.3.0 botocore/1.8.32,0.023230901,3.1354942,2.0,0.18490742,21.0
aws-cli/1.11.129 Python/2.7.8 Linux/3.2.45-0.6.acc.624.45.283.amzn1acc.x86_64 botocore/1.5.92,0.023224136,3.4011974,3.0,0.3984405,26.0
aws-cli/1.16.193 Python/2.7.16 Linux/4.19.0-kali5-amd64 botocore/1.12.183,0.023221105,2.5649493,3.0,1.0114043,6.0
aws-cli/1.18.35 Python/2.7.17 Linux/5.4.0-kali3-amd64 botocore/1.15.35,0.023159785,5.117994,9.0,0.53383005,149.0
[aws-sdk-ruby3/3.102.1 ruby/2.7.1 x86_64-linux-gnu aws-sdk-s3/1.71.0],0.023155365,3.8286414,2.0,0.3488321,40.0
aws-cli/1.15.80 Python/3.7.0 Darwin/18.0.0 botocore/1.10.79,0.023130808,3.3672957,12.0,2.019692,12.0
aws-cli/2.0.24 Python/3.8.3 Darwin/18.7.0 botocore/2.0.0dev28,0.023119073,3.295837,11.0,1.8156648,13.0
aws-cli/2.0.41 Python/3.7.3 Linux/5.2.0-kali3-amd64 exe/x86_64.kali.2019 command/iam.list-attached-user-policies,0.023066105,0.6931472,1.0,0.0,1.0
aws-cli/1.18.74 Python/3.8.0 Darwin/19.5.0 botocore/1.16.24,0.023062946,3.988984,2.0,0.09359995,52.0
aws-cli/1.18.13 Python/2.7.16 Linux/4.14.177-107.254.amzn1.x86_64 botocore/1.15.13,0.022886503,4.1431346,9.0,1.051957,47.0
[Boto3/1.4.4 Python/2.7.13 Darwin/16.7.0 Botocore/1.5.49],0.022865891,2.1972246,2.0,0.56233513,6.0
[aws-cli/1.11.13 Python/3.5.3 Linux/4.9.0-8-amd64 botocore/1.4.70],0.022841725,3.7841897,1.0,0.0,43.0
aws-cli/1.11.44 Python/2.7.12 Darwin/16.7.0 botocore/1.7.3,0.02283387,2.4849067,1.0,0.0,11.0
[aws-cli/2.0.30 Python/3.7.7 Windows/10 botocore/2.0.0dev34],0.022817781,1.3862944,1.0,0.0,3.0
aws-cli/1.18.86 Python/2.7.16 Linux/4.19.0-kali4-amd64 botocore/1.17.9,0.022754772,2.0794415,4.0,1.2770343,3.0
aws-cli/1.17.7 Python/3.6.9 Linux/4.15.0-66-generic botocore/1.14.7,0.022727326,3.8066626,13.0,1.333283,31.0
aws-cli/1.16.308 Python/3.7.6 Linux/5.5.8-100.fc30.x86_64 botocore/1.13.44,0.022651883,4.158883,2.0,0.08151041,62.0
aws-cli/1.16.309 Python/3.6.0 Windows/10 botocore/1.13.45,0.022549605,2.7080503,10.0,2.1682236,3.0
aws-cli/1.18.69 Python/3.6.0 Windows/10 botocore/1.16.19,0.02247473,4.1108737,2.0,0.08476606,59.0
aws-cli/2.0.8 Python/3.7.5 Windows/10 botocore/2.0.0dev12,0.022462554,2.7725887,10.0,2.1761856,3.0
aws-cli/1.14.32 Python/2.7.10 Darwin/16.7.0 botocore/1.8.36,0.022457298,2.3978953,9.0,2.1639557,2.0
aws-cli/1.18.97 Python/3.8.2 Linux/5.4.0-40-generic botocore/1.17.20,0.022450712,4.060443,13.0,2.0569274,23.0
aws-cli/1.16.209 Python/2.7.16 Windows/10 botocore/1.12.199,0.022427201,2.5649493,3.0,1.0114043,6.0
aws-cli/1.16.1 Python/3.6.2 Windows/10 botocore/1.11.1,0.022419488,2.6390574,9.0,2.0317593,4.0
aws-cli/1.16.92 Python/2.7.13 Linux/4.9.0-kali3-amd64 botocore/1.12.82,0.022414636,3.1354942,2.0,0.18490742,21.0
aws-cli/1.15.79 Python/3.6.4 Linux/4.9.0-kali3-amd64 botocore/1.10.78,0.022388827,3.295837,2.0,0.16302365,25.0
aws-cli/1.16.290 Python/3.7.5 Darwin/18.7.0 botocore/1.13.26,0.022385973,4.8202815,10.0,0.4888696,112.0
aws-cli/2.0.10 Python/3.7.4 Darwin/19.5.0 botocore/2.0.0dev14,0.02237814,1.0986123,2.0,0.6931472,1.0
aws-cli/1.11.13 Python/3.5.2 Linux/4.4.0-38-generic botocore/1.4.70,0.022351231,2.944439,10.0,2.0620697,6.0
aws-cli/1.11.38 Python/3.6.0 Darwin/18.2.0 botocore/1.5.1,0.022320502,1.3862944,1.0,0.0,3.0
aws-cli/1.15.71 Python/2.7.10 Darwin/17.7.0 botocore/1.10.70,0.022307852,4.2341065,2.0,0.07664882,67.0
aws-cli/1.11.93 Python/2.7.6 Linux/3.16.0-30-generic botocore/1.5.56,0.022300199,2.7080503,4.0,0.8953327,10.0
aws-cli/1.11.133 Python/3.6.4 Linux/4.15.7-300.fc27.x86_64 botocore/1.6.0,0.022175565,3.0910425,5.0,0.86605984,16.0
aws-cli/1.11.44 Python/2.7.6 Linux/3.4.0+ botocore/1.5.7,0.022108344,1.9459101,6.0,1.7917594,1.0
aws-cli/1.16.81 Python/3.7.2+ Linux/4.19.0-kali3-amd64 botocore/1.12.71,0.022104397,4.2341065,9.0,1.0348749,52.0
aws-sdk-dotnet-45/222.84.251.21 aws-sdk-dotnet-core/45.2.244.255 .NET_Runtime/4.0 .NET_Framework/4.0 OS/Microsoft_Windows_NT_6.2.9200.0 ClientSync,0.022101209,0.6931472,1.0,0.0,1.0
aws-cli/1.18.92 Python/2.7.17 Linux/5.3.0-62-generic botocore/1.17.15,0.022087878,2.3978953,9.0,2.1639557,2.0
Boto3/1.9.120 Python/2.7.15+ Linux/4.9.125-linuxkit Botocore/1.12.130,0.022053044,6.98379,44.0,3.5536957,64.0
aws-cli/1.16.210 Python/2.7.15+ Linux/5.0.0-32-generic botocore/1.12.200,0.022030318,4.1431346,3.0,0.36153948,56.0
aws-sdk-go/1.26.5 (go1.13.4; windows; amd64) APN/1.0 HashiCorp/1.0 Terraform/0.11+compatible (+https://www.terraform.io),0.02196011,2.3025851,2.0,0.6365142,6.0
aws-cli/1.11.82 Python/2.7.6 Linux/4.4.0-66-generic botocore/1.5.45,0.021949986,2.8903718,2.0,0.36221057,15.0
aws-cli/1.11.128 Python/2.7.12 Linux/4.4.0-96-generic botocore/1.5.91,0.021821566,2.6390574,9.0,2.1383972,2.0
aws-cli/1.17.10 Python/3.8.1 Darwin/19.4.0 botocore/1.14.10,0.021764124,4.158883,2.0,0.08151041,62.0
aws-cli/1.18.16 Python/2.7.17 Linux/4.14.171-1-MANJARO botocore/1.15.16,0.021731647,2.6390574,9.0,2.0317593,4.0
aws-cli/1.18.133 Python/2.7.18 Linux/5.5.0-kali2-686-pae botocore/1.17.56,0.02172253,2.944439,12.0,2.322188,4.0
aws-cli/1.14.44 Python/3.6.6 Linux/4.15.0-38-generic botocore/1.8.48,0.021717804,4.6634393,10.0,0.8109826,87.0
aws-cli/2.0.53 Python/3.7.3 Linux/5.7.0-kali3-amd64 exe/x86_64.kali.2020 command/iam.get-user,0.021676652,0.6931472,1.0,0.0,1.0
aws-cli/1.16.286 Python/3.6.1 Darwin/19.5.0 botocore/1.13.22,0.021638645,2.7725887,2.0,0.39267448,13.0
aws-cli/2.0.42 Python/3.7.3 Linux/5.4.0-42-generic exe/x86_64.ubuntu.18 command/iam.list-attached-user-policies,0.021635342,0.6931472,1.0,0.0,1.0
aws-cli/1.18.48 Python/2.7.10 Darwin/18.7.0 botocore/1.15.48,0.021632878,3.6635616,2.0,0.2761909,35.0
aws-cli/1.11.124 Python/2.7.9 Windows/8 botocore/1.5.87,0.021562792,2.3025851,8.0,2.043192,2.0
aws-cli/1.11.84 Python/3.6.1 Linux/4.10.13-1-ARCH botocore/1.5.47,0.021544678,1.9459101,5.0,1.5607103,2.0
aws-cli/1.14.5 Python/2.7.14 Linux/4.14.13-300.fc27.x86_64 botocore/1.8.16,0.021512559,2.8903718,2.0,0.22371808,16.0
aws-cli/1.15.76 Python/2.7.15 Darwin/18.0.0 botocore/1.12.4,0.021474801,4.2341065,9.0,1.0348749,52.0
[aws-cli/1.9.20 Python/2.7.6 Linux/3.13.0-83-generic botocore/1.3.20],0.021456765,1.9459101,2.0,0.45056123,5.0
aws-cli/1.11.82 Python/2.7.10 Darwin/16.5.0 botocore/1.5.45,0.021455264,3.295837,11.0,1.9568824,11.0
aws-cli/1.11.44 Python/3.5.3+ Linux/4.11.6-towo.2-siduction-amd64 botocore/1.5.7,0.021413775,2.5649493,2.0,0.28683597,11.0
Boto3/1.7.42 Python/2.7.15rc1 Linux/4.14.0-kali3-amd64 Botocore/1.10.42,0.021347057,6.899723,55.0,3.6319728,60.0
aws-cli/1.10.50 Python/2.7.12 Darwin/16.6.0 botocore/1.5.76,0.021336554,1.3862944,2.0,0.6365142,2.0
aws-cli/1.11.138 Python/2.7.16 Darwin/19.2.0 botocore/1.6.5,0.02127795,4.1271343,2.0,0.08364968,60.0
[aws-cli/1.10.25 Python/2.7.10 Darwin/15.6.0 botocore/1.4.16],0.02123285,2.4849067,4.0,1.0335621,7.0
aws-cli/1.14.50 Python/2.7.14+ Linux/4.14.0-kali3-amd64 botocore/1.9.3,0.02121888,3.9702919,3.0,0.3144459,48.0
aws-cli/1.16.139 Python/3.6.3rc1+ Linux/4.16.18-130_fbk12_4448_g0a4ef6be8874 botocore/1.12.129,0.021166172,4.0430512,2.0,0.25731868,52.0
aws-cli/2.0.49 Python/3.7.4 Darwin/19.6.0 exe/x86_64 command/iam.list-roles,0.021163253,1.7917595,1.0,0.0,5.0
aws-cli/2.0.38 Python/3.7.4 Darwin/19.6.0 exe/x86_64 command/iam.list-roles,0.021163253,1.7917595,1.0,0.0,5.0
aws-cli/1.18.47 Python/2.7.16 Linux/4.19.0-kali5-amd64 botocore/1.15.47,0.021141356,1.7917595,4.0,1.3321791,2.0
aws-cli/2.0.10 Python/3.8.3 Darwin/18.7.0 botocore/2.0.0dev14,0.021051174,4.2341065,2.0,0.07664882,67.0
aws-cli/1.11.76 Python/2.7.11 Windows/10 botocore/1.5.39,0.02103106,1.3862944,2.0,0.6365142,2.0
aws-cli/1.16.300 Python/2.7.16 Linux/4.14.165-133.209.amzn2.x86_64 botocore/1.13.36,0.02102734,4.4426513,8.0,0.71635807,71.0
aws-cli/1.11.131 Python/2.7.10 Darwin/16.7.0 botocore/1.5.94,0.021025129,2.8332133,9.0,1.8346096,7.0
aws-cli/1.16.43 Python/3.6.0 Windows/8.1 botocore/1.12.33,0.021007998,3.1354942,2.0,0.18490742,21.0
aws-cli/1.16.215 Python/2.7.10 Darwin/17.7.0 botocore/1.12.205,0.02099178,4.2341065,8.0,1.0779934,50.0
aws-cli/1.15.83 Python/2.7.14 Linux/4.14.62-65.117.amzn1.x86_64 botocore/1.10.82,0.020958714,3.3672957,3.0,0.6161287,22.0
aws-cli/1.16.292 Python/3.7.5 Darwin/18.7.0 botocore/1.13.28,0.020945292,4.26268,8.0,0.5732292,62.0
aws-cli/1.18.20 Python/3.8.2 Darwin/19.4.0 botocore/1.15.20,0.020943902,4.454347,15.0,1.659194,51.0
aws-cli/1.14.34 Python/3.6.4 Darwin/17.4.0 botocore/1.8.40,0.020924086,2.7725887,2.0,0.39267448,13.0
aws-cli/1.16.81 Python/3.7.2+ Linux/4.4.78-perf+ botocore/1.12.71,0.020921836,4.3438053,2.0,0.12169242,74.0
aws-cli/1.16.149 Python/2.7.16 Darwin/17.7.0 botocore/1.12.139,0.020921836,4.3438053,2.0,0.12169242,74.0
aws-cli/1.18.6 Python/3.6.9 Linux/5.3.0-40-generic botocore/1.15.6,0.02090594,5.4553213,9.0,0.43131045,215.0
aws-cli/1.16.274 Python/3.6.0 Windows/10 botocore/1.13.10,0.020834502,1.3862944,2.0,0.6365142,2.0
aws-cli/1.11.24 Python/2.7.14 Linux/4.13.0-kali1-amd64 botocore/1.7.28,0.020813204,3.6888795,11.0,1.4651581,23.0
aws-cli/2.0.37 Python/3.7.4 Darwin/19.6.0 exe/x86_64 command/iam.list-attached-user-policies,0.020753302,0.6931472,1.0,0.0,1.0
aws-cli/1.16.184 Python/3.7.4 Linux/5.2.9-200.fc30.x86_64 botocore/1.12.174,0.02068208,3.583519,9.0,1.0954393,26.0
aws-cli/1.16.92 Python/2.7.10 Darwin/18.2.0 botocore/1.12.82,0.020598475,3.3322046,5.0,0.7258654,22.0
aws-cli/1.16.126 Python/3.6.5 Windows/10 botocore/1.12.154,0.0205981,4.59512,2.0,0.09962338,96.0
[aws-cli/1.16.131 Python/3.7.1 Darwin/18.7.0 botocore/1.12.121],0.020529652,2.1972246,2.0,0.56233513,6.0
aws-cli/1.14.50 Python/3.6.6 Linux/4.18.14-200.fc28.x86_64 botocore/1.9.1,0.020454358,3.3672957,2.0,0.15407608,27.0
aws-cli/1.14.24 Python/2.7.14 CYGWIN_NT-10.0/2.9.0(0.318/5/3) botocore/1.8.28,0.02043775,2.8903718,2.0,0.36221057,15.0
aws-cli/2.0.28 Python/3.8.3 Darwin/19.6.0 botocore/2.0.0dev32,0.020406097,4.1271343,3.0,0.2874884,57.0
aws-cli/1.16.38 Python/3.6.5 Darwin/17.7.0 botocore/1.12.28,0.020399263,4.454347,3.0,0.17515394,82.0
aws-cli/1.11.13 Python/3.5.2 Linux/4.4.0-127-generic botocore/1.4.70,0.02039132,3.7841897,9.0,1.5351272,25.0
aws-cli/1.11.45 Python/3.5.2 Darwin/15.6.0 botocore/1.5.11,0.020379838,2.9957323,8.0,1.4832209,11.0
[aws-cli/1.16.193 Python/2.7.5 Linux/3.10.0-957.21.3.el7.x86_64 botocore/1.12.183],0.020353366,2.1972246,2.0,0.56233513,6.0
aws-cli/1.10.58 Python/2.7.12 Linux/4.4.0-97-generic botocore/1.4.48,0.02028999,3.637586,11.0,2.0561378,12.0
aws-cli/1.16.264 Python/3.6.6 Linux/4.14.0-kali3-amd64 botocore/1.13.0,0.020289214,1.7917595,4.0,1.3321791,2.0
aws-cli/1.15.50 Python/3.7.0 Darwin/17.7.0 botocore/1.10.49,0.020185955,4.882802,10.0,0.7140721,112.0
aws-cli/1.16.174 Python/2.7.18rc1 Linux/5.4.0-kali4-amd64 botocore/1.12.164,0.020184351,4.1431346,2.0,0.08256492,61.0
aws-cli/1.16.87 Python/2.7.15 Darwin/18.2.0 botocore/1.12.77,0.020176053,4.0775375,9.0,0.74862427,49.0
aws-cli/1.16.136 Python/3.7.3 Linux/5.0.7-arch1-1-ARCH botocore/1.12.126,0.02012227,3.6109178,2.0,0.21455918,34.0
aws-cli/1.10.33 Python/2.7.9 Windows/7 botocore/1.4.23,0.020101255,1.3862944,2.0,0.6365142,2.0
aws-cli/1.16.229 Python/3.7.4 Darwin/18.7.0 botocore/1.12.219,0.020081557,2.1972246,4.0,1.2130076,4.0
aws-cli/1.16.32 Python/3.6.0 Windows/10 botocore/1.12.22,0.020028895,3.8286414,3.0,0.2873643,42.0
aws-cli/1.10.56 Python/2.7.12 Linux/4.4.19-29.55.amzn1.x86_64 botocore/1.4.46,0.019992111,2.9957323,9.0,1.9081339,7.0
aws-cli/1.16.26 Python/3.6.5rc1 Linux/4.16.0-parrot12-amd64 botocore/1.12.16,0.019988043,3.1354942,2.0,0.18490742,21.0
aws-cli/1.15.10 Python/3.6.2 Windows/10 botocore/1.10.10,0.019981835,3.2580965,3.0,0.7841676,18.0
aws-cli/1.11.112 Python/2.7.10 Darwin/16.6.0 botocore/1.5.75,0.019945098,4.26268,19.0,1.9692675,38.0
aws-cli/1.16.96 Python/2.7.14 Darwin/18.2.0 botocore/1.12.86,0.01993857,1.9459101,2.0,0.6365142,4.0
aws-cli/2.0.26 Python/3.7.7 Windows/10 botocore/2.0.0dev30,0.01993646,3.637586,2.0,0.21028343,35.0
aws-cli/1.16.79 Python/2.7.15 Darwin/18.2.0 botocore/1.12.69,0.019917374,3.218876,2.0,0.28683597,22.0
[aws-cli/1.11.44 Python/3.5.3 Linux/4.10.0-11-generic botocore/1.5.7],0.019888144,1.9459101,2.0,0.45056123,5.0
aws-cli/1.16.240 Python/2.7.12 Linux/4.15.0-58-generic botocore/1.12.230,0.019865356,3.3322046,2.0,0.15841055,26.0
"Mozilla/5.0 (Macintosh; Intel Mac OS X 10_13_6) AppleWebKit/537.36 (KHTML, like Gecko) Chrome/70.0.3538.110 Safari/537.36",0.019844072,0.6931472,1.0,0.0,1.0
"Mozilla/5.0 (Macintosh; Intel Mac OS X 10_13_6) AppleWebKit/537.36 (KHTML, like Gecko) Chrome/70.0.3538.77 Safari/537.36",0.019844072,0.6931472,1.0,0.0,1.0
Mozilla/5.0 (X11; Linux x86_64; rv:68.0) Gecko/967662 Firefox/68.0,0.019844072,0.6931472,1.0,0.0,1.0
"Mozilla/5.0 (Macintosh; Intel Mac OS X 10_15_6) AppleWebKit/537.36 (KHTML, like Gecko) Chrome/84.0.4147.105 Safari/537.36",0.019844072,0.6931472,1.0,0.0,1.0
Mozilla/5.0 (Macintosh; Intel Mac OS X 10.12; rv:68.0) Gecko/967662 Firefox/68.0,0.019844072,0.6931472,1.0,0.0,1.0
"Mozilla/5.0 (Macintosh; Intel Mac OS X 10_13_6) AppleWebKit/537.36 (KHTML, like Gecko) Chrome/70.0.3538.67 Safari/537.36",0.019844072,0.6931472,1.0,0.0,1.0
aws-cli/1.18.109 Python/3.8.5 Linux/5.7.10-201.fc32.x86_64 botocore/1.17.32,0.019836202,4.543295,2.0,0.05943229,92.0
aws-cli/1.16.94 Python/2.7.15 Darwin/18.2.0 botocore/1.12.84,0.019778393,4.5217886,2.0,0.060498297,90.0
aws-cli/1.11.115 Python/2.7.13 Linux/4.9.0-kali4-amd64 botocore/1.5.78,0.019768074,1.7917595,3.0,1.0549202,2.0
aws-cli/1.11.56 Python/2.7.10 Darwin/15.6.0 botocore/1.5.19,0.01969866,3.4011974,5.0,0.8609143,22.0
aws-cli/1.14.44 Python/3.6.8 Linux/5.0.0-31-generic botocore/1.8.48,0.019583974,3.7841897,9.0,1.1565773,31.0
aws-cli/2.0.39 Python/3.7.7 Windows/10 exe/AMD64 command/iam.get-user,0.019577486,0.6931472,1.0,0.0,1.0
aws-cli/1.15.15 Python/3.6.6 Linux/4.16.0-kali2-amd64 botocore/1.10.55,0.01956756,3.2580965,2.0,0.27876934,23.0
aws-cli/1.15.56 Python/2.7.9 Windows/8 botocore/1.10.55,0.01956756,3.2580965,2.0,0.27876934,23.0
aws-cli/1.16.46 Python/3.5.2 Linux/4.15.0-36-generic botocore/1.12.36,0.01956545,2.8903718,2.0,0.36221057,15.0
aws-cli/1.14.23 Python/2.7.6 Linux/3.19.0-80-generic botocore/1.8.27,0.01952563,2.8903718,2.0,0.36221057,15.0
aws-cli/1.11.13 Python/3.5.2+ Linux/4.6.0-kali1-amd64 botocore/1.4.70,0.019500462,3.9318256,3.0,0.32375616,46.0
aws-cli/1.16.33 Python/2.7.15+ Linux/4.18.0-kali2-amd64 botocore/1.12.23,0.019492153,2.7080503,2.0,0.4101163,12.0
aws-cli/1.16.40 Python/3.7.0 Darwin/18.0.0 botocore/1.12.30,0.019477237,2.944439,2.0,0.3488321,16.0
aws-cli/1.16.81 Python/2.7.15 Darwin/18.2.0 botocore/1.12.71,0.019356007,4.060443,17.0,2.3932676,17.0
aws-cli/1.15.3 Python/2.7.9 CYGWIN_NT-6.1/2.0.2(0.287/5/3) botocore/1.10.3,0.019350614,2.944439,2.0,0.21455918,17.0
aws-cli/1.16.310 Python/3.7.6 Darwin/19.2.0 botocore/1.13.46,0.019317029,1.7917595,3.0,0.95027053,3.0
aws-cli/1.16.290 Python/3.7.5 Darwin/19.3.0 botocore/1.13.26,0.019316046,2.1972246,7.0,1.9061546,2.0
aws-cli/1.16.104 Python/3.6.0 Windows/7 botocore/1.12.94,0.019299526,1.609438,2.0,0.6931472,2.0
aws-cli/1.16.106 Python/3.7.2 Linux/4.20.8-200.fc29.x86_64 botocore/1.12.96,0.019299526,1.609438,2.0,0.6931472,2.0
aws-cli/1.16.106 Python/3.6.7 Linux/4.15.0-45-generic botocore/1.12.96,0.019299526,1.609438,2.0,0.6931472,2.0
aws-cli/1.16.106 Python/3.6.8 Windows/10 botocore/1.12.96,0.019299526,1.609438,2.0,0.6931472,2.0
aws-cli/1.16.248 Python/2.7.13 Linux/4.12.0-kali2-686 botocore/1.12.238,0.01929393,3.7376697,9.0,1.196578,29.0
aws-cli/1.18.8 Python/2.7.10 Darwin/16.7.0 botocore/1.15.8,0.019293077,4.8598123,2.0,0.08048484,126.0
aws-cli/1.16.19 Python/2.7.15 Linux/4.15.0-34-generic botocore/1.12.9,0.019288924,3.988984,6.0,0.7407619,43.0
aws-cli/1.11.56 Python/2.7.12 Linux/4.8.0-36-generic botocore/1.5.19,0.019287026,3.0910425,1.0,0.0,21.0
aws-cli/1.16.47 Python/2.7.11 Windows/10 botocore/1.12.37,0.019283613,1.0986123,2.0,0.6931472,1.0
aws-cli/1.17.2 Python/2.7.16 Linux/4.19.0-kali5-amd64 botocore/1.14.2,0.019283613,1.0986123,2.0,0.6931472,1.0
aws-cli/1.17.0 Python/3.6.10 Linux/4.4.0-76667-Microsoft botocore/1.14.0,0.019283613,1.0986123,2.0,0.6931472,1.0
aws-cli/1.17.9 Python/3.7.6 Linux/5.4.10-200.fc31.x86_64 botocore/1.14.9,0.019283613,1.0986123,2.0,0.6931472,1.0
aws-cli/1.16.184 Python/2.7.15 Darwin/18.7.0 botocore/1.12.174,0.019283613,1.0986123,2.0,0.6931472,1.0
aws-cli/1.17.1 Python/3.7.3 Linux/4.4.0-039049-Microsoft botocore/1.14.1,0.019283613,1.0986123,2.0,0.6931472,1.0
aws-cli/1.16.46 Python/3.6.0 Windows/10 botocore/1.12.36,0.019283613,1.0986123,2.0,0.6931472,1.0
aws-cli/1.18.99 Python/3.8.4 Linux/5.5.0-kali2-amd64 botocore/1.17.6,0.01927143,4.4308167,9.0,0.75269353,69.0
aws-cli/1.16.189 Python/2.7.16 Windows/10 botocore/1.12.179,0.01926203,3.9702919,2.0,0.16302365,50.0
aws-cli/1.15.40 Python/2.7.12 Linux/4.4.0-116-generic botocore/1.10.40,0.019251164,1.9459101,2.0,0.6365142,4.0
aws-cli/1.11.44 Python/3.5.3 Linux/4.10.0-21-generic botocore/1.5.7,0.019251049,2.5649493,9.0,2.094729,3.0
[aws-cli/1.16.176 Python/3.7.3rc1 Linux/4.19.0-kali4-amd64 botocore/1.12.166],0.019248085,3.6635616,1.0,0.0,38.0
aws-cli/1.17.4 Python/2.7.17 Linux/5.3.0-19-generic botocore/1.14.4,0.019245252,2.5649493,8.0,2.0228086,2.0
aws-sdk-nodejs/2.455.0 win32/v12.2.0 callback,0.01923571,1.3862944,1.0,0.0,3.0
aws-cli/1.15.15 Python/3.6.5rc1 Linux/4.15.0-kali3-686-pae botocore/1.10.15,0.01909872,2.944439,2.0,0.21455918,17.0
aws-cli/1.16.140 Python/2.7.16 Linux/4.19.0-4-amd64 botocore/1.12.130,0.019094605,4.8598123,6.0,0.45744574,116.0
aws-cli/1.16.210 Python/3.7.4 Darwin/19.0.0 botocore/1.12.200,0.019066002,2.3978953,4.0,1.3661588,3.0
aws-cli/1.14.50 Python/2.7.14 Darwin/17.4.0 botocore/1.9.3,0.018997496,4.8202815,3.0,0.09437413,121.0
aws-cli/1.14.42 Python/2.7.10 Darwin/17.4.0 botocore/1.8.46,0.018967846,1.0986123,2.0,0.6931472,1.0
aws-cli/1.14.53 Python/2.7.12 Linux/4.13.0-36-generic botocore/1.9.6,0.018967846,1.0986123,2.0,0.6931472,1.0
aws-cli/1.14.23 Python/2.7.12 Linux/4.13.0-36-generic botocore/1.8.27,0.018967846,1.0986123,2.0,0.6931472,1.0
aws-cli/1.15.65 Python/2.7.10 Darwin/17.7.0 botocore/1.10.64,0.018967846,1.0986123,2.0,0.6931472,1.0
aws-cli/1.15.77 Python/2.7.9 Windows/8 botocore/1.10.76,0.018967846,1.0986123,2.0,0.6931472,1.0
aws-cli/2.0.10 Python/3.7.4 Darwin/17.7.0 botocore/2.0.0dev14,0.018945817,1.609438,3.0,1.0397208,2.0
[Boto3/1.8.7 Python/2.7.15 Linux/4.4.0-43-Microsoft Botocore/1.11.7],0.018940523,2.0794415,1.0,0.0,7.0
aws-cli/2.0.42 Python/3.7.3 Linux/5.7.0-kali1-amd64 exe/x86_64.kali.2020 command/iam.get-user,0.018863719,0.6931472,1.0,0.0,1.0
aws-cli/1.16.206 Python/2.7.15 Darwin/18.6.0 botocore/1.12.196,0.01880215,3.4339871,9.0,1.9867315,10.0
[aws-cli/1.11.63 Python/2.7.13 Darwin/15.6.0 botocore/1.5.26],0.018762935,1.9459101,2.0,0.45056123,5.0
aws-cli/1.16.283 Python/3.7.5 Linux/5.3.0-kali2-amd64 botocore/1.12.241,0.018732827,3.1354942,3.0,0.36764944,20.0
[Boto3/1.4.4 Python/3.6.1 Windows/7 Botocore/1.5.82],0.01866299,1.9459101,2.0,0.45056123,5.0
aws-cli/2.0.49 Python/3.7.4 Darwin/19.6.0 exe/x86_64 command/lambda.get-policy,0.018656027,1.3862944,1.0,0.0,3.0
aws-cli/1.16.92 Python/3.6.8 Linux/4.19.0-kali1-686-pae botocore/1.12.82,0.018615905,3.5553482,10.0,1.3083545,23.0
aws-cli/1.16.51 Python/2.7.15 Darwin/16.6.0 botocore/1.12.41,0.01859086,3.4965076,9.0,1.2540009,22.0
aws-cli/1.11.13 Python/3.5.2 Linux/4.9.11-455063-generic botocore/1.4.70,0.018531602,1.3862944,2.0,0.6365142,2.0
aws-cli/1.16.232 Python/3.7.3 Darwin/18.7.0 botocore/1.12.222,0.018526444,1.0986123,2.0,0.6931472,1.0
aws-cli/1.11.97 Python/2.7.9 Linux/3.16.0-4-amd64 botocore/1.5.60,0.01850821,2.4849067,1.0,0.0,11.0
aws-cli/1.17.5 Python/2.7.10 Darwin/18.7.0 botocore/1.14.5,0.018508049,2.8332133,9.0,1.8346096,7.0
aws-cli/1.11.45 Python/2.7.10 Darwin/17.4.0 botocore/1.5.8,0.018480962,3.3672957,2.0,0.15407608,27.0
"Mozilla/5.0 (Macintosh; Intel Mac OS X 10_15_4) AppleWebKit/537.36 (KHTML, like Gecko) Chrome/81.0.4044.138 Safari/537.36",0.018435424,0.6931472,1.0,0.0,1.0
aws-cli/1.16.88 Python/2.7.15+ Linux/4.18.0-kali3-amd64 botocore/1.12.78,0.018426852,3.218876,2.0,0.28683597,22.0
[aws-cli/1.14.32 Python/2.7.12 Linux/4.4.0-112-generic botocore/1.8.36],0.018387139,2.4849067,3.0,0.6001661,9.0
aws-cli/1.16.246 Python/3.7.3rc1 Linux/4.19.0-kali4-amd64 botocore/1.12.236,0.018383041,3.7612002,9.0,1.2226804,29.0
aws-cli/1.11.74 Python/2.7.10 Darwin/17.2.0 botocore/1.5.37,0.018363716,3.8501475,2.0,0.10473244,45.0
aws-cli/1.16.161 Python/3.7.3 Darwin/18.2.0 botocore/1.12.151,0.018341761,4.59512,2.0,0.09962338,96.0
aws-cli/1.16.183 Python/3.6.8 Linux/4.19.0-kali1-amd64 botocore/1.12.173,0.018341761,4.59512,2.0,0.09962338,96.0
aws-cli/1.16.165 Python/2.7.16 Linux/4.19.0-kali5-amd64 botocore/1.12.155,0.018232789,1.609438,2.0,0.6931472,2.0
aws-cli/1.11.113 Python/2.7.10 Darwin/16.6.0 botocore/1.5.76,0.018218355,2.7080503,2.0,0.4101163,12.0
aws-cli/1.16.30 Python/3.7.0 Darwin/18.6.0 botocore/1.12.20,0.018218355,2.7080503,2.0,0.4101163,12.0
aws-cli/1.11.63 Python/2.7.9 Windows/8 botocore/1.5.26,0.018218355,2.7080503,2.0,0.4101163,12.0
aws-cli/1.18.107 Python/2.7.18 Linux/4.14.193-149.317.amzn2.x86_64 botocore/1.17.31,0.018188447,1.609438,2.0,0.6931472,2.0
aws-cli/2.0.50 Python/3.7.4 Darwin/19.6.0 exe/x86_64 command/iam.list-attached-user-policies,0.018179746,0.6931472,1.0,0.0,1.0
Boto3/1.9.131 Python/3.7.3 Linux/5.0.9-arch1-1-ARCH Botocore/1.12.126,0.01817422,1.0986123,1.0,0.0,2.0
aws-cli/1.18.14 Python/3.7.6 Linux/5.4.0-kali4-amd64 botocore/1.15.14,0.018138487,2.4849067,9.0,2.1458418,2.0
aws-cli/1.18.32 Python/2.7.16 Linux/4.19.0-kali4-amd64 botocore/1.15.32,0.018132182,3.218876,2.0,0.28683597,22.0
[Boto3/1.7.60 Python/2.7.15 Linux/4.16.0-kali2-amd64 Botocore/1.10.60 Resource],0.01811776,2.4849067,2.0,0.3046361,10.0
aws-cli/1.17.17 Python/3.6.9 Linux/5.3.0-28-generic botocore/1.14.17,0.0181144,4.248495,8.0,0.7205244,58.0
aws-cli/1.16.110 Python/3.7.2 Darwin/17.5.0 botocore/1.12.100,0.018091576,1.9459101,2.0,0.6365142,4.0
aws-cli/2.0.38 Python/3.7.7 Windows/10 exe/AMD64 command/iam.get-user,0.018081946,0.6931472,1.0,0.0,1.0
aws-cli/1.16.284 Python/3.6.9 Linux/4.15.0-72-generic botocore/1.13.20,0.0180542,2.6390574,9.0,2.0981474,3.0
aws-cli/1.11.63 Python/2.7.5 Linux/3.10.0-514.16.1.el7.x86_64 botocore/1.5.26,0.017979376,2.4849067,1.0,0.0,11.0
aws-cli/1.14.30 Python/3.6.4 Darwin/16.6.0 botocore/1.8.34,0.017961517,3.9318256,8.0,0.81144214,41.0
aws-cli/2.0.33 Python/3.7.7 Windows/10 botocore/2.0.0dev37,0.017949853,4.4188404,3.0,0.22233966,78.0
"Mozilla/5.0 (Windows NT 6.3; WOW64) AppleWebKit/537.36 (KHTML, like Gecko) Chrome/57.0.2987.133 Safari/537.36",0.017942252,0.6931472,1.0,0.0,1.0
"Mozilla/5.0 (Macintosh; Intel Mac OS X 10_12_4) AppleWebKit/537.36 (KHTML, like Gecko) Chrome/58.0.3029.110 Safari/537.36",0.017942252,0.6931472,1.0,0.0,1.0
aws-cli/1.16.112 Python/2.7.15+ Linux/4.18.0-kali2-amd64 botocore/1.12.102,0.017908433,3.0445225,9.0,2.1639557,4.0
[Boto3/1.9.149 Python/2.7.10 Darwin/18.5.0 Botocore/1.12.149],0.017846402,3.6109178,1.0,0.0,36.0
aws-cli/1.11.13 Python/3.5.2 Linux/4.15.0-55-generic botocore/1.12.165,0.01783051,2.1972246,4.0,1.2554823,3.0
"Mozilla/5.0 (Macintosh; Intel Mac OS X 10_13_6) AppleWebKit/537.36 (KHTML, like Gecko) Chrome/72.0.3626.119 Safari/537.36",0.01782676,1.0986123,1.0,0.0,2.0
"Mozilla/5.0 (Macintosh; Intel Mac OS X 10_13_6) AppleWebKit/537.36 (KHTML, like Gecko) Chrome/76.0.3809.100 Safari/537.36",0.01782676,1.0986123,1.0,0.0,2.0
aws-cli/1.17.14 Python/3.7.6 Linux/5.4.0-kali3-amd64 botocore/1.12.210,0.017753018,2.9957323,12.0,2.2744746,5.0
aws-cli/1.11.48 Python/2.7.13 Darwin/16.6.0 botocore/1.5.37,0.017748246,2.7080503,11.0,2.2429733,4.0
aws-cli/1.11.60 Python/2.7.12 Darwin/16.4.0 botocore/1.5.23,0.017733566,2.1972246,2.0,0.37677017,7.0
aws-cli/1.16.260 Python/3.7.5 Darwin/19.4.0 botocore/1.12.250,0.017709393,3.912023,2.0,0.09962338,48.0
aws-cli/1.16.26 Python/3.6.6 Linux/4.17.0-kali3-amd64 botocore/1.12.16,0.017646465,3.713572,1.0,0.0,40.0
aws-cli/2.0.50 Python/3.7.3 Linux/4.4.0-039049-Microsoft exe/x86_64.ubuntu.18 command/iam.list-attached-user-policies,0.017633313,0.6931472,1.0,0.0,1.0
aws-cli/1.15.30 Python/2.7.10 Darwin/17.5.0 botocore/1.10.30,0.017625943,2.944439,2.0,0.21455918,17.0
aws-cli/1.18.16 Python/3.8.1 Darwin/19.2.0 botocore/1.15.16,0.017620092,3.871201,2.0,0.10296665,46.0
aws-cli/1.16.309 Python/3.8.0 Windows/10 botocore/1.13.45,0.017582761,1.7917595,4.0,1.3321791,2.0
aws-cli/1.11.114 Python/2.7.10 Darwin/16.7.0 botocore/1.5.77,0.017558487,3.2580965,12.0,2.3142028,5.0
Boto3/1.7.61 Python/2.7.15 Linux/4.15.0-2-amd64 Botocore/1.10.61,0.017556757,1.3862944,1.0,0.0,3.0
aws-cli/1.16.48 Python/3.6.0 Windows/10 botocore/1.12.38,0.017545812,3.295837,2.0,0.16302365,25.0
aws-cli/1.16.47 Python/2.7.13 Linux/4.9.0-5-amd64 botocore/1.12.37,0.017538086,2.5649493,9.0,2.0947292,3.0
aws-cli/1.11.108 Python/2.7.10 Linux/2.6.32-642.15.1.el6.x86_64 botocore/1.5.71,0.01753808,2.5649493,9.0,2.0947292,3.0
aws-cli/1.11.13 Python/3.5.2 Linux/4.10.0-37-generic botocore/1.4.70,0.01753808,2.5649493,9.0,2.0947292,3.0
aws-cli/1.16.287 Python/3.6.8 Linux/4.15.0-70-generic botocore/1.13.23,0.017473279,4.5849676,10.0,0.6963887,83.0
[aws-cli/1.16.60 Python/3.7.1 Darwin/18.2.0 botocore/1.12.50],0.017430726,1.9459101,4.0,1.2424532,3.0
Botocore/1.5.19 Python/2.7.10 Darwin/16.6.0,0.01741199,0.6931472,1.0,0.0,1.0
aws-cli/1.16.238 Python/3.6.8 Linux/4.15.0-54-generic botocore/1.12.228,0.017404577,2.4849067,9.0,2.1458418,2.0
aws-cli/1.16.31 Python/2.7.15+ Linux/4.18.0-kali1-amd64 botocore/1.12.21,0.017404577,2.4849067,9.0,2.1458418,2.0
aws-cli/1.18.69 Python/3.7.5 Linux/5.3.0-53-generic botocore/1.16.19,0.017394284,1.609438,2.0,0.6931472,2.0
aws-cli/1.16.283 Python/3.7.4 Darwin/18.7.0 botocore/1.13.19,0.017285878,2.7725887,9.0,2.0611129,4.0
aws-cli/2.0.31 Python/3.7.7 Windows/10 botocore/2.0.0dev35,0.01727206,4.26268,2.0,0.074876,69.0
aws-cli/1.17.5 Python/3.6.8 Linux/4.14.128-87.105.amzn1.x86_64 botocore/1.14.5,0.017266072,3.7612002,9.0,1.1637566,30.0
aws-cli/1.16.42 Python/2.7.14 Windows/10 botocore/1.12.32,0.017252386,3.4339871,5.0,0.81247926,23.0
aws-cli/1.18.55 Python/3.8.2 Linux/5.5.0-kali2-amd64 botocore/1.16.5,0.017224608,1.609438,3.0,1.0397208,2.0
aws-cli/1.16.188 Python/3.5.2 Linux/3.13.0-43-generic botocore/1.12.178,0.017223973,4.8121843,9.0,1.1208711,90.0
aws-cli/1.16.117 Python/3.6.7 Linux/4.15.0-48-generic botocore/1.12.107,0.017221838,2.1972246,3.0,1.0397208,4.0
aws-cli/1.15.70 Python/3.7.2 Darwin/18.2.0 botocore/1.10.69,0.017207343,4.574711,2.0,0.101264805,94.0
aws-cli/1.16.166 Python/3.7.1 Windows/10 botocore/1.13.35,0.017203465,3.2580965,9.0,1.3889673,16.0
aws-cli/1.16.283 Python/3.8.0 Darwin/19.0.0 botocore/1.13.19,0.017169902,2.6390574,8.0,1.9915092,3.0
aws-cli/1.18.125 Python/2.7.17 Windows/10 botocore/1.17.48,0.017086234,3.1354942,11.0,2.3265433,3.0
aws-cli/2.0.5 Python/3.8.2 Darwin/19.3.0 botocore/2.0.0dev9,0.017041013,3.8066626,9.0,1.0553968,33.0
aws-cli/1.17.17 Python/3.6.0 Windows/10 botocore/1.14.17,0.017026057,3.6635616,2.0,0.12169242,37.0
aws-cli/2.0.37 Python/3.7.4 Darwin/17.7.0 exe/x86_64 command/ec2.describe-snapshots,0.01700602,2.8903718,1.0,0.0,17.0
aws-sdk-go/1.20.17 (go1.12.7; linux; amd64),0.016954975,1.7917595,1.0,0.0,5.0
aws-sdk-go/1.25.37 (go1.13.8; darwin; amd64),0.016954975,1.7917595,1.0,0.0,5.0
aws-cli/1.16.2 Python/2.7.15rc1 Linux/4.15.0-33-generic botocore/1.11.2,0.016933454,4.0073333,16.0,1.9644654,26.0
aws-cli/2.0.31 Python/3.7.3 Linux/5.4.0-kali4-amd64 botocore/2.0.0dev35,0.016888497,0.6931472,1.0,0.0,1.0
aws-cli/1.16.198 Python/2.7.16 Darwin/19.5.0 botocore/1.12.188,0.01688588,0.6931472,1.0,0.0,1.0
aws-cli/1.11.63 Python/2.7.13 Linux/4.10.5-1-ARCH botocore/1.5.26,0.01684254,2.3978953,2.0,0.50040245,8.0
aws-cli/2.0.42 Python/3.7.3 Linux/5.4.0-42-generic exe/x86_64.ubuntu.18 command/ec2.describe-snapshots,0.016780622,3.583519,1.0,0.0,35.0
[aws-cli/1.16.10 Python/2.7.9 Windows/8 botocore/1.12.0],0.016780622,3.583519,1.0,0.0,35.0
aws-cli/1.18.8 Python/2.7.16 Darwin/19.0.0 botocore/1.15.8,0.016771654,2.3978953,7.0,1.7480674,4.0
aws-cli/1.4.2 Python/3.4.2 Linux/3.16.0-4-amd64,0.01670462,1.3862944,2.0,0.6365142,2.0
aws-cli/1.16.110 Python/2.7.15rc1 Linux/4.9.184-linuxkit botocore/1.12.100,0.016584618,3.8066626,12.0,1.4193649,28.0
aws-cli/1.15.71 Python/3.7.2 Linux/4.19.13-300.fc29.x86_64 botocore/1.10.41,0.016575044,3.1354942,2.0,0.18490742,21.0
aws-cli/1.16.171 Python/3.6.5 Darwin/17.7.0 botocore/1.12.161,0.016560936,4.3438053,10.0,1.2090747,54.0
aws-cli/1.18.9 Python/3.7.1 Darwin/19.5.0 botocore/1.15.9,0.016551778,0.6931472,1.0,0.0,1.0
Boto3/1.9.71 Python/2.7.15rc1 Linux/4.15.0-29-generic Botocore/1.12.71,0.016551774,0.6931472,1.0,0.0,1.0
aws-cli/1.7.19 Python/2.7.10 Darwin/16.4.0,0.016522503,1.609438,2.0,0.56233513,3.0
aws-cli/1.16.42 Python/3.6.6 Linux/4.15.0-36-generic botocore/1.12.32,0.016486475,3.1780539,9.0,2.122606,5.0
[aws-cli/1.14.44 Python/3.6.8 Linux/4.15.0-64-generic botocore/1.12.201],0.016483087,2.0794415,2.0,0.4101163,6.0
aws-cli/1.11.13 Python/3.5.2 Linux/4.4.0-97-generic botocore/1.4.70,0.016445266,3.3322046,9.0,1.566608,15.0
aws-cli/1.16.140 Python/3.7.3 Linux/4.19.32-1-MANJARO botocore/1.12.130,0.01643506,2.1972246,2.0,0.56233513,6.0
[aws-sdk-nodejs/2.58.0 linux/v4.2.6 callback],0.0164142,2.5649493,4.0,0.8369882,9.0
aws-cli/1.14.66 Python/3.6.0 Darwin/17.7.0 botocore/1.9.19,0.016384367,0.6931472,1.0,0.0,1.0
[aws-cli/1.16.260 Python/3.7.5 Darwin/18.7.0 botocore/1.12.250],0.016369361,1.609438,2.0,0.56233513,3.0
[AWSPowerShell/251.194.70.74 .NET_Runtime/4.0 .NET_Framework/4.0 OS/Microsoft_Windows_NT_10.0.17369.0 WindowsPowerShell/5.0 ClientSync],0.01635476,2.3025851,4.0,1.0027182,6.0
aws-cli/1.16.169 Python/3.7.3 Linux/5.0.13-arch1-1-ARCH botocore/1.12.159,0.016325256,3.4339871,8.0,1.7075392,14.0
aws-cli/1.16.128 Python/3.6.8 Linux/4.4.0-53329-Microsoft botocore/1.12.118,0.016319454,3.465736,2.0,0.1425059,30.0
"AWS-SupportCenterConsole, aws-internal/3",0.016240818,2.1972246,3.0,1.0821955,3.0
aws-cli/1.16.190 Python/2.7.16 Linux/4.19.0-kali5-amd64 botocore/1.12.180,0.016213953,3.1354942,9.0,2.0982738,6.0
aws-cli/1.16.169 Python/2.7.5 Linux/3.10.0-957.12.2.el7.x86_64 botocore/1.12.159,0.016146889,2.1972246,2.0,0.6931472,4.0
aws-cli/1.16.274 Python/3.7.3 Darwin/19.2.0 botocore/1.13.10,0.01611139,3.465736,2.0,0.1425059,30.0
aws-cli/1.17.9 Python/3.6.2 Windows/10 botocore/1.14.9,0.016111389,3.465736,2.0,0.1425059,30.0
aws-cli/1.16.261 Python/3.6.0 Windows/10 botocore/1.12.251,0.016085777,3.7841897,10.0,1.3168675,29.0
aws-cli/2.0.46 Python/3.7.7 Windows/10 exe/AMD64 command/iam.list-users,0.016046833,0.6931472,1.0,0.0,1.0
aws-cli/2.0.14 Python/3.7.3 Linux/4.9.184-linuxkit botocore/2.0.0dev18,0.01604496,0.6931472,1.0,0.0,1.0
[aws-cli/1.14.54 Python/2.7.10 Darwin/14.5.0 botocore/1.9.7],0.01603289,1.3862944,2.0,0.6365142,2.0
[aws-cli/1.15.70 Python/2.7.13 Linux/4.9.0-4-amd64 botocore/1.10.69],0.016032888,1.3862944,2.0,0.6365142,2.0
aws-cli/1.14.44 Python/3.6.9 Linux/4.15.0-1057-aws botocore/1.8.48,0.01602959,3.8066626,7.0,1.0508304,32.0
aws-cli/1.11.17 Python/2.7.6 Darwin/14.5.0 botocore/1.4.88,0.015961755,1.0986123,2.0,0.6931472,1.0
aws-cli/1.17.5 Python/2.7.16 Darwin/18.7.0 botocore/1.14.5,0.015944544,1.609438,3.0,1.0397208,2.0
aws-cli/1.15.3 Python/2.7.9 Windows/8 botocore/1.10.3,0.015939973,2.944439,2.0,0.3488321,16.0
aws-cli/1.16.169 Python/3.6.5 Darwin/17.7.0 botocore/1.12.159,0.015902394,4.2904596,8.0,0.9532961,56.0
aws-cli/1.16.210 Python/3.7.4 Darwin/18.6.0 botocore/1.12.200,0.015872138,4.26268,10.0,1.1350478,52.0
aws-cli/1.11.56 Python/2.7.13+ Linux/4.9.0-3-amd64 botocore/1.5.19,0.015870111,1.609438,2.0,0.56233513,3.0
aws-cli/1.14.32 Python/2.7.12 Linux/4.10.0-28-generic botocore/1.8.36,0.015854765,2.8332133,2.0,0.37677017,14.0
aws-cli/1.11.63 Python/2.7.5 Linux/3.10.0-327.36.3.el7.x86_64 botocore/1.5.26,0.015816266,1.0986123,2.0,0.6931472,1.0
Boto3/1.13.20 Python/3.7.7 Darwin/19.5.0 Botocore/1.16.20,0.015784865,1.0986123,2.0,0.6931472,1.0
aws-cli/1.18.44 Python/3.6.9 Linux/5.3.0-46-generic botocore/1.15.44,0.015752757,3.0910425,9.0,1.9337877,7.0
aws-cli/1.14.44 Python/3.6.5 Linux/4.16.13-793015-generic botocore/1.8.48,0.015744332,2.8903718,4.0,0.79023474,13.0
aws-cli/1.11.13 Python/3.5.3 Linux/4.9.0-kali3-amd64 botocore/1.4.70,0.015725778,1.0986123,2.0,0.6931472,1.0
aws-cli/1.17.14 Python/3.8.2 Linux/5.4.0-33-generic botocore/1.14.14,0.015721593,3.8918202,3.0,0.20208633,46.0
aws-cli/1.16.259 Python/3.5.3 Linux/4.9.0-11-amd64 botocore/1.12.249,0.01571733,4.1431346,6.0,0.52752286,55.0
aws-cli/1.14.44 Python/3.6.7 Linux/4.15.0-1029-aws botocore/1.8.48,0.015712421,3.0910425,2.0,0.19144407,20.0
aws-cli/1.16.130 Python/3.7.2 Darwin/18.2.0 botocore/1.12.120,0.015700623,3.1354942,9.0,2.1458418,4.0
aws-cli/1.14.59 Python/2.7.14+ Linux/4.14.0-kali3-amd64 botocore/1.9.12,0.015675895,3.6109178,3.0,0.25306737,34.0
aws-cli/1.16.220 Python/3.6.7 Linux/4.4.0-039049-Microsoft botocore/1.12.210,0.015653724,2.1972246,4.0,1.3862944,2.0
aws-cli/2.0.44 Python/3.7.3 Linux/5.4.0-26-generic exe/x86_64.linuxmint.20 command/iam.list-attached-user-policies,0.015644157,0.6931472,1.0,0.0,1.0
aws-cli/2.0.41 Python/3.7.3 Linux/5.2.0-kali3-amd64 exe/x86_64.kali.2019 command/ec2.describe-snapshots,0.015639875,3.5553482,1.0,0.0,34.0
Boto3/1.9.225 Python/2.7.2 Java/12.0.2 Botocore/1.12.225,0.015639875,3.5553482,1.0,0.0,34.0
aws-cli/2.0.40 Python/3.7.3 Linux/5.5.0-kali2-amd64 exe/x86_64.kali.2020 command/ec2.describe-snapshots,0.015639875,3.5553482,1.0,0.0,34.0
aws-cli/2.0.0 Python/3.8.1 Darwin/18.7.0 botocore/2.0.0dev4,0.015605661,3.7376697,3.0,0.4528693,36.0
aws-cli/1.16.105 Python/3.6.8 Linux/4.18.0-kali2-amd64 botocore/1.12.95,0.015604285,3.9702919,4.0,0.48439014,46.0
aws-cli/2.0.44 Python/3.7.3 Linux/5.4.0-kali3-amd64 exe/x86_64.kali.2020 command/iam.list-users,0.015562152,0.6931472,1.0,0.0,1.0
aws-cli/1.18.60 Python/3.8.2 Linux/5.4.13-arch1-1 botocore/1.16.10,0.0155128185,3.912023,4.0,0.42651048,44.0
aws-cli/1.11.13 Python/3.5.2 Linux/4.4.0-130-generic botocore/1.4.70,0.01549539,3.295837,2.0,0.2711894,24.0
aws-cli/1.14.24 Python/2.7.12 Linux/4.4.0-109-generic botocore/1.8.28,0.015475395,3.2580965,3.0,0.6592146,19.0
aws-cli/1.18.46 Python/3.7.5 Linux/5.3.0-kali2-amd64 botocore/1.15.46,0.015472611,2.7080503,9.0,2.1065774,3.0
aws-cli/1.14.10 Python/3.6.4 Darwin/17.3.0 botocore/1.8.14,0.015429807,3.6635616,13.0,1.8303845,19.0
aws-cli/1.15.12 Python/3.5.2 Linux/4.4.0-122-generic botocore/1.10.12,0.015417109,3.4011974,9.0,1.4289573,17.0
aws-cli/1.17.5 Python/3.7.5 Darwin/19.0.0 botocore/1.14.5,0.015413764,1.609438,2.0,0.56233513,3.0
aws-cli/1.16.61 Python/3.6.5 Linux/4.12.14-lp150.12.67-default botocore/1.12.57,0.015374894,2.7725887,9.0,2.083766,3.0
aws-cli/1.18.3 Python/3.8.1 Linux/4.4.0-039049-Microsoft botocore/1.15.3,0.015347818,3.465736,2.0,0.1425059,30.0
aws-cli/1.16.215 Python/2.7.13 Linux/4.12.0-kali1-amd64 botocore/1.12.205,0.015321427,4.204693,9.0,1.0579653,50.0
aws-cli/1.11.87 Python/2.7.13 Linux/4.6.0-kali1-686-pae botocore/1.5.50,0.015302331,1.0986123,2.0,0.6931472,1.0
aws-cli/1.11.76 Python/2.7.11 Darwin/15.6.0 botocore/1.5.39,0.015302331,1.0986123,2.0,0.6931472,1.0
aws-cli/1.16.301 Python/3.7.6 Linux/4.19.0-kali5-amd64 botocore/1.13.37,0.0152489655,3.6109178,2.0,0.21455918,34.0
aws-cli/1.10.47 Python/2.7.10 Darwin/16.6.0 botocore/1.4.37,0.015247276,2.1972246,6.0,1.6674619,3.0
aws-cli/1.11.13 Python/3.5.2 Linux/4.4.0-75-generic botocore/1.4.70,0.015217193,1.0986123,2.0,0.6931472,1.0
aws-cli/1.16.251 Python/3.7.5rc1 Linux/5.2.0-kali3-amd64 botocore/1.12.241,0.015161322,3.295837,4.0,0.7736051,20.0
aws-cli/1.16.130 Python/2.7.15+ Linux/4.18.0-kali2-amd64 botocore/1.12.120,0.015159653,3.1354942,9.0,2.1458418,4.0
aws-cli/1.18.97 Python/3.8.2 Linux/5.4.0-40-generic botocore/1.15.49,0.015110787,2.3978953,5.0,1.5571132,3.0
aws-cli/1.16.310 Python/2.7.16 Darwin/19.3.0 botocore/1.13.46,0.015100857,1.0986123,2.0,0.6931472,1.0
aws-cli/1.16.266 Python/3.6.8 Linux/4.4.0-01985-Microsoft botocore/1.13.2,0.015089255,4.5217886,6.0,0.9577368,50.0
aws-cli/1.16.292 Python/3.7.3 Darwin/19.2.0 botocore/1.13.28,0.015075991,3.465736,3.0,0.28393626,29.0
aws-cli/1.10.65 Python/2.7.9 Windows/8 botocore/1.4.55,0.015074549,3.583519,4.0,0.5608192,30.0
aws-cli/1.16.168 Python/2.7.10 Darwin/18.5.0 botocore/1.12.158,0.015071007,4.2904596,9.0,1.0731331,54.0
aws-cli/1.14.17 Python/2.7.14 Linux/4.13.0-kali1-amd64 botocore/1.8.21,0.01507076,2.8332133,2.0,0.37677017,14.0
aws-cli/1.11.89 Python/2.7.10 Darwin/16.6.0 botocore/1.5.52,0.015058246,1.0986123,2.0,0.6931472,1.0
aws-cli/1.11.115 Python/2.7.10 Darwin/16.0.0 botocore/1.5.78,0.015037701,2.944439,2.0,0.21455918,17.0
aws-cli/1.11.115 Python/2.7.10 Darwin/16.6.0 botocore/1.5.78,0.015029236,1.0986123,2.0,0.6931472,1.0
aws-cli/1.18.113 Python/2.7.16 Darwin/19.6.0 botocore/1.17.36,0.015011302,2.1972246,6.0,1.732868,2.0
aws-cli/2.0.49 Python/3.7.4 Darwin/19.6.0 exe/x86_64 command/lambda.get-function-configuration,0.014994786,1.0986123,1.0,0.0,2.0
aws-cli/1.16.169 Python/3.7.3 Darwin/18.6.0 botocore/1.12.159,0.014988696,4.3694477,10.0,1.7949373,34.0
aws-cli/1.16.85 Python/2.7.15rc1 Linux/4.15.0-43-generic botocore/1.12.75,0.0149526,1.9459101,3.0,1.0114043,3.0
aws-cli/1.16.94 Python/2.7.13 Linux/4.9.0-kali4-amd64 botocore/1.12.84,0.014933676,4.394449,8.0,0.78039145,66.0
[Boto3/1.7.52 Python/2.7.15rc1 Linux/4.15.0-kali2-amd64 Botocore/1.10.52],0.014932926,2.4849067,2.0,0.3046361,10.0
aws-cli/1.14.53 Python/2.7.9 Windows/8 botocore/1.9.6,0.014862502,2.6390574,9.0,2.0578976,3.0
aws-cli/1.16.144 Python/3.7.3 Darwin/18.7.0 botocore/1.12.135,0.014825576,3.1354942,10.0,2.2718687,4.0
aws-cli/1.16.215 Python/3.7.3rc1 Linux/4.19.0-kali4-amd64 botocore/1.12.205,0.014823633,3.5553482,2.0,0.36221057,30.0
aws-cli/1.18.21 Python/3.7.4 Darwin/18.7.0 botocore/1.15.21,0.014818187,1.7917595,4.0,1.3321791,2.0
aws-cli/1.18.24 Python/3.7.5 Darwin/19.4.0 botocore/1.15.24,0.014816861,3.9702919,3.0,0.45027506,45.0
aws-cli/1.17.4 Python/3.7.6 Windows/10 botocore/1.14.4,0.014813893,2.8332133,10.0,2.166085,4.0
aws-cli/1.15.20 Python/2.7.9 Windows/8 botocore/1.10.20,0.014795303,2.944439,2.0,0.21455918,17.0
aws-cli/1.16.220 Python/3.7.4 Darwin/18.6.0 botocore/1.12.210,0.014780857,1.3862944,2.0,0.6365142,2.0
[aws-cli/1.16.252 Python/3.7.3 Linux/5.0.0-29-generic botocore/1.12.242],0.014762279,1.0986123,2.0,0.6931472,1.0
[aws-cli/1.18.42 Python/3.6.9 Linux/5.3.0-51-generic botocore/1.15.42],0.014762279,1.0986123,2.0,0.6931472,1.0
aws-cli/1.14.44 Python/3.6.5 Linux/4.15.0-1021-aws botocore/1.8.48,0.0147472555,4.2341065,12.0,1.1722319,50.0
aws-cli/1.11.13 Python/3.5.2 Linux/4.4.0-43-Microsoft botocore/1.4.70,0.01472398,4.465908,5.0,0.54401875,75.0
aws-cli/1.16.294 Python/2.7.17 Darwin/19.2.0 botocore/1.13.30,0.014709908,4.248495,3.0,0.26153025,65.0
aws-cli/1.16.183 Python/2.7.15+ Linux/5.0.0-31-generic botocore/1.12.173,0.014688543,4.189655,4.0,0.4838118,57.0
aws-cli/1.11.16 Python/2.7.8 Linux/2.6.18-164.el5 botocore/1.4.73,0.014682175,2.7080503,5.0,1.1275349,9.0
aws-cli/1.10.60 Python/2.7.10 Darwin/15.6.0 botocore/1.4.50,0.014666225,3.1780539,3.0,0.35571283,21.0
aws-cli/2.0.7 Python/3.8.2 Darwin/19.4.0 botocore/2.0.0dev11,0.014660684,4.356709,8.0,0.7542492,64.0
aws-cli/1.11.116 Python/2.7.9 Windows/8 botocore/1.5.79,0.014628241,1.0986123,2.0,0.6931472,1.0
aws-cli/1.16.179 Python/3.6.0 Windows/10 botocore/1.12.169,0.014603429,0.6931472,1.0,0.0,1.0
aws-cli/1.16.73 Python/2.7.14 Linux/4.13.0-46-generic botocore/1.12.63,0.014498722,3.1780539,2.0,0.29543918,21.0
aws-cli/1.16.72 Python/2.7.10 Darwin/17.7.0 botocore/1.12.62,0.014498722,3.1780539,2.0,0.29543918,21.0
aws-cli/1.16.230 Python/3.7.4 Darwin/18.6.0 botocore/1.12.220,0.014484105,2.6390574,9.0,2.0981474,3.0
aws-cli/1.16.140 Python/3.7.3 Darwin/18.6.0 botocore/1.12.130,0.014469709,3.5553482,2.0,0.36221057,30.0
aws-cli/1.16.238 Python/3.7.4 Darwin/18.7.0 botocore/1.12.228,0.014464583,4.304065,12.0,1.742246,39.0
aws-cli/1.18.107 Python/3.8.5 Linux/5.4.0-kali4-amd64 botocore/1.15.49,0.014449394,3.5263605,1.0,0.0,33.0
aws-cli/2.0.34 Python/3.7.3 Linux/4.19.113-143842-g5803a1c7e9f9 botocore/2.0.0dev38,0.014446181,2.6390574,9.0,2.031759,4.0
aws-cli/1.16.301 Python/3.7.5 Linux/5.3.0-kali2-amd64 botocore/1.13.37,0.01443607,4.2195077,9.0,0.9892814,51.0
aws-cli/1.11.89 Python/3.6.0 Linux/4.4.63-1-MANJARO botocore/1.5.52,0.014387164,1.0986123,2.0,0.6931472,1.0
"Mozilla/5.0 (X11; CrOS armv7l 9460.60.0) AppleWebKit/537.36 (KHTML, like Gecko) Chrome/59.0.3071.91 Safari/537.36",0.0143710915,1.0986123,1.0,0.0,2.0
aws-cli/1.16.105 Python/3.6.0 Windows/10 botocore/1.12.95,0.014356276,1.9459101,2.0,0.6365142,4.0
aws-cli/2.0.0dev4 Python/3.7.3 Linux/5.4.0-33-generic botocore/2.0.0dev3,0.014311756,1.0986123,2.0,0.6931472,1.0
aws-cli/1.14.46 Python/2.7.15rc1 Linux/4.15.0-23-generic botocore/1.8.50,0.014305929,2.5649493,5.0,1.3143737,6.0
aws-cli/1.16.263 Python/3.7.5 Linux/5.3.16-300.fc31.x86_64 botocore/1.12.253,0.014304242,3.6635616,8.0,0.9948449,29.0
aws-cli/1.16.147 Python/2.7.15 Darwin/18.5.0 botocore/1.12.137,0.014286314,4.204693,9.0,1.0579653,50.0
aws-cli/1.11.170 Python/3.4.6 Linux/4.12.5-gentoo botocore/1.7.28,0.014241911,2.6390574,9.0,2.0981474,3.0
aws-cli/1.11.87 Python/2.7.9 Windows/8 botocore/1.5.50,0.014235991,3.5553482,2.0,0.36221057,30.0
aws-cli/2.0.39 Python/3.8.5 Darwin/19.6.0 source/x86_64 command/route53.list-resource-record-sets,0.0142239155,1.7917595,1.0,0.0,5.0
aws-cli/1.11.167 Python/3.6.4 Darwin/17.7.0 botocore/1.7.25,0.014204204,3.0910425,3.0,0.72700137,15.0
aws-cli/1.15.0 Python/3.6.5 Darwin/15.6.0 botocore/1.10.0,0.01418265,2.944439,2.0,0.21455918,17.0
aws-cli/1.16.176 Python/2.7.10 Darwin/18.7.0 botocore/1.12.166,0.014173895,3.218876,1.0,0.0,24.0
aws-cli/1.14.8 Python/2.7.18 Linux/4.14.181-140.257.amzn2.x86_64 botocore/1.8.12,0.014144214,3.0445225,10.0,2.1251597,5.0
aws-cli/1.16.20 Python/3.7.0 Darwin/18.0.0 botocore/1.12.10,0.014143422,4.1108737,12.0,1.2037477,44.0
aws-cli/1.11.30 Python/2.7.10 Darwin/15.6.0 botocore/1.4.87,0.014137008,3.4011974,3.0,0.29875803,27.0
aws-cli/1.17.11 Python/3.8.1 Linux/5.5.2-zen2-2-zen botocore/1.14.11,0.014071227,3.5263605,5.0,0.7158959,27.0
aws-cli/1.15.15 Python/3.7.3rc1 Linux/4.13.0-kali1-amd64 botocore/1.10.15,0.014058476,4.65396,3.0,0.257292,98.0
aws-cli/1.11.119 Python/2.7.11 Darwin/15.5.0 botocore/1.5.82,0.01405676,2.9957323,3.0,0.70801896,14.0
aws-cli/1.15.31 Python/2.7.15rc1 Linux/4.15.0-kali3-amd64 botocore/1.10.31,0.014038294,2.4849067,9.0,2.0982738,3.0
aws-cli/1.16.190 Python/3.7.3 Darwin/17.7.0 botocore/1.12.180,0.014032256,4.394449,4.0,0.6209124,66.0
aws-cli/1.16.272 Python/3.7.3 Linux/4.19.0-kali4-amd64 botocore/1.13.8,0.01402929,3.637586,6.0,0.76411366,30.0
aws-cli/1.15.6 Python/2.7.14+ Linux/4.14.0-kali3-amd64 botocore/1.10.6,0.014000811,3.3322046,3.0,0.74933094,20.0
aws-cli/1.16.280 Python/3.7.5 Darwin/19.2.0 botocore/1.13.16,0.014000046,3.4965076,1.0,0.0,32.0
aws-cli/1.16.174 Python/2.7.15+ Linux/5.0.0-27-generic botocore/1.12.164,0.013988934,2.7725887,3.0,0.4850941,13.0
awslambda-worker/1.0 rusoto/0.42.0 rust/1.45.0 linux,0.013988277,4.0430512,1.0,0.0,56.0
aws-cli/1.14.19 Python/2.7.9 Windows/8 botocore/1.8.23,0.013946252,2.4849067,9.0,2.1458418,2.0
aws-cli/1.11.34 Python/2.7.13 Darwin/16.6.0 botocore/1.4.91,0.013910201,1.0986123,2.0,0.6931472,1.0
aws-cli/1.16.232 Python/2.7.10 Darwin/18.2.0 botocore/1.12.222,0.013844142,1.3862944,2.0,0.6365142,2.0
aws-cli/1.11.92 Python/2.7.10 Darwin/16.6.0 botocore/1.5.55,0.013833357,1.0986123,2.0,0.6931472,1.0
aws-cli/1.11.139 Python/3.5.4 Linux/4.12.0-kali1-amd64 botocore/1.6.6,0.013819116,2.6390574,2.0,0.42932302,11.0
[aws-cli/1.11.55 Python/3.6.0 Linux/4.9.11-1-ARCH botocore/1.5.18],0.013801691,1.9459101,1.0,0.0,6.0
aws-cli/1.11.13 Python/3.5.2 Linux/4.4.0-112-generic botocore/1.4.70,0.013800186,4.2341065,16.0,1.9460391,35.0
aws-cli/1.16.190 Python/2.7.16 Linux/4.19.0-kali4-amd64 botocore/1.12.180,0.013795633,2.944439,8.0,2.0431917,4.0
aws-cli/1.14.44 Python/3.6.6 Linux/4.15.0-1021-aws botocore/1.8.48,0.013724117,3.7612002,2.0,0.11251596,41.0
aws-cli/1.15.30 Python/2.7.10 Darwin/18.6.0 botocore/1.10.30,0.013714879,3.4339871,9.0,2.0262296,8.0
aws-cli/1.18.2 Python/2.7.17 Darwin/19.3.0 botocore/1.15.2,0.013665717,3.6109178,2.0,0.12693056,35.0
aws-cli/1.16.81 Python/3.7.5rc1 Linux/5.0.0-13-generic botocore/1.12.71,0.013627056,2.4849067,9.0,2.1458418,2.0
[Boto/2.42.0 Python/2.7.12 Darwin/16.7.0],0.013598236,2.6390574,3.0,0.92512906,8.0
aws-cli/1.14.18 Python/2.7.12 Linux/4.4.0-21-generic botocore/1.8.22,0.013574046,3.218876,9.0,1.5230794,14.0
aws-sdk-go/1.4.14 (go1.10.1; darwin; amd64),0.013562397,1.0986123,1.0,0.0,2.0
aws-cli/2.0.49 Python/3.7.4 Darwin/19.6.0 exe/x86_64 command/sts.get-session-token,0.013562397,1.0986123,1.0,0.0,2.0
aws-cli/1.9.1 Python/2.7.10 Darwin/17.5.0 botocore/1.3.1,0.013562397,1.0986123,1.0,0.0,2.0
aws-sdk-go/1.25.37 (go1.14.4; linux; amd64),0.013562397,1.0986123,1.0,0.0,2.0
aws-cli/1.9.21 Python/2.7.10 Darwin/15.6.0 botocore/1.3.23,0.013562397,1.0986123,1.0,0.0,2.0
aws-cli/1.9.9 Python/2.7.10 Darwin/18.5.0 botocore/1.3.9,0.013562397,1.0986123,1.0,0.0,2.0
aws-cli/1.15.82 Python/2.7.9 Windows/8 botocore/1.10.81,0.013556942,3.0445225,3.0,0.7460327,14.0
aws-cli/1.16.102 Python/2.7.16 Linux/4.14.146-93.123.amzn1.x86_64 botocore/1.12.92,0.01351719,1.0986123,2.0,0.6931472,1.0
aws-cli/1.16.263 Python/3.7.4 Linux/5.3.8-arch1-1 botocore/1.12.253,0.01351719,1.0986123,2.0,0.6931472,1.0
aws-cli/1.16.225 Python/2.7.16+ Linux/4.19.37-parrot1-amd64 botocore/1.12.215,0.013478673,3.4011974,3.0,0.29875803,27.0
aws-cli/1.15.80 Python/2.7.14 Linux/4.14.77-81.59.amzn2.x86_64 botocore/1.10.79,0.013464248,3.8501475,14.0,1.608147,28.0
aws-cli/2.0.53 Python/3.7.7 Windows/10 exe/AMD64 command/ec2.describe-snapshots,0.013449303,3.1354942,1.0,0.0,22.0
aws-cli/1.11.120 Python/2.7.10 Darwin/17.3.0 botocore/1.5.83,0.013437396,3.4965076,10.0,1.5905902,18.0
aws-sdk-go/1.16.1 (go1.13.5; linux; amd64),0.0134022385,1.0986123,1.0,0.0,2.0
[aws-cli/2.0.0dev3 Python/3.7.5 Windows/10 botocore/2.0.0dev2],0.013361428,2.1972246,3.0,0.7356219,6.0
aws-cli/1.16.140 Python/3.7.3rc1 Linux/4.19.0-kali1-amd64 botocore/1.12.130,0.013349503,4.0073333,2.0,0.15841055,52.0
aws-cli/2.0.7 Python/3.7.4 Darwin/18.7.0 botocore/2.0.0dev11,0.013334462,3.9702919,11.0,1.3490107,33.0
[Boto3/1.9.62 Python/2.7.15rc1 Linux/4.15.0-47-generic Botocore/1.12.62],0.013322684,3.1354942,2.0,0.3046361,20.0
aws-cli/1.16.174 Python/2.7.15+ Linux/4.19.0-kali1-686-pae botocore/1.12.164,0.013299651,4.204693,9.0,1.0579653,50.0
aws-cli/1.16.208 Python/2.7.10 Darwin/18.7.0 botocore/1.12.198,0.013295968,4.5325994,10.0,1.0632117,70.0
[aws-cli/1.16.209 Python/2.7.14 Darwin/18.6.0 botocore/1.12.199],0.013276235,3.4965076,1.0,0.0,32.0
aws-cli/1.11.129 Python/2.7.13 Darwin/16.6.0 botocore/1.5.92,0.013195697,2.6390574,2.0,0.42932302,11.0
aws-cli/1.11.111 Python/3.6.1 Darwin/16.6.0 botocore/1.5.74,0.013195697,2.6390574,2.0,0.42932302,11.0
aws-cli/1.11.178 Python/2.7.12 Linux/4.4.0-43-Microsoft botocore/1.7.36,0.013195693,2.6390574,2.0,0.42932302,11.0
aws-cli/1.11.177 Python/3.6.1 Darwin/16.3.0 botocore/1.7.35,0.013185697,1.3862944,3.0,1.0986123,1.0
aws-cli/1.16.251 Python/3.7.4+ Linux/5.2.0-kali2-amd64 botocore/1.12.208,0.013185697,1.3862944,3.0,1.0986123,1.0
aws-cli/1.11.28 Python/2.7.9 Windows/7 botocore/1.4.85,0.013171502,2.4849067,5.0,1.4681399,4.0
aws-cli/1.16.166 Python/3.6.0 Windows/10 botocore/1.12.156,0.013152122,4.158883,9.0,0.86390406,51.0
aws-cli/1.16.37 Python/2.7.12 Linux/4.4.0-133-generic botocore/1.12.27,0.0131420065,4.204693,2.0,0.22863187,62.0
[aws-cli/1.11.21 Python/2.7.12 Darwin/15.6.0 botocore/1.5.60],0.013140684,2.1972246,2.0,0.6615633,5.0
aws-cli/1.16.125 Python/2.7.10 Darwin/18.2.0 botocore/1.12.115,0.013125086,4.0073333,2.0,0.15841055,52.0
aws-cli/2.0.27 Python/3.7.4 Darwin/19.5.0 botocore/2.0.0dev31,0.013124326,3.0445225,9.0,2.1809456,3.0
aws-cli/1.14.32 Python/2.7.14 Darwin/17.3.0 botocore/1.8.36,0.0131197,3.9512436,11.0,1.5023463,32.0
aws-cli/1.11.132 Python/2.7.10 Darwin/16.7.0 botocore/1.8.22,0.013095552,2.9957323,6.0,0.9998704,14.0
aws-cli/1.14.7 Python/2.7.9 Windows/8 botocore/1.8.11,0.013072904,4.0073333,9.0,0.90724826,43.0
aws-cli/1.16.266 Python/3.7.7 Darwin/19.5.0 botocore/1.13.2,0.013058278,2.0794415,4.0,1.2770343,3.0
aws-cli/1.16.115 Python/2.7.16rc1 Linux/4.19.0-kali3-amd64 botocore/1.12.105,0.012995132,4.204693,9.0,1.0579653,50.0
aws-cli/1.14.38 Python/2.7.9 Windows/8 botocore/1.8.42,0.012978221,3.218876,10.0,1.5808415,14.0
"[AWSCloudTrail, aws-internal/3 aws-sdk-java/1.11.590 Linux/4.9.137-0.1.ac.218.74.329.metal1.x86_64 OpenJDK_64-Bit_Server_VM/25.222-b10 java/1.8.0_222 vendor/Oracle_Corporation]",0.012975933,1.3862944,2.0,0.6365142,2.0
[aws-cli/1.10.7 Python/3.5.1 Windows/8.1 botocore/1.3.29],0.01297593,1.3862944,2.0,0.6365142,2.0
aws-cli/1.11.44 Python/2.7.6 Linux/3.19.0-25-generic botocore/1.5.7,0.012963357,2.6390574,3.0,0.83051777,9.0
aws-cli/2.0.14 Python/3.7.3 Linux/5.6.0-1-amd64 botocore/2.0.0dev18,0.012919342,3.871201,9.0,1.0845655,35.0
aws-cli/2.0.4 Python/3.8.2 Darwin/19.3.0 botocore/2.0.0dev8,0.012915895,4.1431346,4.0,0.4158146,56.0
aws-cli/2.0.0 Python/3.7.3 Linux/5.3.0-51-generic botocore/2.0.0dev4,0.0128965285,4.787492,3.0,0.13372219,116.0
aws-cli/1.16.292 Python/3.6.8 Linux/4.15.0-70-generic botocore/1.13.28,0.012891349,2.0794415,6.0,1.747868,2.0
aws-cli/1.16.169 Python/3.6.0 Windows/8.1 botocore/1.12.159,0.01286578,3.295837,11.0,2.3114235,6.0
aws-cli/1.16.174 Python/3.6.7 Linux/4.15.0-51-generic botocore/1.12.164,0.012829324,3.8066626,9.0,1.9330177,16.0
aws-cli/1.18.66 Python/3.7.3rc1 Linux/4.19.0-kali4-amd64 botocore/1.16.16,0.012769525,1.7917595,4.0,1.3321791,2.0
aws-cli/1.16.172 Python/3.7.3 Linux/4.19.0-kali5-amd64 botocore/1.12.162,0.012765073,4.6151204,2.0,0.0980391,98.0
aws-cli/1.15.62 Python/2.7.9 Windows/8 botocore/1.10.61,0.012722783,2.6390574,9.0,2.0981476,3.0
aws-cli/1.16.240 Python/3.7.5 Darwin/17.7.0 botocore/1.12.230,0.012667139,3.465736,2.0,0.1425059,30.0
aws-cli/1.16.185 Python/2.7.16 Darwin/16.4.0 botocore/1.12.175,0.012665336,3.295837,9.0,2.0981474,6.0
aws-cli/1.11.48 Python/3.6.0 Linux/4.9.11-1-ARCH botocore/1.5.11,0.012665029,3.1354942,9.0,1.6792707,11.0
aws-cli/2.0.38 Python/3.7.3 Linux/5.4.0-kali3-amd64 exe/x86_64.kali.2020 command/ec2.describe-account-attributes,0.012604577,0.6931472,1.0,0.0,1.0
aws-cli/1.11.87 Python/2.7.12 Linux/4.4.0-43-Microsoft botocore/1.5.50,0.012570865,2.8332133,10.0,2.0963526,5.0
[aws-cli/1.11.175 Python/3.6.2 Linux/4.13.7-1-ARCH botocore/1.7.33],0.012549563,1.3862944,2.0,0.6365142,2.0
aws-cli/1.11.12 Python/2.7.10 Darwin/16.4.0 botocore/1.4.69,0.012534551,3.4011974,8.0,1.3357377,17.0
aws-cli/1.16.102 Python/3.5.3 Linux/4.9.0-8-amd64 botocore/1.12.92,0.012502443,4.1743875,9.0,1.0821955,48.0
aws-cli/1.11.43 Python/2.7.12 Linux/4.9.11-moby botocore/1.5.6,0.012498096,2.4849067,3.0,0.6001661,9.0
aws-cli/1.16.81 Python/3.6.7 Linux/4.15.0-29-generic botocore/1.12.71,0.012473989,3.9512436,4.0,0.6532093,42.0
aws-cli/1.16.251 Python/3.6.5rc1 Linux/4.14.0-kali3-amd64 botocore/1.12.241,0.012469148,2.5649493,5.0,1.5171063,4.0
aws-cli/1.18.21 Python/2.7.16 Darwin/19.4.0 botocore/1.15.21,0.012460345,4.0943446,6.0,0.5480923,52.0
[aws-cli/1.11.132 Python/2.7.6 Linux/3.8.11 botocore/1.5.95],0.01244184,1.609438,2.0,0.6931472,2.0
[aws-cli/1.16.208 Python/2.7.12 Linux/4.4.0-157-generic botocore/1.12.198],0.012441839,1.609438,2.0,0.6931472,2.0
aws-cli/1.16.251 Python/3.7.4 Linux/5.2.0-kali2-amd64 botocore/1.12.241,0.012409392,2.9957323,2.0,0.33649576,17.0
aws-cli/1.11.10 Python/2.7.10 Darwin/15.6.0 botocore/1.4.67,0.012409385,2.9957323,2.0,0.33649576,17.0
aws-cli/2.0.1 Python/3.7.3 Linux/5.4.0-kali3-amd64 botocore/2.0.0dev5,0.012389369,4.158883,4.0,0.36093974,58.0
[aws-cli/2.0.54 Python/3.8.5 Darwin/18.7.0 source/x86_64 command/s3api.list-buckets],0.012307439,1.0986123,1.0,0.0,2.0
aws-cli/1.11.50 Python/2.7.10 Darwin/16.4.0 botocore/1.5.13,0.0122958105,2.944439,2.0,0.21455918,17.0
aws-cli/1.16.237 Python/3.7.4 Windows/10 botocore/1.12.227,0.012278385,4.7361984,11.0,0.7046733,97.0
aws-cli/1.16.10 Python/2.7.15+ Linux/4.17.0-kali3-amd64 botocore/1.12.0,0.012238194,3.4011974,6.0,0.73718226,24.0
aws-cli/1.16.113 Python/3.6.8 Linux/4.4.0-039049-Microsoft botocore/1.12.103,0.0122290645,3.4339871,3.0,0.29113984,28.0
aws-cli/1.16.73 Python/2.7.10 Darwin/17.5.0 botocore/1.12.63,0.012212363,4.0073333,6.0,0.7738422,42.0
aws-cli/1.16.173 Python/3.6.0 Windows/10 botocore/1.12.163,0.012210719,2.1972246,2.0,0.56233513,6.0
aws-cli/1.16.281 Python/3.6.8 Linux/4.15.0-69-generic botocore/1.13.17,0.012202579,3.295837,3.0,0.5158361,22.0
aws-cli/1.11.13 Python/3.5.2 Linux/4.15.0-46-generic botocore/1.4.70,0.01219898,4.6151204,2.0,0.0980391,98.0
aws-cli/2.0.0dev3 Python/3.7.3 Linux/4.10.0-38-generic botocore/2.0.0dev2,0.012189303,3.6635616,6.0,0.7632127,31.0
Boto3/1.9.106 Python/3.6.7 Linux/4.15.0-48-generic Botocore/1.12.156,0.0121827535,3.465736,11.0,2.2088163,6.0
aws-cli/1.16.102 Python/2.7.16 Linux/4.14.106-97.85.amzn2.x86_64 botocore/1.12.92,0.012175313,4.564348,17.0,1.7244624,55.0
aws-cli/2.0.12 Python/3.7.7 Windows/10 botocore/2.0.0dev16,0.012165061,3.4011974,5.0,0.5924029,25.0
aws-cli/1.16.25 Python/3.7.0 Darwin/18.2.0 botocore/1.12.15,0.012155432,3.1354942,8.0,1.7941875,7.0
[aws-cli/1.16.95 Python/3.4.2 Linux/3.16.0-5-amd64 botocore/1.12.85],0.012123112,3.465736,1.0,0.0,31.0
aws-cli/1.16.30 Python/2.7.5 Linux/3.10.0-862.el7.x86_64 botocore/1.12.20,0.0121107865,3.1354942,9.0,2.1458416,4.0
aws-cli/2.0.12 Python/3.7.4 Darwin/19.3.0 botocore/2.0.0dev16,0.012097164,3.4965076,1.0,0.0,32.0
aws-cli/2.0.46 Python/3.7.7 Windows/10 exe/AMD64 command/iam.list-attached-user-policies,0.01209194,1.0986123,1.0,0.0,2.0
aws-cli/1.16.160 Python/2.7.17 Linux/5.3.0-51-generic botocore/1.12.150,0.012026984,4.2341065,3.0,0.20889789,65.0
[aws-cli/2.0.35 Python/3.8.5 Darwin/19.4.0 botocore/2.0.0dev39],0.011981754,1.0986123,1.0,0.0,2.0
aws-cli/1.18.104 Python/3.8.5 Linux/5.7.11-arch1-1 botocore/1.17.27,0.011967273,4.9272537,3.0,0.2226814,130.0
aws-cli/1.16.125 Python/3.6.8 Windows/10 botocore/1.12.115,0.011923585,4.0073333,2.0,0.15841055,52.0
aws-cli/1.17.9 Python/3.7.4 Darwin/18.6.0 botocore/1.14.9,0.011910774,4.1271343,2.0,0.14430004,59.0
aws-cli/1.11.70 Python/2.7.10 Darwin/16.4.0 botocore/1.5.33,0.011906896,3.3322046,10.0,1.4606177,17.0
aws-cli/1.11.149 Python/2.7.12 Linux/4.4.0-93-generic botocore/1.7.7,0.01189728,2.8903718,11.0,2.2623863,4.0
aws-cli/1.15.6 Python/2.7.12 Linux/4.4.0-1052-aws botocore/1.10.6,0.011881732,3.218876,8.0,1.271899,16.0
aws-cli/1.16.236 Python/3.4.7 Linux/4.9.184-0.1.ac.235.83.329.metal1.x86_64 botocore/1.12.226,0.011845583,4.248495,12.0,0.8741033,57.0
[Boto3/1.15.5 Python/2.7.16 Darwin/19.6.0 Botocore/1.18.5],0.011827461,1.0986123,1.0,0.0,2.0
[Boto3/1.7.52 Python/2.7.15rc1 Linux/4.15.0-kali2-amd64 Botocore/1.10.50],0.0117922,2.4849067,2.0,0.3046361,10.0
[aws-cli/1.11.160 Python/2.7.10 Darwin/16.7.0 botocore/1.7.18],0.011758413,1.7917595,3.0,0.95027053,3.0
aws-cli/1.16.120 Python/3.6.8 Linux/4.15.0-66-generic botocore/1.12.110,0.011751355,4.3438053,3.0,0.19139345,73.0
aws-cli/1.16.198 Python/3.7.3 Darwin/18.6.0 botocore/1.12.188,0.01174805,1.9459101,2.0,0.6365142,4.0
aws-cli/1.16.96 Python/2.7.10 Darwin/18.7.0 botocore/1.12.103,0.0116237,3.4965076,3.0,0.44706205,28.0
aws-cli/1.11.82 Python/3.6.1 Linux/4.10.13-1-ARCH botocore/1.5.45,0.01162217,3.465736,9.0,1.9489019,11.0
aws-cli/1.16.188 Python/3.6.8 Linux/4.15.0-29-generic botocore/1.12.178,0.011619618,3.9702919,2.0,0.16302365,50.0
aws-cli/1.16.258 Python/2.7.16 Darwin/18.7.0 botocore/1.12.248,0.011617723,4.317488,3.0,0.14298454,72.0
aws-cli/1.16.81 Python/2.7.10 Darwin/18.2.0 botocore/1.12.71,0.011609233,3.4011974,6.0,0.8327213,23.0
aws-cli/1.16.238 Python/3.6.8 Linux/4.15.0-64-generic botocore/1.12.228,0.011573211,1.7917595,4.0,1.3321791,2.0
aws-cli/1.16.139 Python/3.6.3rc1+ Linux/4.16.18-128_fbk11_4092_g8238c296cc13 botocore/1.12.129,0.011549029,4.6728287,2.0,0.16068053,102.0
aws-cli/1.11.13 Python/3.5.2 Linux/4.10.1-520793-generic botocore/1.4.70,0.011546308,3.4965076,13.0,1.8142748,17.0
aws-cli/1.14.32 Python/3.5.2 Linux/4.4.0-127-generic botocore/1.10.28,0.01153947,3.295837,4.0,0.7736051,20.0
aws-cli/2.0.1 Python/3.7.3 Linux/5.3.0-28-generic botocore/2.0.0dev5,0.011508885,3.713572,9.0,0.992882,31.0
aws-cli/1.14.44 Python/3.6.9 Linux/5.0.0-1031-gcp botocore/1.8.48,0.011504309,2.3025851,7.0,1.8891592,2.0
aws-cli/1.16.259 Python/2.7.16 Darwin/19.0.0 botocore/1.12.249,0.011500842,3.0445225,9.0,2.0854685,4.0
aws-cli/1.11.57 Python/2.7.10 Darwin/16.4.0 botocore/1.5.20,0.011483347,3.295837,9.0,1.9975228,9.0
aws-cli/1.11.114 Python/2.7.10 Darwin/16.6.0 botocore/1.5.77,0.011462418,2.1972246,5.0,1.4941752,3.0
aws-cli/1.16.207 Python/3.4.9 Linux/3.10.0-957.el7.x86_64 botocore/1.12.197,0.011433465,4.0430512,8.0,1.1428852,40.0
aws-cli/1.16.113 Python/3.6.8 Linux/4.19.0-kali3-686-pae botocore/1.12.103,0.0114317,4.0073333,2.0,0.15841055,52.0
aws-cli/1.16.136 Python/2.7.15+ Linux/4.19.0-kali3-amd64 botocore/1.12.126,0.011424185,1.9459101,2.0,0.6365142,4.0
aws-cli/1.16.231 Python/3.7.3 Windows/10 botocore/1.12.221,0.011418946,2.944439,2.0,0.21455918,17.0
aws-cli/2.0.30 Python/3.8.3 Darwin/19.5.0 botocore/2.0.0dev34,0.011418318,3.1354942,12.0,2.196052,7.0
aws-cli/1.16.287 Python/3.7.5rc1 Linux/5.2.0-kali2-amd64 botocore/1.13.23,0.011402055,4.1271343,3.0,0.38407388,55.0
aws-cli/1.11.54 Python/2.7.10 Darwin/16.4.0 botocore/1.5.17,0.011395192,3.3672957,9.0,1.3750874,18.0
aws-cli/1.16.172 Python/3.6.0 Windows/10 botocore/1.12.162,0.011382386,2.944439,8.0,2.0431917,4.0
aws-cli/2.0.50 Python/3.8.5 Darwin/19.6.0 source/x86_64 command/iam.list-attached-user-policies,0.011359902,0.6931472,1.0,0.0,1.0
aws-cli/1.18.61 Python/3.7.6 Darwin/18.7.0 botocore/1.16.11,0.01135682,2.4849067,8.0,1.9722469,3.0
aws-cli/1.18.46 Python/3.8.2 Linux/5.4.0-kali3-amd64 botocore/1.15.46,0.01135682,2.4849067,8.0,1.9722469,3.0
aws-cli/1.16.21 Python/2.7.10 Darwin/18.6.0 botocore/1.12.11,0.011349013,4.0073333,2.0,0.15841055,52.0
aws-cli/1.16.122 Python/3.6.7 Linux/4.15.0-45-generic botocore/1.12.112,0.011317908,4.6151204,2.0,0.0980391,98.0
aws-cli/1.11.56 Python/2.7.15rc1 Linux/4.15.0-3-amd64 botocore/1.5.19,0.011314225,1.0986123,1.0,0.0,2.0
aws-cli/1.11.113 Python/2.7.13 Darwin/16.6.0 botocore/1.5.76,0.011310277,2.7080503,3.0,0.50913733,12.0
aws-cli/1.16.136 Python/2.7.15rc1 Linux/4.15.0-47-generic botocore/1.12.126,0.01128636,4.762174,2.0,0.0870995,114.0
[Boto3/1.14.51 Python/2.7.18 Linux/4.19.76-linuxkit Botocore/1.17.51],0.011148998,2.5649493,2.0,0.56233513,9.0
aws-cli/1.14.44 Python/3.6.7 Linux/4.15.0-48-generic botocore/1.8.48,0.011069051,5.0689044,10.0,0.7814898,132.0
aws-cli/2.0.36 Python/3.7.3 Linux/5.0.0-38-generic exe/x86_64.ubuntu.19 command/iam.list-attached-user-policies,0.011017926,1.0986123,1.0,0.0,2.0
aws-cli/1.16.42 Python/2.7.13 Linux/4.9.9-200.fc25.x86_64 botocore/1.12.32,0.011011327,3.8501475,2.0,0.10473244,45.0
[aws-cli/1.16.209 Python/3.6.9 CYGWIN_NT-10.0-039049/3.0.7-338.x86_64 botocore/1.12.199],0.010993031,3.4339871,1.0,0.0,30.0
"Mozilla/5.0 (Macintosh; Intel Mac OS X 10_14_6) AppleWebKit/537.36 (KHTML, like Gecko) NoSQLWorkbenchforAmazonDynamoDB(Preview)/0.2.1 Chrome/69.0.3497.128 Electron/4.2.9 Safari/537.36",0.010907341,1.0986123,1.0,0.0,2.0
aws-cli/2.0.49 Python/3.7.4 Darwin/19.6.0 exe/x86_64 command/dynamodb.list-tables,0.010907329,1.0986123,1.0,0.0,2.0
"Mozilla/5.0 (Macintosh; Intel Mac OS X 10_15_6) AppleWebKit/537.36 (KHTML, like Gecko) NoSQLWorkbenchforAmazonDynamoDB/1.1.0 Chrome/78.0.3904.130 Electron/7.1.14 Safari/537.36",0.010907329,1.0986123,1.0,0.0,2.0
aws-cli/1.15.63 Python/3.7.0 Windows/10 botocore/1.10.62,0.010907166,3.0445225,9.0,2.1547832,3.0
aws-cli/1.16.241 Python/3.7.4 Darwin/19.0.0 botocore/1.12.231,0.010900368,4.26268,13.0,1.8992629,30.0
aws-cli/1.16.197 Python/3.7.3 Linux/4.19.0-parrot4-28t-amd64 botocore/1.12.187,0.010893135,3.295837,9.0,1.9459348,10.0
aws-cli/1.16.192 Python/3.7.3 Darwin/18.6.0 botocore/1.12.182,0.010879005,3.7612002,10.0,1.9882982,16.0
aws-cli/1.16.40 Python/3.7.0 Darwin/18.2.0 botocore/1.12.30,0.010858091,4.356709,15.0,1.0511315,61.0
aws-cli/1.11.56 Python/3.6.0 Linux/4.9.11-1-ARCH botocore/1.5.17,0.01085178,4.644391,5.0,0.36725545,95.0
[aws-cli/1.14.37 Python/2.7.10 Darwin/16.7.0 botocore/1.9.11],0.010843845,1.3862944,2.0,0.6365142,2.0
aws-cli/1.11.136 Python/2.7.13 Linux/4.11.0-kali1-amd64 botocore/1.6.3,0.010828012,2.5649493,9.0,2.094729,3.0
aws-cli/1.15.70 Python/3.7.0 Darwin/17.5.0 botocore/1.10.69,0.010814163,4.304065,19.0,1.8784577,41.0
aws-cli/1.16.198 Python/3.7.4 Windows/10 botocore/1.12.188,0.010811429,3.9702919,2.0,0.16302365,50.0
[aws-cli/1.11.21 Python/2.7.10 Darwin/15.6.0 botocore/1.4.78],0.0108026955,0.6931472,1.0,0.0,1.0
[aws-cli/1.10.13 Python/2.7.10 Darwin/15.6.0 botocore/1.3.30],0.0108026955,0.6931472,1.0,0.0,1.0
[aws-cli/1.11.42 Python/2.7.10 Darwin/16.1.0 botocore/1.5.5],0.0108026955,0.6931472,1.0,0.0,1.0
[aws-cli/1.18.146 Python/3.8.4 Linux/5.7.0-kali1-amd64 botocore/1.18.5],0.010783801,1.0986123,2.0,0.6931472,1.0
[aws-cli/1.14.56 Python/2.7.10 Darwin/17.7.0 botocore/1.9.9],0.010783801,1.0986123,2.0,0.6931472,1.0
[aws-cli/1.16.273 Python/3.7.4 Windows/10 botocore/1.13.9],0.010783801,1.0986123,2.0,0.6931472,1.0
aws-cli/1.18.77 Python/2.7.16 Linux/4.19.0-kali4-amd64 botocore/1.17.0,0.010769039,2.1972246,3.0,1.0397208,4.0
"[AWSCloudTrail, aws-internal/3 aws-sdk-java/1.11.347 Linux/4.9.93-0.1.ac.178.67.327.metal1.x86_64 OpenJDK_64-Bit_Server_VM/25.172-b11 java/1.8.0_172]",0.010720661,1.9459101,2.0,0.6931472,3.0
aws-cli/2.0.29 Python/3.7.3 Linux/5.6.0-kali2-amd64 botocore/2.0.0dev33,0.01071634,3.871201,9.0,0.987342,36.0
aws-cli/1.15.82 Python/2.7.15 Windows/10 botocore/1.10.81,0.010691294,3.3672957,2.0,0.4101163,24.0
aws-cli/2.0.0dev0 Python/3.7.4 Darwin/18.7.0 botocore/2.0.0dev0,0.010681573,4.204693,2.0,0.18490742,63.0
aws-cli/1.15.35 Python/3.6.5 Darwin/17.4.0 botocore/1.10.35,0.010681549,4.0253515,6.0,0.5148697,49.0
aws-cli/1.15.49 Python/2.7.15 Linux/4.19.6-300.fc29.x86_64 botocore/1.12.2,0.010663752,2.7725887,5.0,1.415369,5.0
aws-cli/2.0.19 Python/3.7.3 Linux/3.13.0-79-generic botocore/2.0.0dev23,0.010659426,4.3820267,6.0,0.47916427,71.0
aws-cli/1.16.90 Python/3.7.3 Darwin/18.2.0 botocore/1.12.80,0.01065718,3.465736,3.0,0.4571023,27.0
aws-cli/2.0.42 Python/3.7.3 Linux/5.2.0-kali2-amd64 exe/x86_64.kali.2019 command/iam.list-attached-user-policies,0.010625935,0.6931472,1.0,0.0,1.0
aws-cli/1.14.44 Python/3.6.9 Linux/4.4.0-039049-Microsoft botocore/1.14.9,0.010595724,4.060443,18.0,1.9381961,31.0
"Mozilla/5.0 (Macintosh; Intel Mac OS X 10_15_6) AppleWebKit/537.36 (KHTML, like Gecko) Chrome/85.0.4183.121 Safari/537.36",0.01056611,1.0986123,1.0,0.0,2.0
aws-cli/1.14.24 Python/3.6.4 Linux/4.14.13-1-ARCH botocore/1.8.28,0.010536368,3.218876,13.0,2.0212564,11.0
aws-cli/1.16.210 Python/3.7.3 Linux/4.19.0-5-amd64 botocore/1.12.200,0.010529988,3.9702919,2.0,0.16302365,50.0
aws-cli/1.16.169 Python/3.6.7 Linux/4.4.0-039049-Microsoft botocore/1.12.159,0.010521653,3.9702919,2.0,0.16302365,50.0
aws-cli/1.11.13 Python/3.5.3 Linux/4.4.0-43-Microsoft botocore/1.4.70,0.010498892,3.583519,4.0,0.5608192,30.0
aws-cli/1.16.169 Python/3.6.7 Linux/4.18.0-25-generic botocore/1.12.159,0.010488422,4.0073333,2.0,0.15841055,52.0
aws-cli/1.16.312 Python/3.5.2 Linux/4.8.0-53-generic botocore/1.13.48,0.010451375,4.26268,14.0,1.5691891,44.0
aws-cli/1.16.203 Python/2.7.14 Linux/4.13.0-kali1-686-pae botocore/1.12.193,0.010417588,2.7080503,7.0,1.9459101,2.0
aws-cli/1.16.213 Python/3.7.1 Windows/10 botocore/1.12.203,0.010416442,1.609438,2.0,0.6931472,2.0
aws-cli/1.16.255 Python/3.7.3 Linux/5.0.0-31-generic botocore/1.12.245,0.010392766,2.944439,11.0,2.2122564,5.0
aws-cli/1.16.136 Python/3.6.0 Windows/10 botocore/1.12.126,0.010359804,3.2580965,1.0,0.0,25.0
aws-cli/1.16.274 Python/2.7.10 Darwin/18.5.0 botocore/1.13.10,0.010330786,1.0986123,2.0,0.6931472,1.0
aws-cli/1.11.167 Python/2.7.12 Windows/7 botocore/1.7.25,0.010326598,2.6390574,2.0,0.54020417,10.0
aws-cli/1.18.14 Python/2.7.17 Linux/5.4.0-kali4-amd64 botocore/1.15.14,0.010316347,4.1271343,10.0,1.0135803,47.0
aws-cli/1.11.117 Python/2.7.13 Linux/4.9.15-x86_64-linode81 botocore/1.5.80,0.010311069,3.0445225,9.0,1.6075752,11.0
aws-cli/1.11.127 Python/2.7.12 Linux/4.10.0-30-generic botocore/1.5.92,0.010248846,4.2904596,3.0,0.6998504,55.0
aws-cli/1.18.70 Python/3.8.5 Linux/5.4.0-kali3-amd64 botocore/1.16.20,0.010245699,3.6109178,2.0,0.12693056,35.0
aws-cli/1.16.199 Python/2.7.15 Darwin/18.7.0 botocore/1.12.189,0.010244791,3.8918202,10.0,1.0300229,37.0
aws-cli/1.14.44 Python/3.6.4rc1 Linux/4.14.0-kali1-amd64 botocore/1.8.48,0.010235428,3.3672957,9.0,1.6969254,14.0
aws-cli/1.16.28 Python/2.7.10 Darwin/17.7.0 botocore/1.12.18,0.010207388,2.6390574,9.0,2.0981474,3.0
aws-cli/1.11.57 Python/2.7.10 Darwin/15.6.0 botocore/1.5.20,0.010180211,3.7612002,4.0,0.4135132,38.0
aws-cli/1.16.260 Python/3.7.5 Linux/reka agent botocore/1.12.250,0.010146078,3.6109178,2.0,0.21455918,34.0
aws-cli/2.0.16 Python/3.7.3 Linux/5.5.0-1parrot1-amd64 botocore/2.0.0dev20,0.010130089,1.9459101,4.0,1.3296614,2.0
aws-cli/1.16.26 Python/2.7.15 Windows/10 botocore/1.12.16,0.010110955,2.1972246,4.0,1.3208883,3.0
aws-cli/1.11.74 Python/2.7.12 Linux/4.4.0-31-generic botocore/1.5.34,0.010071043,1.3862944,2.0,0.6365142,2.0
aws-cli/1.11.145 Python/2.7.12 Linux/4.10.0-33-generic botocore/1.7.3,0.010071043,1.3862944,2.0,0.6365142,2.0
aws-cli/1.11.56 Python/2.7.10 Darwin/17.5.0 botocore/1.5.19,0.010060711,3.9702919,2.0,0.16302365,50.0
aws-cli/1.14.32 Python/3.6.4 Darwin/17.4.0 botocore/1.8.36,0.010011652,3.8501475,9.0,1.3693745,30.0
aws-cli/1.16.180 Python/3.7.3 Darwin/16.7.0 botocore/1.12.170,0.009969329,4.6151204,2.0,0.0980391,98.0
aws-cli/1.16.246 Python/3.7.0 Darwin/19.2.0 botocore/1.12.253,0.009928326,1.3862944,1.0,0.0,3.0
aws-cli/1.16.246 Python/3.7.0 Darwin/19.0.0 botocore/1.12.236,0.009928326,1.3862944,1.0,0.0,3.0
aws-cli/1.16.246 Python/3.7.3 Darwin/19.0.0 botocore/1.12.236,0.009928326,1.3862944,1.0,0.0,3.0
aws-cli/1.16.139 Python/3.7.3 Darwin/18.2.0 botocore/1.12.129,0.009914467,2.1972246,2.0,0.56233513,6.0
aws-cli/1.16.26 Python/3.6.8 Linux/4.18.0-25-generic botocore/1.12.16,0.009900143,3.9702919,2.0,0.16302365,50.0
aws-cli/1.15.15 Python/3.6.5rc1 Linux/4.14.0-kali3-amd64 botocore/1.10.55,0.009896311,3.218876,2.0,0.17320523,23.0
aws-cli/1.16.171 Python/2.7.10 Darwin/18.6.0 botocore/1.12.161,0.0098955035,3.9702919,2.0,0.16302365,50.0
[aws-cli/1.16.190 Python/3.7.4 Darwin/18.6.0 botocore/1.12.180],0.009889519,3.4011974,1.0,0.0,29.0
aws-cli/1.16.282 Python/2.7.16 Darwin/18.7.0 botocore/1.13.18,0.009868813,1.3862944,2.0,0.6365142,2.0
aws-cli/1.16.9 Python/2.7.15 Linux/4.16.0-kali2-amd64 botocore/1.11.9,0.009845668,4.65396,2.0,0.09503014,102.0
aws-cli/1.18.3 Python/2.7.16 Darwin/19.4.0 botocore/1.15.3,0.009839792,4.8751974,16.0,0.86601186,109.0
aws-cli/1.16.107 Python/3.6.7 Linux/4.4.0-53329-Microsoft botocore/1.12.97,0.009804995,2.5649493,6.0,1.7917594,2.0
aws-cli/1.16.10 Python/3.7.3 Darwin/18.7.0 botocore/1.12.0,0.009804995,2.5649493,6.0,1.7917594,2.0
aws-cli/1.17.5 Python/2.7.15 Darwin/18.7.0 botocore/1.14.5,0.00968399,3.637586,4.0,0.53858984,32.0
aws-cli/1.11.79 Python/2.7.10 Darwin/16.4.0 botocore/1.5.42,0.009662984,3.6888795,3.0,0.469244,34.0
[aws-cli/1.16.100 Python/3.7.2 Darwin/15.6.0 botocore/1.12.90],0.009640271,1.9459101,2.0,0.6365142,4.0
aws-cli/1.17.10 Python/2.7.14+ Linux/4.14.0-kali3-amd64 botocore/1.14.10,0.009571387,3.3322046,4.0,0.7544627,21.0
aws-cli/1.14.44 Python/3.6.8 Linux/4.15.0-51-generic botocore/1.8.48,0.009560344,3.7612002,2.0,0.19144407,40.0
aws-cli/1.15.35 Python/2.7.9 Windows/8 botocore/1.10.35,0.009542813,3.583519,2.0,0.12974069,34.0
aws-cli/2.0.0 Python/3.7.5 Windows/10 botocore/2.0.0dev4,0.009519626,3.637586,11.0,1.8171366,17.0
aws-cli/1.11.88 Python/2.7.9 Windows/8 botocore/1.5.51,0.009491569,3.1780539,10.0,1.695724,12.0
Boto3/1.7.19 Python/3.6.3 Darwin/19.3.0 Botocore/1.15.22,0.009488509,1.7917595,2.0,0.67301166,3.0
"Mozilla/5.0 (X11; CrOS armv7l 9592.94.0) AppleWebKit/537.36 (KHTML, like Gecko) Chrome/60.0.3112.114 Safari/537.36",0.009485259,0.6931472,1.0,0.0,1.0
"Mozilla/5.0 (Windows NT 6.3; Win64; x64) AppleWebKit/537.36 (KHTML, like Gecko) Chrome/59.0.3071.115 Safari/537.36",0.009485259,0.6931472,1.0,0.0,1.0
aws-cli/1.16.265 Python/3.6.8 Linux/4.4.0-039049-Microsoft botocore/1.13.1,0.009473791,4.248495,12.0,1.1797527,51.0
aws-cli/1.16.220 Python/2.7.12 Linux/4.4.0-66-generic botocore/1.12.210,0.009472102,1.609438,2.0,0.6931472,2.0
aws-cli/1.16.220 Python/3.6.0 Windows/7 botocore/1.12.210,0.009472102,1.609438,2.0,0.6931472,2.0
aws-cli/1.16.92 Python/3.5.2 Linux/4.4.0-039049-Microsoft botocore/1.12.82,0.009434278,2.4849067,8.0,2.019815,2.0
aws-cli/1.11.101 Python/2.7.10 Darwin/15.6.0 botocore/1.5.64,0.00938592,2.9957323,4.0,0.89762217,13.0
aws-cli/1.17.14 Python/3.8.2 Linux/5.4.0-1013-raspi botocore/1.14.14,0.009361984,2.8332133,10.0,2.0140357,6.0
aws-cli/1.18.77 Python/3.6.9 Linux/5.3.0-59-generic botocore/1.17.0,0.009357089,3.6109178,2.0,0.21455918,34.0
aws-cli/1.16.136 Python/3.6.7 Linux/4.18.0-16-generic botocore/1.12.126,0.009314368,3.8501475,2.0,0.29543918,42.0
aws-cli/1.18.69 Python/3.6.9 Linux/4.15.0-112-generic botocore/1.16.19,0.00928856,3.637586,2.0,0.12425082,36.0
aws-cli/1.16.117 Python/3.7.2 Darwin/18.7.0 botocore/1.12.107,0.009288559,3.637586,2.0,0.12425082,36.0
aws-cli/2.0.38 Python/3.7.4 Darwin/19.6.0 exe/x86_64 command/ec2.describe-instances,0.009275534,1.7917595,1.0,0.0,5.0
aws-cli/1.11.78 Python/2.7.11 Darwin/16.4.0 botocore/1.5.41,0.0092745125,3.5263605,13.0,1.9976661,15.0
aws-cli/1.14.44 Python/3.6.6 Linux/4.4.0-01985-Microsoft botocore/1.8.48,0.009268231,2.6390574,6.0,1.6977336,3.0
aws-cli/1.16.10 Python/2.7.10 Darwin/17.7.0 botocore/1.12.0,0.009244053,3.637586,10.0,1.4603481,23.0
aws-cli/1.16.220 Python/3.6.6 Linux/4.18.19-100.fc27.x86_64 botocore/1.12.210,0.0092074685,3.6888795,10.0,1.2751904,27.0
aws-cli/1.14.2 Python/2.7.14 Linux/4.13.0-kali1-amd64 botocore/1.8.6,0.009199136,1.3862944,2.0,0.6365142,2.0
aws-cli/1.17.4 Python/3.6.0 Windows/10 botocore/1.14.4,0.009195758,3.3322046,12.0,2.2711048,7.0
aws-cli/1.16.160 Python/3.7.2 Linux/4.9.0-8-amd64 botocore/1.12.150,0.009183884,4.634729,2.0,0.096508965,100.0
aws-cli/1.16.169 Python/3.6.7 Linux/4.9.125-linuxkit botocore/1.12.159,0.009156398,3.9702919,2.0,0.16302365,50.0
aws-cli/1.16.305 Python/2.7.10 Darwin/18.7.0 botocore/1.13.41,0.009053936,2.9957323,2.0,0.43616232,16.0
aws-cli/1.17.5 Python/3.6.9 Linux/4.4.0-356839-Microsoft botocore/1.14.5,0.009031499,1.609438,3.0,1.0397208,2.0
aws-cli/1.16.260 Python/3.7.4 Darwin/18.7.0 botocore/1.12.214,0.009022798,1.0986123,2.0,0.6931472,1.0
aws-cli/1.16.266 Python/3.8.0 Windows/10 botocore/1.13.2,0.009022798,1.0986123,2.0,0.6931472,1.0
aws-cli/1.16.265 Python/3.8.0 Linux/4.15.0-20-generic botocore/1.13.1,0.009022798,1.0986123,2.0,0.6931472,1.0
aws-cli/1.16.113 Python/3.6.7 Linux/4.15.0-50-generic botocore/1.12.152,0.009011389,3.0445225,8.0,2.0253263,4.0
aws-cli/1.16.20 Python/3.7.0 Darwin/18.7.0 botocore/1.12.10,0.008993825,3.988984,2.0,0.16068053,51.0
aws-cli/1.16.208 Python/2.7.12 Linux/4.4.0-157-generic botocore/1.12.198,0.0089901285,4.0430512,3.0,0.30682918,52.0
aws-cli/1.16.160 Python/3.6.7 Linux/4.4.0-01985-Microsoft botocore/1.12.150,0.008990127,4.0430512,3.0,0.30682918,52.0
aws-cli/1.15.42 Python/2.7.15 Linux/4.6.0-kali1-amd64 botocore/1.10.42,0.0089897495,3.7841897,10.0,0.97291505,34.0
aws-cli/1.18.112 Python/3.8.5 Darwin/19.6.0 botocore/1.17.35,0.008989746,3.7841897,10.0,0.97291505,34.0
aws-cli/1.16.122 Python/3.6.7 Linux/4.15.0-20-generic botocore/1.12.112,0.008973793,5.209486,11.0,0.8335915,150.0
aws-cli/1.15.70 Python/3.7.0 Darwin/18.7.0 botocore/1.10.69,0.00897141,3.8286414,2.0,0.10656595,44.0
[Boto3/1.7.52 Python/2.7.15 Linux/4.16.0-kali2-amd64 Botocore/1.10.50],0.00895317,2.4849067,2.0,0.3046361,10.0
aws-cli/1.11.55 Python/2.7.12+ Linux/4.8.0-39-generic botocore/1.5.18,0.008935696,2.944439,2.0,0.21455918,17.0
aws-cli/1.14.50 Python/3.6.4 Darwin/17.4.0 botocore/1.9.3,0.008912529,4.1431346,18.0,1.8488092,35.0
Boto3/1.15.2 Python/3.8.2 Linux/5.6.3-arch1-1 Botocore/1.18.2,0.008912194,7.4283333,632.0,6.2720537,24.0
aws-cli/1.16.110 Python/3.6.0 Windows/10 botocore/1.12.100,0.00890872,4.6151204,2.0,0.0980391,98.0
Boto3/1.9.28 Python/3.5.3 Linux/4.14.0-0.bpo.3-amd64 Botocore/1.12.28,0.008904078,0.6931472,1.0,0.0,1.0
aws-cli/1.15.55 Python/2.7.12 Linux/4.4.0-53329-Microsoft botocore/1.10.54,0.00885997,3.3672957,3.0,0.50913733,24.0
aws-cli/1.16.220 Python/2.7.14 Darwin/18.0.0 botocore/1.12.210,0.008836132,2.8332133,7.0,1.9061549,4.0
[aws-cli/1.16.113 Python/3.6.6 Linux/4.18.0-kali2-amd64 botocore/1.12.103],0.008816513,3.3672957,1.0,0.0,28.0
[aws-cli/1.16.190 Python/3.7.3 Darwin/18.6.0 botocore/1.12.180],0.008816513,3.3672957,1.0,0.0,28.0
[aws-cli/1.14.44 Python/3.6.7 Linux/4.15.0-45-generic botocore/1.8.48],0.008816513,3.3672957,1.0,0.0,28.0
aws-cli/1.15.58 Python/2.7.9 Windows/7 botocore/1.10.57,0.0088164415,3.1354942,2.0,0.3046361,20.0
[aws-cli/2.0.24 Python/3.8.3 Darwin/19.6.0 botocore/2.0.0dev28],0.008800331,1.7917595,2.0,0.67301166,3.0
aws-cli/1.11.56 Python/3.4.6 Darwin/16.4.0 botocore/1.5.19,0.008775141,3.1354942,2.0,0.3046361,20.0
aws-cli/1.16.215 Python/2.7.17 Linux/4.19.101 botocore/1.12.205,0.008770433,3.6109178,2.0,0.3488321,32.0
aws-cli/1.16.245 Python/3.7.4 Darwin/17.7.0 botocore/1.12.235,0.008759523,3.9512436,9.0,0.94678026,40.0
aws-cli/2.0.19 Python/3.7.4 Darwin/19.4.0 botocore/2.0.0dev23,0.008755792,4.3307333,11.0,0.9162327,60.0
aws-cli/1.16.169 Python/3.7.6 Darwin/18.7.0 botocore/1.12.159,0.008718768,3.6109178,2.0,0.21455918,34.0
aws-cli/2.0.27 Python/3.7.3 Linux/4.4.0-039049-Microsoft botocore/2.0.0dev31,0.008716696,4.060443,10.0,0.9648285,45.0
aws-cli/1.16.215 Python/3.7.4 Linux/4.19.61-1-lts botocore/1.12.205,0.008684452,1.609438,2.0,0.6931472,2.0
aws-cli/1.16.198 Python/3.7.3 Linux/4.19.0-kali4-amd64 botocore/1.12.188,0.008684452,1.609438,2.0,0.6931472,2.0
[aws-cli/1.11.30 Python/2.7.13 Darwin/16.3.0 botocore/1.4.87],0.008621637,2.0794415,3.0,0.7963117,5.0
[aws-cli/1.16.52 Python/3.6.3 Darwin/16.7.0 botocore/1.12.42],0.008621634,2.0794415,3.0,0.7963117,5.0
aws-cli/1.16.122 Python/3.6.7 Linux/4.15.0-46-generic botocore/1.12.112,0.00861818,3.9702919,2.0,0.16302365,50.0
aws-cli/1.16.41 Python/2.7.9 Linux/4.9.93-mainline-rev1 botocore/1.12.57,0.008612921,1.0986123,1.0,0.0,2.0
aws-cli/1.14.44 Python/3.6.8 Linux/4.15.0-1058-aws botocore/1.8.48,0.008581166,3.7841897,11.0,1.2210562,31.0
aws-cli/1.14.4 Python/2.7.14 CYGWIN_NT-6.1/2.9.0(0.318/5/3) botocore/1.8.8,0.008525651,3.3322046,1.0,0.0,27.0
aws-cli/1.17.5 Python/3.6.9 Linux/4.4.0-039049-Microsoft botocore/1.14.5,0.008515225,2.9957323,6.0,1.570859,7.0
"Mozilla/5.0 (Macintosh; Intel Mac OS X 10_15_2) AppleWebKit/537.36 (KHTML, like Gecko) Chrome/79.0.3945.117 Safari/537.36",0.008501325,1.0986123,1.0,0.0,2.0
"Mozilla/5.0 (Macintosh; Intel Mac OS X 10_12_5) AppleWebKit/537.36 (KHTML, like Gecko) Chrome/59.0.3071.115 Safari/537.36",0.008501325,1.0986123,1.0,0.0,2.0
aws-cli/1.16.13 Python/2.7.9 Windows/7 botocore/1.12.3,0.008479828,3.637586,10.0,1.331986,24.0
aws-cli/1.16.198 Python/3.7.1 Windows/10 botocore/1.12.188,0.008478012,4.0775375,3.0,0.3984405,52.0
aws-cli/1.11.13 Python/3.5.3 Linux/4.9.0-kali1-amd64 botocore/1.4.70,0.0084470725,3.1354942,9.0,1.7903137,9.0
aws-cli/1.15.40 Python/2.7.10 Darwin/17.7.0 botocore/1.10.40,0.008433436,3.583519,9.0,1.1769342,25.0
aws-cli/1.16.278 Python/2.7.13 Linux/4.9.0-4-amd64 botocore/1.13.14,0.008426486,3.5553482,5.0,0.68525577,28.0
aws-cli/1.16.90 Python/3.7.3 Darwin/18.7.0 botocore/1.12.80,0.008398707,3.4339871,12.0,2.2572784,8.0
aws-cli/1.14.22 Python/2.7.13 Darwin/16.7.0 botocore/1.8.26,0.008386702,3.6635616,6.0,0.97233105,28.0
aws-cli/1.17.0 Python/3.8.1 Darwin/18.7.0 botocore/1.14.0,0.008351982,4.276666,9.0,0.6843821,61.0
[aws-sdk-go/1.7.3 (go1.8; darwin; amd64)],0.008346135,3.5553482,3.0,0.6490485,27.0
aws-cli/1.16.166 Python/2.7.16 Darwin/18.6.0 botocore/1.12.156,0.008331809,4.0073333,3.0,0.3153963,50.0
aws-cli/2.0.50 Python/3.7.3 Linux/5.5.0-kali2-amd64 exe/x86_64.kali.2020 command/iam.list-attached-user-policies,0.008329209,0.6931472,1.0,0.0,1.0
aws-cli/1.16.169 Python/3.6.8 Linux/4.18.0-25-generic botocore/1.12.159,0.008312311,2.944439,9.0,2.1972246,2.0
aws-cli/1.11.100 Python/2.7.13 Linux/4.9.0-kali4-amd64 botocore/1.5.63,0.00829057,2.4849067,2.0,0.47413933,9.0
aws-cli/1.16.43 Python/3.6.0 Windows/10 botocore/1.12.33,0.008272944,1.9459101,3.0,1.0986123,2.0
aws-cli/1.16.95 Python/3.7.0 Darwin/18.2.0 botocore/1.12.85,0.008264782,3.8501475,2.0,0.1788449,44.0
aws-cli/2.0.38 Python/3.7.4 Darwin/19.6.0 exe/x86_64 command/iam.list-attached-user-policies,0.00823982,0.6931472,1.0,0.0,1.0
aws-cli/2.0.36 Python/3.8.5 Darwin/19.6.0 source/x86_64 command/iam.list-attached-user-policies,0.00823982,0.6931472,1.0,0.0,1.0
aws-cli/1.11.151 Python/2.7.12 Windows/10 botocore/1.7.9,0.008181298,1.3862944,2.0,0.6365142,2.0
aws-cli/1.10.37 Python/2.7.10 Darwin/16.6.0 botocore/1.4.27,0.008181298,1.3862944,2.0,0.6365142,2.0
aws-cli/1.16.83 Python/2.7.15 Darwin/18.2.0 botocore/1.12.73,0.008176365,3.3322046,4.0,0.65514165,22.0
aws-cli/1.11.13 Python/3.5.3 Linux/4.7.0-kali1-amd64 botocore/1.4.70,0.008152895,2.4849067,2.0,0.47413933,9.0
aws-cli/1.16.225 Python/2.7.16+ Linux/4.14.131-linuxkit botocore/1.12.215,0.008144102,2.6390574,7.0,1.8446214,3.0
[aws-cli/1.4.2 Python/3.4.2 Linux/3.16.0-4-amd64],0.00814349,1.3862944,1.0,0.0,3.0
aws-internal/3 aws-sdk-java/1.11.367 Linux/4.9.110-0.1.ac.201.71.329.metal1.x86_64 OpenJDK_64-Bit_Server_VM/25.181-b13 java/1.8.0_181,0.008101497,0.6931472,1.0,0.0,1.0
aws-cli/1.16.300 Python/3.6.8 Linux/4.18.0-80.11.2.el8_0.x86_64 botocore/1.13.36,0.008066333,3.5263605,10.0,2.057086,9.0
aws-cli/1.16.28 Python/3.6.0 Windows/10 botocore/1.12.18,0.008062879,2.7080503,6.0,1.7721394,3.0
aws-cli/1.14.40 Python/2.7.9 Linux/3.16.0-5-amd64 botocore/1.8.44,0.008058243,2.1972246,2.0,0.56233513,6.0
aws-cli/2.0.36 Python/3.8.5 Darwin/19.6.0 source/x86_64 command/iam.get-user,0.00805528,0.6931472,1.0,0.0,1.0
aws-cli/1.18.6 Python/3.8.1 Darwin/19.2.0 botocore/1.15.6,0.0080248695,4.6728287,9.0,0.49859703,96.0
aws-cli/1.17.7 Python/2.7.17 Linux/5.4.0-kali3-amd64 botocore/1.14.7,0.00801844,2.7080503,9.0,2.1065772,3.0
aws-cli/1.11.47 Python/2.7.10 Darwin/16.6.0 botocore/1.5.10,0.008017932,3.1354942,2.0,0.3046361,20.0
aws-cli/1.16.169 Python/3.6.0 Darwin/15.6.0 botocore/1.12.159,0.007955896,2.5649493,6.0,1.7917594,2.0
aws-cli/1.16.213 Python/3.7.4 Darwin/18.7.0 botocore/1.12.203,0.007955496,3.9702919,2.0,0.16302365,50.0
aws-cli/1.15.81 Python/3.6.5 Linux/4.15.0-1017-gcp botocore/1.10.80,0.007944442,3.218876,10.0,2.2680159,4.0
aws-cli/1.16.157 Python/2.7.16 Linux/4.19.0-kali4-amd64 botocore/1.12.147,0.007890442,3.9702919,2.0,0.16302365,50.0
aws-cli/1.11.40 Python/3.5.2 Linux/4.8.16-200.fc24.x86_64 botocore/1.5.3,0.007881072,2.9957323,8.0,1.6847597,9.0
aws-cli/1.11.13 Python/3.5.2 Linux/4.4.0-134-generic botocore/1.4.70,0.007862901,4.0943446,9.0,0.907616,47.0
aws-cli/2.0.29 Python/3.7.7 Windows/10 botocore/2.0.0dev33,0.0078245755,3.8066626,10.0,1.0277679,34.0
aws-cli/1.14.36 Python/3.6.4 Linux/4.14.0-kali3-amd64 botocore/1.8.40,0.007811603,2.944439,2.0,0.21455918,17.0
aws-cli/1.18.148 Python/2.7.15rc1 Linux/4.4.0-76667-Microsoft botocore/1.18.7,0.0078090895,2.0794415,4.0,1.153742,4.0
aws-cli/1.16.303 Python/3.6.0 Windows/10 botocore/1.13.39,0.0077887625,2.8903718,9.0,1.9254082,6.0
aws-cli/1.16.80 Python/3.4.3 Darwin/15.6.0 botocore/1.12.70,0.007785248,3.8066626,2.0,0.18490742,42.0
aws-cli/2.0.54 Python/3.8.5 Darwin/18.7.0 source/x86_64 command/lambda.get-function,0.0077752173,0.6931472,1.0,0.0,1.0
aws-cli/2.0.50 Python/3.8.5 Darwin/19.6.0 source/x86_64 command/lambda.get-function,0.0077752173,0.6931472,1.0,0.0,1.0
aws-cli/2.0.38 Python/3.7.4 Darwin/19.6.0 exe/x86_64 command/lambda.get-function,0.0077752173,0.6931472,1.0,0.0,1.0
aws-cli/2.0.48 Python/3.7.3 Linux/5.4.0-47-generic exe/x86_64.ubuntu.20 command/iam.list-attached-user-policies,0.0077343257,0.6931472,1.0,0.0,1.0
aws-cli/1.16.41 Python/2.7.14+ Linux/4.14.0-kali3-686-pae botocore/1.12.31,0.0077070044,3.8501475,3.0,0.416933,41.0
aws-cli/2.0.54 Python/3.8.5 Darwin/18.7.0 source/x86_64 command/iam.list-roles,0.007703444,1.0986123,1.0,0.0,2.0
aws-cli/1.16.113 Python/3.7.3rc1 Linux/4.18.0-kali3-amd64 botocore/1.12.103,0.007636551,1.9459101,3.0,1.0986123,2.0
aws-cli/1.15.55 Python/2.7.14 Darwin/17.7.0 botocore/1.10.54,0.007630441,4.189655,2.0,0.18703082,62.0
aws-cli/1.16.113 Python/3.7.3 Linux/4.19.0-kali5-amd64 botocore/1.12.103,0.0076267086,3.9702919,2.0,0.16302365,50.0
aws-cli/2.0.0 Python/3.7.4 Darwin/18.7.0 botocore/2.0.0dev4,0.0076082693,3.218876,2.0,0.17320523,23.0
[aws-cli/2.0.9 Python/3.8.2 Darwin/19.6.0 botocore/2.0.0dev13],0.007584733,1.9459101,4.0,1.2424533,3.0
aws-cli/2.0.6 Python/3.7.3 Linux/5.4.0-kali4-amd64 botocore/2.0.0dev10,0.0075703533,4.0253515,2.0,0.1562102,53.0
aws-cli/1.16.144 Python/3.7.3 Darwin/18.6.0 botocore/1.12.134,0.007564475,3.9702919,2.0,0.16302365,50.0
aws-cli/2.0.7 Python/3.7.3 Linux/4.19.0-kali4-amd64 botocore/2.0.0dev11,0.007551041,3.4011974,9.0,1.3425741,19.0
aws-cli/1.14.63 Python/2.7.15rc1 Linux/4.15.0-45-generic botocore/1.9.16,0.0075128307,2.1972246,3.0,1.0397208,4.0
aws-cli/1.16.272 Python/2.7.16 Darwin/18.7.0 botocore/1.13.8,0.007512402,1.0986123,2.0,0.6931472,1.0
aws-cli/1.16.263 Python/3.6.0 Windows/10 botocore/1.12.253,0.007501569,4.7184987,11.0,0.76695246,93.0
aws-cli/1.15.63 Python/2.7.9 Windows/8 botocore/1.10.62,0.007498894,3.5263605,3.0,0.58986914,27.0
aws-cli/1.18.46 Python/3.8.3rc1 Linux/5.6.0-kali1-amd64 botocore/1.15.46,0.007498139,4.394449,9.0,0.82129765,65.0
aws-cli/1.16.303 Python/3.7.5 Linux/5.3.0-kali3-amd64 botocore/1.13.39,0.0074595837,3.583519,10.0,1.2165427,25.0
aws-cli/1.14.62 Python/2.7.9 Windows/8 botocore/1.9.15,0.007389213,4.158883,6.0,0.72775805,52.0
aws-cli/1.16.309 Python/3.6.9 Linux/4.4.0-039049-Microsoft botocore/1.13.45,0.007367281,3.637586,4.0,0.7468816,29.0
aws-cli/1.16.221 Python/3.5.2 Linux/4.4.0-130-generic botocore/1.12.211,0.007321052,3.8918202,10.0,1.5808415,28.0
aws-cli/1.16.227 Python/3.7.3 Linux/4.4.0-039049-Microsoft botocore/1.12.218,0.007319039,3.713572,10.0,1.3124789,27.0
[aws-cli/1.18.106 Python/2.7.12 Linux/4.4.0-64-generic botocore/1.17.29],0.00731373,3.295837,5.0,1.273601,10.0
aws-cli/1.14.44 Python/3.6.7 Linux/4.4.0-039049-Microsoft botocore/1.8.48,0.00725779,3.5553482,2.0,0.29843584,31.0
aws-cli/1.16.209 Python/2.7.16+ Linux/4.19.0-kali5-amd64 botocore/1.12.199,0.0072137397,4.0073333,2.0,0.15841055,52.0
aws-cli/1.15.67 Python/2.7.15 Darwin/17.7.0 botocore/1.10.66,0.0071997,2.4849067,2.0,0.47413933,9.0
aws-cli/1.11.56 Python/2.7.13 Linux/4.6.0-kali1-amd64 botocore/1.5.19,0.0071850326,2.4849067,2.0,0.47413933,9.0
aws-cli/1.18.142 Python/3.8.5 Darwin/19.4.0 botocore/1.18.1,0.0071741855,3.8066626,3.0,0.4851045,38.0
[aws-cli/1.11.13 Python/2.7.16 Darwin/19.3.0 botocore/1.4.70],0.0071522705,1.609438,2.0,0.56233513,3.0
aws-cli/2.0.52 Python/3.7.4 Darwin/18.7.0 exe/x86_64 command/iam.list-attached-user-policies,0.007133553,1.0986123,1.0,0.0,2.0
aws-cli/1.16.144 Python/3.6.7 Linux/4.9.125-linuxkit botocore/1.12.134,0.007114801,3.8501475,2.0,0.1788449,44.0
aws-cli/1.16.279 Python/3.6.0 Windows/10 botocore/1.13.15,0.007108899,2.1972246,5.0,1.4941752,3.0
aws-cli/1.18.6 Python/3.7.5 Linux/5.3.0-7625-generic botocore/1.15.6,0.0070616878,4.3307333,9.0,0.7061461,64.0
aws-cli/1.16.78 Python/2.7.10 Darwin/18.6.0 botocore/1.12.74,0.0070568034,3.9702919,2.0,0.16302365,50.0
aws-cli/2.0.30 Python/3.7.4 Darwin/19.5.0 botocore/2.0.0dev34,0.0070443875,3.6888795,2.0,0.33068064,35.0
aws-cli/1.16.263 Python/3.7.5 Linux/5.3.0-kali1-amd64 botocore/1.12.253,0.006996048,3.6635616,10.0,2.0238256,13.0
aws-cli/1.11.76 Python/2.7.10 Darwin/16.5.0 botocore/1.5.39,0.0069857114,2.9957323,9.0,1.8224566,8.0
aws-cli/1.16.169 Python/3.7.3 Darwin/18.5.0 botocore/1.12.159,0.0068556652,2.944439,9.0,2.1972246,2.0
aws-cli/2.0.0dev2 Python/3.7.5 Windows/10 botocore/2.0.0dev1,0.0068075196,3.4011974,11.0,2.1718318,7.0
aws-cli/2.0.49 Python/3.7.4 Darwin/19.6.0 exe/x86_64 command/secretsmanager.list-secrets,0.006805698,1.0986123,1.0,0.0,2.0
aws-cli/1.11.180 Python/3.6.3 Darwin/17.2.0 botocore/1.7.38,0.006782818,3.3672957,13.0,1.9136548,14.0
[aws-cli/1.16.193 Python/2.7.16 Linux/4.19.0-parrot4-28t-amd64 botocore/1.12.183],0.006780866,3.295837,1.0,0.0,26.0
[aws-cli/1.16.156 Python/3.7.3 Darwin/18.5.0 botocore/1.12.146],0.006780866,3.295837,1.0,0.0,26.0
aws-cli/2.0.22 Python/3.7.3 Linux/5.4.0-kali3-amd64 botocore/2.0.0dev26,0.0066904523,3.6109178,2.0,0.12693056,35.0
aws-cli/1.15.31 Python/2.7.15 Linux/4.16.0-2-amd64 botocore/1.10.31,0.00669045,3.6109178,2.0,0.12693056,35.0
aws-cli/2.0.34 Python/3.7.7 Windows/10 botocore/2.0.0dev38,0.006690449,3.6109178,2.0,0.12693056,35.0
"Mozilla/5.0 (Windows NT 10.0; Win64; x64) AppleWebKit/537.36 (KHTML, like Gecko) Chrome/64.0.3282.167 Safari/537.36",0.0066802027,0.6931472,1.0,0.0,1.0
Mozilla/5.0 (Windows NT 6.1; WOW64; Trident/7.0; rv:11.0) like Gecko,0.0066802027,0.6931472,1.0,0.0,1.0
aws-cli/2.0.49 Python/3.7.4 Darwin/19.6.0 exe/x86_64 command/apigateway.get-stage,0.0066619413,1.3862944,1.0,0.0,3.0
aws-cli/1.16.218 Python/3.7.5 Linux/5.3.0-61-generic botocore/1.12.208,0.006660258,2.9957323,2.0,0.20619202,18.0
aws-cli/1.16.184 Python/2.7.10 Darwin/18.7.0 botocore/1.12.174,0.006598002,1.9459101,2.0,0.6365142,4.0
aws-cli/1.16.166 Python/2.7.12 Linux/4.4.0-165-generic botocore/1.12.156,0.006571559,4.1271343,9.0,0.8851751,49.0
aws-cli/1.15.42 Python/2.7.15rc1 Linux/4.14.0-kali3-amd64 botocore/1.10.42,0.006563278,3.1780539,9.0,2.0543563,5.0
aws-cli/1.15.67 Python/2.7.14+ Linux/4.13.0-kali1-amd64 botocore/1.10.66,0.006548566,1.3862944,1.0,0.0,3.0
SimpleEmailService/php,0.006526789,1.0986123,1.0,0.0,2.0
aws-cli/2.0.4 Python/3.7.5 Windows/10 botocore/2.0.0dev8,0.006526789,1.0986123,1.0,0.0,2.0
aws-cli/2.0.42 Python/3.7.7 Windows/10 exe/AMD64 command/ses.get-send-quota,0.006526789,1.0986123,1.0,0.0,2.0
aws-cli/1.16.197 Python/2.7.10 Darwin/18.6.0 botocore/1.12.187,0.006511544,4.0073333,2.0,0.15841055,52.0
[aws-cli/2.0.5 Python/3.7.3 Linux/5.3.0-42-generic botocore/2.0.0dev9],0.00650796,1.3862944,2.0,0.6365142,2.0
aws-cli/1.16.218 Python/3.7.3 Linux/4.19.0-kali5-amd64 botocore/1.12.208,0.0064956085,1.0986123,2.0,0.6931472,1.0
aws-cli/1.14.15 Python/2.7.12 Darwin/17.4.0 botocore/1.8.19,0.006450844,3.1780539,5.0,0.9208327,17.0
aws-cli/1.16.203 Python/3.7.4 Darwin/18.6.0 botocore/1.12.193,0.00637628,1.609438,2.0,0.6931472,2.0
aws-cli/2.0.0dev5 Python/3.7.5 Windows/10 botocore/2.0.0dev4,0.0063701207,1.0986123,2.0,0.6931472,1.0
aws-cli/2.0.7 Python/3.7.3 Linux/5.3.0-kali2-amd64 botocore/2.0.0dev11,0.0063701207,1.0986123,2.0,0.6931472,1.0
aws-cli/1.11.190 Python/3.6.3 Darwin/16.7.0 botocore/1.7.48,0.0063641276,4.3820267,30.0,2.4368873,37.0
aws-sdk-go/1.4.14 (go1.6.2; linux; amd64),0.006361023,1.609438,1.0,0.0,4.0
aws-cli/1.16.17 Python/2.7.10 Darwin/16.7.0 botocore/1.12.7,0.006350082,2.9957323,2.0,0.20619202,18.0
aws-cli/1.16.180 Python/3.7.3 Linux/5.1.0-parrot1-3t-amd64 botocore/1.12.170,0.006345683,2.1972246,3.0,1.0397208,4.0
aws-cli/1.16.174 Python/2.7.12 Linux/5.0.0-16-generic botocore/1.12.164,0.0063240156,4.0775375,2.0,0.14999494,56.0
[aws-cli/1.15.34 Python/2.7.9 Windows/8 botocore/1.10.34],0.0063186632,1.3862944,2.0,0.6365142,2.0
[aws-cli/1.16.102 Python/2.7.16 Linux/4.14.133-88.112.amzn1.x86_64 botocore/1.12.92],0.0063091693,1.3862944,2.0,0.6365142,2.0
aws-cli/1.18.69 Python/3.7.3 Linux/4.19.0-9-amd64 botocore/1.16.19,0.0062599657,4.317488,3.0,0.28111205,69.0
aws-cli/1.16.26 Python/3.6.6 Linux/4.18.0-2-amd64 botocore/1.12.16,0.0062543405,3.465736,4.0,0.61195177,26.0
aws-cli/1.16.169 Python/3.6.7 Linux/4.18.0-kali2-amd64 botocore/1.12.159,0.006197718,2.944439,9.0,2.1972246,2.0
[aws-cli/1.11.47 Python/2.7.13 Darwin/16.4.0 botocore/1.5.10],0.00619647,1.9459101,3.0,0.86756325,4.0
aws-cli/1.17.5 Python/3.7.1 Darwin/19.2.0 botocore/1.14.5,0.006164527,1.7917595,3.0,1.0549202,2.0
[aws-cli/1.11.13 Python/3.5.2 Linux/4.8.0-39-generic botocore/1.4.70],0.006160969,1.609438,1.0,0.0,4.0
aws-cli/1.11.153 Python/2.7.11 Windows/10 botocore/1.7.11,0.00615516,2.9957323,6.0,1.1165107,13.0
[Boto3/1.9.85 Python/3.4.2 Linux/3.16.0-5-amd64 Botocore/1.12.85 Resource],0.0061267167,1.9459101,2.0,0.6931472,3.0
aws-cli/1.16.185 Python/3.6.0 Windows/10 botocore/1.12.175,0.00612478,2.944439,9.0,2.1972246,2.0
aws-cli/1.16.274 Python/2.7.5 Linux/3.10.0-514.10.2.el7.x86_64 botocore/1.13.10,0.006117444,2.0794415,3.0,1.0042424,3.0
aws-cli/1.16.231 Python/3.7.4 Windows/10 botocore/1.12.221,0.006082474,0.6931472,1.0,0.0,1.0
aws-cli/1.16.129 Python/2.7.12 Linux/4.4.0-1069-aws botocore/1.12.119,0.006082206,4.0775375,2.0,0.14999494,56.0
aws-cli/1.14.44 Python/3.6.5 Linux/4.15.0-23-generic botocore/1.8.48,0.0060695433,2.7725887,9.0,1.9867315,5.0
aws-cli/1.16.189 Python/2.7.10 Darwin/18.6.0 botocore/1.12.179,0.006027966,1.9459101,2.0,0.6365142,4.0
aws-cli/1.16.177 Python/2.7.10 Darwin/18.6.0 botocore/1.12.167,0.006027966,1.9459101,2.0,0.6365142,4.0
aws-cli/1.15.1 Python/2.7.15rc1 Linux/4.15.0-30-generic botocore/1.10.1,0.0060218065,3.218876,11.0,1.9657923,10.0
AWSPowerShell/5.255.35.8 .NET_Runtime/4.0 .NET_Framework/4.0 OS/Microsoft_Windows_NT_10.0.17369.0 WindowsPowerShell/5.0 ClientSync,0.0060182186,1.3862944,2.0,0.6365142,2.0
aws-cli/1.16.192 Python/2.7.15 Darwin/18.6.0 botocore/1.12.182,0.0059281816,3.9702919,2.0,0.16302365,50.0
aws-cli/1.16.264 Python/3.7.6 Darwin/18.7.0 botocore/1.13.0,0.0059210155,2.8903718,9.0,1.8380835,7.0
aws-cli/1.11.13 Python/3.5.2 Linux/4.4.0-143-generic botocore/1.4.70,0.005908766,2.944439,9.0,2.1972246,2.0
aws-cli/1.16.266 Python/2.7.15+ Linux/5.0.0-31-generic botocore/1.13.2,0.0059047495,4.0943446,3.0,0.28602618,55.0
aws-cli/1.15.79 Python/3.6.6 Linux/4.18.0-kali1-amd64 botocore/1.10.78,0.0058472324,4.2904596,9.0,1.1737423,51.0
aws-cli/1.8.13 Python/2.7.10 Darwin/14.5.0,0.0058428813,1.7917595,3.0,1.0549202,2.0
aws-cli/2.0.39 Python/3.7.7 Windows/10 exe/AMD64 command/ec2.describe-snapshots,0.0058294362,3.2580965,1.0,0.0,25.0
[Boto3/1.14.28 Python/3.8.5 Linux/5.8.0-kali1-amd64 Botocore/1.17.28],0.0058294362,3.2580965,1.0,0.0,25.0
aws-cli/1.11.44 Python/2.7.13 Darwin/16.6.0 botocore/1.5.7,0.005828611,3.295837,2.0,0.35762718,23.0
aws-cli/1.15.4 Python/2.7.14+ Linux/4.15.0-kali2-amd64 botocore/1.10.4,0.0058189775,4.1271343,3.0,0.38964435,55.0
aws-cli/1.18.11 Python/3.5.2 Linux/4.4.0-173-generic botocore/1.15.11,0.0058076023,4.4188404,26.0,2.5108714,32.0
aws-cli/1.18.75 Python/3.6.0 Windows/10 botocore/1.16.25,0.0058059455,2.3025851,3.0,0.8486855,6.0
aws-cli/1.16.169 Python/3.6.5 Windows/10 botocore/1.12.159,0.005800964,3.0445225,8.0,2.0253263,4.0
aws-cli/1.16.298 Python/3.6.0 Windows/10 botocore/1.13.34,0.00578026,3.8286414,2.0,0.18182027,43.0
aws-cli/1.11.56 Python/2.7.13 Linux/4.8.11-940479-generic botocore/1.5.19,0.0057775285,3.4011974,9.0,1.6159513,11.0
aws-cli/1.16.170 Python/3.7.3 Darwin/18.7.0 botocore/1.12.160,0.005775231,2.944439,6.0,1.5418328,6.0
aws-cli/1.16.29 Python/2.7.16 Darwin/17.7.0 botocore/1.12.19,0.0057516117,3.5263605,4.0,0.49535987,29.0
aws-cli/1.11.84 Python/2.7.10 Darwin/16.7.0 botocore/1.5.47,0.0057239644,2.9957323,2.0,0.20619202,18.0
aws-cli/1.14.47 Python/2.7.12 Linux/4.4.0-53329-Microsoft botocore/1.10.68,0.005720285,2.944439,9.0,2.1972246,2.0
aws-cli/1.16.140 Python/3.7.3 Darwin/18.2.0 botocore/1.12.130,0.0057198345,1.9459101,3.0,1.0986123,2.0
aws-cli/1.16.73 Python/3.7.1 Darwin/17.7.0 botocore/1.12.63,0.0056220605,3.7612002,11.0,1.6861752,23.0
aws-cli/1.16.155 Python/2.7.10 Darwin/18.2.0 botocore/1.12.145,0.0055921087,2.1972246,2.0,0.56233513,6.0
aws-cli/1.15.50 Python/3.7.0 Darwin/17.6.0 botocore/1.10.49,0.005588982,3.6888795,9.0,1.5166394,23.0
aws-cli/1.16.255 Python/2.7.17 Linux/5.2.0-kali3-amd64 botocore/1.12.245,0.005567272,1.9459101,3.0,1.0986123,2.0
aws-cli/1.11.90 Python/2.7.10 Darwin/16.5.0 botocore/1.5.53,0.005544817,3.3322046,12.0,2.0422952,10.0
aws-cli/1.15.80 Python/3.7.0 Darwin/18.2.0 botocore/1.10.79,0.0054961666,2.944439,9.0,2.1972246,2.0
aws-cli/2.0.8 Python/3.7.4 Darwin/18.7.0 botocore/2.0.0dev12,0.005491645,4.3438053,9.0,0.70581156,65.0
aws-cli/1.11.132 Python/2.7.12 Linux/4.9.43-17.38.amzn1.x86_64 botocore/1.5.95,0.0054784743,2.9957323,2.0,0.20619202,18.0
aws-cli/1.16.140 Python/3.7.3rc1 Linux/4.19.0-kali4-amd64 botocore/1.12.130,0.0054480685,4.0430512,2.0,0.15407608,54.0
aws-cli/1.17.17 Python/2.7.16 Darwin/19.2.0 botocore/1.14.17,0.005380985,1.7917595,3.0,0.95027053,3.0
aws-cli/1.16.121 Python/3.7.2 Darwin/17.7.0 botocore/1.12.111,0.0053542936,2.944439,9.0,2.1972246,2.0
aws-cli/1.11.136 Python/2.7.13 Darwin/16.7.0 botocore/1.6.3,0.0053511257,3.1780539,5.0,0.70313156,19.0
Boto3/1.8.9 Python/2.7.15 Linux/4.17.0-kali3-amd64 Botocore/1.11.9 Resource,0.005254969,1.0986123,2.0,0.6931472,1.0
aws-cli/1.18.87 Python/3.8.2 Darwin/19.5.0 botocore/1.17.10,0.005243401,4.3820267,9.0,0.85321844,64.0
aws-cli/1.11.164 Python/2.7.10 Darwin/17.0.0 botocore/1.7.22,0.0052186204,3.0910425,2.0,0.4101163,18.0
aws-cli/1.16.113 Python/3.7.3 Linux/4.19.0-kali4-amd64 botocore/1.12.166,0.0052134846,2.944439,9.0,2.1972246,2.0
aws-cli/1.16.26 Python/3.6.7 Linux/4.18.0-17-generic botocore/1.12.16,0.005199081,1.609438,2.0,0.6931472,2.0
aws-cli/1.16.173 Python/3.7.3 Linux/4.19.44-mdma botocore/1.12.163,0.005199081,1.609438,2.0,0.6931472,2.0
aws-cli/1.16.113 Python/2.7.10 Darwin/18.5.0 botocore/1.12.103,0.005199081,1.609438,2.0,0.6931472,2.0
aws-cli/1.11.13 Python/3.5.1+ Linux/4.4.0-22-generic botocore/1.4.70,0.005199081,1.609438,2.0,0.6931472,2.0
aws-cli/1.16.197 Python/2.7.16 Linux/4.19.0-kali5-amd64 botocore/1.12.187,0.005199081,1.609438,2.0,0.6931472,2.0
aws-cli/1.16.181 Python/3.6.0 Windows/10 botocore/1.12.171,0.005199081,1.609438,2.0,0.6931472,2.0
aws-cli/1.16.111 Python/2.7.15rc1 Linux/4.15.0-1037-azure botocore/1.12.101,0.005199081,1.609438,2.0,0.6931472,2.0
aws-cli/1.16.135 Python/2.7.10 Darwin/18.5.0 botocore/1.12.125,0.005199081,1.609438,2.0,0.6931472,2.0
aws-cli/1.18.111 Python/3.8.5 Linux/5.5.0-kali2-amd64 botocore/1.17.22,0.005199081,1.609438,2.0,0.6931472,2.0
aws-cli/1.16.60 Python/3.7.2 Darwin/18.5.0 botocore/1.12.50,0.005199081,1.609438,2.0,0.6931472,2.0
aws-cli/1.16.309 Python/2.7.16 Darwin/18.7.0 botocore/1.13.45,0.005199081,1.609438,2.0,0.6931472,2.0
aws-cli/1.16.209 Python/3.7.3 Darwin/18.6.0 botocore/1.12.199,0.005199081,1.609438,2.0,0.6931472,2.0
aws-cli/1.16.198 Python/2.7.12 Linux/4.4.0-59-generic botocore/1.12.188,0.005199081,1.609438,2.0,0.6931472,2.0
aws-cli/1.16.177 Python/2.7.15+ Linux/4.15.0-52-generic botocore/1.12.167,0.005199081,1.609438,2.0,0.6931472,2.0
aws-cli/1.16.72 Python/2.7.15rc1 Linux/4.15.0-50-generic botocore/1.12.69,0.005199081,1.609438,2.0,0.6931472,2.0
aws-cli/1.18.18 Python/3.8.2 Linux/5.4.26-1-lts botocore/1.15.18,0.005199081,1.609438,2.0,0.6931472,2.0
aws-cli/1.16.183 Python/3.7.3 Darwin/18.6.0 botocore/1.12.173,0.005199081,1.609438,2.0,0.6931472,2.0
aws-cli/1.16.190 Python/3.6.0 Windows/10 botocore/1.12.180,0.005199081,1.609438,2.0,0.6931472,2.0
aws-cli/1.16.242 Python/3.6.8 Linux/4.15.0-64-generic botocore/1.12.232,0.005199081,1.609438,2.0,0.6931472,2.0
aws-cli/1.16.127 Python/3.7.3 Darwin/18.6.0 botocore/1.12.117,0.005199081,1.609438,2.0,0.6931472,2.0
aws-cli/1.16.93 Python/2.7.13 Linux/4.9.0-8-amd64 botocore/1.12.83,0.005199081,1.609438,2.0,0.6931472,2.0
aws-cli/1.16.161 Python/2.7.16 Linux/4.18.0-kali3-amd64 botocore/1.12.151,0.005199081,1.609438,2.0,0.6931472,2.0
aws-cli/1.16.188 Python/2.7.10 Darwin/18.5.0 botocore/1.12.178,0.005199081,1.609438,2.0,0.6931472,2.0
aws-cli/1.16.190 Python/3.6.8 Linux/4.18.0-25-generic botocore/1.12.180,0.005199081,1.609438,2.0,0.6931472,2.0
aws-cli/1.16.192 Python/2.7.16 Linux/4.19.0-kali4-amd64 botocore/1.12.182,0.005199081,1.609438,2.0,0.6931472,2.0
aws-cli/1.15.66 Python/3.6.0 Windows/10 botocore/1.10.65,0.005199081,1.609438,2.0,0.6931472,2.0
aws-cli/1.16.140 Python/3.7.1 Darwin/18.2.0 botocore/1.12.130,0.005199081,1.609438,2.0,0.6931472,2.0
aws-cli/1.16.199 Python/2.7.15 Darwin/18.6.0 botocore/1.12.189,0.005199081,1.609438,2.0,0.6931472,2.0
aws-cli/1.16.140 Python/2.7.16 Linux/4.19.0-5-amd64 botocore/1.12.130,0.005199081,1.609438,2.0,0.6931472,2.0
aws-cli/2.0.17 Python/3.7.3 Linux/5.5.0-1parrot1-amd64 botocore/2.0.0dev21,0.0051936824,2.8903718,9.0,1.9721037,5.0
aws-cli/1.17.7 Python/2.7.17 Linux/5.3.0-kali2-amd64 botocore/1.14.7,0.0051707732,3.583519,2.0,0.21903253,33.0
aws-cli/1.16.248 Python/2.7.16 Windows/10 botocore/1.12.238,0.0051465128,4.0775375,2.0,0.14999494,56.0
aws-cli/2.0.4 Python/3.8.3 Darwin/19.5.0 botocore/2.0.0dev8,0.005142315,2.9957323,2.0,0.20619202,18.0
aws-cli/1.16.189 Python/3.6.0 Windows/10 botocore/1.12.179,0.005134848,3.3672957,2.0,0.25731868,26.0
aws-cli/1.16.202 Python/3.7.4 Linux/4.19.69-1-MANJARO botocore/1.12.192,0.00508148,3.295837,2.0,0.35762718,23.0
aws-cli/1.11.40 Python/3.5.2 Linux/4.8.10-200.fc24.x86_64 botocore/1.5.3,0.005059006,2.9957323,9.0,1.659589,10.0
aws-cli/1.11.66 Python/2.7.9 Windows/8 botocore/1.5.29,0.0050590057,2.9957323,9.0,1.659589,10.0
aws-cli/1.11.18 Python/2.7.12 Darwin/17.5.0 botocore/1.4.75,0.0050454843,1.609438,4.0,1.3862944,1.0
aws-cli/1.16.281 Python/3.6.8 Linux/4.15.0-70-generic botocore/1.13.17,0.005008584,1.7917595,3.0,0.95027053,3.0
aws-cli/1.16.11 Python/2.7.15 Linux/4.14.0-kali1-amd64 botocore/1.12.1,0.0049917293,3.3672957,2.0,0.25731868,26.0
aws-cli/1.14.30 Python/2.7.14 Linux/4.13.0-kali1-amd64 botocore/1.8.34,0.004952897,3.6888795,12.0,1.4204054,26.0
aws-cli/1.16.266 Python/3.7.4 Darwin/19.2.0 botocore/1.13.2,0.004946854,2.9957323,11.0,2.0540595,7.0
[aws-cli/1.16.106 Python/3.6.7 Linux/4.15.0-29-generic botocore/1.12.96],0.0049312315,3.218876,1.0,0.0,24.0
aws-cli/2.0.44 Python/3.8.5 Darwin/19.6.0 source/x86_64 command/ec2.describe-snapshots,0.0049312315,3.218876,1.0,0.0,24.0
[aws-cli/1.18.6 Python/3.6.9 Linux/4.15.0-74-generic botocore/1.15.6],0.0049312315,3.218876,1.0,0.0,24.0
[aws-cli/1.16.72 Python/3.6.0 Windows/10 botocore/1.12.62],0.0049312315,3.218876,1.0,0.0,24.0
[aws-cli/1.14.20 Python/3.6.4 Darwin/17.3.0 botocore/1.8.24],0.0049312315,3.218876,1.0,0.0,24.0
aws-cli/1.15.79 Python/2.7.15 Darwin/17.7.0 botocore/1.10.78,0.0049169916,4.158883,22.0,2.4061868,25.0
[Boto3/1.9.188 Python/2.7.16 Darwin/18.5.0 Botocore/1.12.188],0.004851421,2.0794415,3.0,0.7963117,5.0
[aws-cli/1.16.279 Python/2.7.16 Darwin/17.7.0 botocore/1.13.15],0.00483811,1.609438,2.0,0.56233513,3.0
aws-cli/2.0.38 Python/3.7.4 Darwin/19.6.0 exe/x86_64 command/iam.list-groups,0.0048060133,0.6931472,1.0,0.0,1.0
"Cyberduck/255.152.255.275442 (Windows 7/6.1) (amd64), aws-sdk-java/1.11.570 Windows_7/6.1 IKVM.NET/8.1.6990.0 java/1.8.0 kotlin/1.2.71 vendor/Jeroen_Frijters",0.0048060133,0.6931472,1.0,0.0,1.0
aws-cli/1.16.136 Python/3.5.3 Linux/4.9.0-8-amd64 botocore/1.12.126,0.0047977706,4.0775375,2.0,0.14999494,56.0
aws-cli/2.0.51 Python/3.7.3 Linux/5.7.0-kali1-amd64 exe/x86_64.kali.2020 command/iam.list-attached-user-policies,0.0047114915,1.0986123,1.0,0.0,2.0
aws-cli/1.16.311 Python/3.6.8 Linux/4.4.0-01985-Microsoft botocore/1.13.47,0.0047066673,3.583519,5.0,0.60042757,30.0
aws-cli/1.11.13 Python/3.5.2 Linux/4.13.0-38-generic botocore/1.4.70,0.004699367,3.637586,6.0,0.8218164,29.0
aws-cli/1.15.40 Python/2.7.12 Linux/4.13.0-36-generic botocore/1.10.40,0.0046383976,3.0910425,3.0,0.5940242,17.0
aws-cli/1.18.124 Python/2.7.17 Linux/5.4.0-kali3-amd64 botocore/1.17.47,0.004619098,3.3322046,2.0,0.26405206,25.0
aws-cli/1.11.93 Python/2.7.15rc1 Linux/4.15.0-22-generic botocore/1.5.56,0.0046190927,3.3322046,2.0,0.26405206,25.0
aws-cli/1.16.196 Python/2.7.16 Darwin/18.7.0 botocore/1.12.186,0.004608609,1.3862944,2.0,0.6365142,2.0
aws-cli/1.16.147 Python/3.6.7 Linux/4.15.0-48-generic botocore/1.12.137,0.004597724,3.218876,10.0,2.2102537,6.0
aws-cli/1.17.3 Python/3.7.4 Linux/4.19.0-kali5-amd64 botocore/1.14.3,0.004550795,3.871201,8.0,0.91902316,37.0
aws-cli/1.16.196 Python/3.7.3 Darwin/17.7.0 botocore/1.12.186,0.004530027,3.9702919,2.0,0.16302365,50.0
aws-cli/1.16.283 Python/2.7.16 Darwin/17.7.0 botocore/1.13.19,0.004525065,3.0445225,2.0,0.19851527,19.0
aws-cli/1.11.40 Python/3.5.2 Linux/4.9.9-200.fc25.x86_64 botocore/1.5.3,0.004525063,3.0445225,2.0,0.19851527,19.0
aws-cli/1.11.85 Python/3.5.0 Windows/ botocore/1.5.48,0.004525063,3.0445225,2.0,0.19851527,19.0
aws-cli/2.0.49 Python/3.7.4 Darwin/19.6.0 exe/x86_64 command/iam.list-users,0.004516676,1.0986123,1.0,0.0,2.0
aws-cli/2.0.42 Python/3.7.3 Linux/5.7.0-kali1-amd64 exe/x86_64.kali.2020 command/iam.list-attached-user-policies,0.004438814,0.6931472,1.0,0.0,1.0
aws-cli/1.11.56 Python/3.5.2 Linux/4.4.0-78-generic botocore/1.5.19,0.0043775914,4.0775375,10.0,1.3303896,38.0
aws-cli/1.16.224 Python/3.7.4 Linux/4.19.0-kali4-amd64 botocore/1.12.214,0.004376786,3.3672957,2.0,0.25731868,26.0
aws-cli/1.15.26 Python/2.7.13 Darwin/18.2.0 botocore/1.10.26,0.0043760994,4.65396,15.0,0.75032485,90.0
aws-cli/1.16.101 Python/3.6.7 Linux/4.15.0-45-generic botocore/1.12.91,0.004363556,1.0986123,1.0,0.0,2.0
aws-cli/1.18.30 Python/2.7.16 Darwin/19.4.0 botocore/1.15.30,0.004337961,2.4849067,8.0,2.019815,2.0
aws-cli/1.14.44 Python/3.6.9 Linux/5.3.0-42-generic botocore/1.14.14,0.0043284884,1.9459101,3.0,1.0114043,3.0
aws-cli/1.11.117 Python/2.7.9 Windows/8 botocore/1.5.80,0.0043266863,3.4339871,9.0,1.7999587,14.0
aws-cli/1.16.269 Python/2.7.10 Darwin/17.7.0 botocore/1.13.5,0.0043127937,3.8286414,12.0,1.3851649,30.0
aws-cli/1.16.116 Python/2.7.15rc1 Linux/4.18.0-15-generic botocore/1.12.106,0.004279007,2.944439,9.0,2.1972246,2.0
aws-cli/1.18.8 Python/3.6.9 Linux/4.15.0-74-generic botocore/1.15.8,0.0042619836,5.3082676,9.0,0.48616356,183.0
[aws-cli/1.18.6 Python/3.6.9 Linux/4.15.0-72-generic botocore/1.15.6],0.004227063,2.944439,1.0,0.0,18.0
[aws-cli/1.16.169 Python/3.7.3 Windows/10 botocore/1.12.159],0.004227063,2.944439,1.0,0.0,18.0
[aws-cli/1.16.113 Python/3.7.3rc1 Linux/4.19.0-kali5-amd64 botocore/1.12.103],0.004227063,2.944439,1.0,0.0,18.0
[aws-cli/1.16.140 Python/3.6.0 Windows/10 botocore/1.12.130],0.004227063,2.944439,1.0,0.0,18.0
[aws-cli/1.11.152 Python/2.7.10 Darwin/16.7.0 botocore/1.7.10],0.004227063,2.944439,1.0,0.0,18.0
aws-cli/2.0.39 Python/3.7.4 Darwin/19.6.0 exe/x86_64 command/ec2.describe-snapshots,0.004227063,2.944439,1.0,0.0,18.0
[aws-cli/1.16.136 Python/3.5.3 Linux/4.9.0-8-amd64 botocore/1.12.126],0.004227063,2.944439,1.0,0.0,18.0
[aws-cli/1.16.152 Python/3.7.3 Linux/5.0.8-arch1-1-ARCH botocore/1.12.142],0.004227063,2.944439,1.0,0.0,18.0
[aws-cli/1.14.41 Python/2.7.13 Linux/4.9.0-5-amd64 botocore/1.8.47],0.004227063,2.944439,1.0,0.0,18.0
aws-cli/2.0.38 Python/3.7.7 Windows/10 exe/AMD64 command/iam.list-attached-user-policies,0.0042022727,0.6931472,1.0,0.0,1.0
aws-cli/1.16.188 Python/2.7.16 Darwin/18.6.0 botocore/1.12.178,0.0041872044,1.0986123,1.0,0.0,2.0
aws-cli/2.0.42 Python/3.7.3 Linux/5.4.0-47-generic exe/x86_64.ubuntu.20 command/ec2.describe-snapshots,0.004097759,3.1780539,1.0,0.0,23.0
[aws-cli/1.11.128 Python/2.7.8 Linux/3.2.45-0.6.wd.865.49.315.metal1.x86_64 botocore/1.5.91],0.004097759,3.1780539,1.0,0.0,23.0
aws-cli/2.0.50 Python/3.7.3 Linux/4.4.0-039049-Microsoft exe/x86_64.ubuntu.18 command/iam.get-user,0.0040720464,0.6931472,1.0,0.0,1.0
aws-cli/1.15.74 Python/2.7.15 Linux/4.16.0-kali2-amd64 botocore/1.10.73,0.0040560863,3.2580965,2.0,0.16794416,24.0
aws-cli/1.11.61 Python/2.7.13 Linux/4.9.0-kali2-amd64 botocore/1.5.24,0.0040560863,3.2580965,2.0,0.16794416,24.0
aws-cli/1.16.14 Python/2.7.9 Windows/8 botocore/1.12.4,0.0040560863,3.2580965,2.0,0.16794416,24.0
aws-cli/1.15.85 Python/3.6.5 Darwin/17.7.0 botocore/1.11.3,0.0040560863,3.2580965,2.0,0.16794416,24.0
aws-cli/2.0.8 Python/3.7.3 Linux/5.4.44-1-MANJARO botocore/2.0.0dev12,0.0040560854,3.2580965,2.0,0.16794416,24.0
aws-cli/1.16.96 Python/2.7.13 Linux/4.12.0-kali2-686 botocore/1.12.86,0.0040560802,3.2580965,2.0,0.16794416,24.0
aws-cli/1.18.123 Python/3.8.3 Linux/4.4.0-039049-Microsoft botocore/1.17.46,0.0040484867,1.609438,3.0,1.0397208,2.0
aws-cli/1.16.125 Python/3.6.0 Windows/10 botocore/1.12.115,0.0040409057,4.59512,9.0,0.85219836,80.0
aws-cli/1.16.41 Python/2.7.15+ Linux/4.18.0-kali1-686-pae botocore/1.12.31,0.00403798,3.0910425,3.0,0.5940242,17.0
aws-cli/1.15.56 Python/3.5.2 Linux/4.13.0-26-generic botocore/1.10.55,0.004014461,3.3672957,9.0,1.284682,19.0
aws-cli/1.16.50 Python/3.7.1 Darwin/17.7.0 botocore/1.12.40,0.0039923075,4.4188404,9.0,1.3275083,54.0
[aws-cli/1.16.230 Python/3.7.4 Darwin/18.7.0 botocore/1.12.220],0.0039580883,2.8903718,1.0,0.0,17.0
[aws-cli/1.14.44 Python/3.6.7 Linux/4.15.0-43-generic botocore/1.8.48],0.0039580883,2.8903718,1.0,0.0,17.0
[aws-cli/1.16.96 Python/3.5.2 Linux/4.4.0-141-generic botocore/1.12.86],0.0039580883,2.8903718,1.0,0.0,17.0
[aws-cli/1.16.32 Python/3.5.3 Linux/4.9.0-7-amd64 botocore/1.12.22],0.0039580883,2.8903718,1.0,0.0,17.0
[Boto3/1.14.28 Python/3.8.5 Linux/5.7.0-kali1-amd64 Botocore/1.17.28],0.0039580883,2.8903718,1.0,0.0,17.0
aws-cli/1.11.129 Python/2.7.13 Darwin/15.6.0 botocore/1.5.92,0.0039576753,4.356709,10.0,0.66717297,67.0
aws-cli/1.16.271 Python/3.6.0 Windows/10 botocore/1.13.7,0.0039418377,1.0986123,1.0,0.0,2.0
aws-cli/1.17.9 Python/3.7.6 Darwin/19.3.0 botocore/1.14.9,0.0039341818,2.8332133,7.0,1.6613228,7.0
aws-cli/1.14.26 Python/3.6.4 Linux/4.14.13-1-ARCH botocore/1.8.32,0.0039173914,3.0445225,2.0,0.19851527,19.0
aws-cli/1.11.180 Python/3.6.3 Darwin/17.5.0 botocore/1.7.38,0.0038987675,3.5553482,2.0,0.13269144,33.0
aws-cli/1.16.280 Python/3.7.5 Linux/4.19.0-kali4-amd64 botocore/1.13.16,0.003885507,3.8501475,3.0,0.47762287,40.0
Boto3/1.9.9 Python/3.6.5 Linux/4.15.0-34-generic Botocore/1.12.9,0.003882833,0.6931472,1.0,0.0,1.0
aws-cli/2.0.50 Python/3.7.4 Darwin/19.6.0 exe/x86_64 command/iam.get-user,0.0038449802,0.6931472,1.0,0.0,1.0
aws-cli/1.16.200 Python/2.7.15+ Linux/4.4.0-01985-Microsoft botocore/1.12.190,0.0038356655,1.0986123,1.0,0.0,2.0
Transmit/5.6.2,0.0038356655,1.0986123,1.0,0.0,2.0
aws-cli/1.18.29 Python/3.7.5 Darwin/19.4.0 botocore/1.15.29,0.0038036935,2.6390574,9.0,2.0981474,3.0
aws-cli/2.0.10 Python/3.7.4 Darwin/19.4.0 botocore/2.0.0dev14,0.0037839483,3.5553482,2.0,0.13269144,33.0
aws-cli/1.15.80 Python/2.7.15 Linux/4.17.0-kali1-amd64 botocore/1.10.79,0.0037822467,3.218876,2.0,0.17320523,23.0
aws-cli/2.0.44 Python/3.7.7 Windows/10 exe/AMD64 command/iam.get-user,0.0037721924,0.6931472,1.0,0.0,1.0
aws-cli/1.14.44 Python/3.6.8 Linux/4.15.0-1051-aws botocore/1.8.48,0.0037457333,4.912655,11.0,0.7606956,114.0
aws-cli/1.11.59 Python/2.7.10 Darwin/16.4.0 botocore/1.5.22,0.0037336014,4.317488,20.0,2.425515,22.0
aws-cli/1.16.21 Python/3.7.0 Darwin/18.0.0 botocore/1.12.11,0.0037117465,3.988984,16.0,2.2099178,21.0
aws-cli/2.0.44 Python/3.7.3 Linux/5.4.0-26-generic exe/x86_64.linuxmint.20 command/iam.get-user,0.0037089612,0.6931472,1.0,0.0,1.0
aws-cli/1.16.102 Python/2.7.14 Linux/4.14.106-97.85.amzn2.x86_64 botocore/1.12.92,0.0036861983,3.5553482,2.0,0.22371808,32.0
aws-cli/1.15.71 Python/3.7.4 Linux/5.2.7-100.fc29.x86_64 botocore/1.10.41,0.0036619972,3.3672957,2.0,0.25731868,26.0
aws-cli/1.16.59 Python/3.6.7 Linux/4.18.0-kali2-amd64 botocore/1.12.49,0.0036597361,3.2580965,2.0,0.366925,22.0
aws-cli/2.0.46 Python/3.7.3 Linux/5.7.0-kali1-amd64 exe/x86_64.kali.2020 command/iam.list-attached-user-policies,0.0036475465,0.6931472,1.0,0.0,1.0
[aws-cli/1.16.102 Python/2.7.16 Linux/4.14.152-127.182.amzn2.x86_64 botocore/1.12.92],0.0036442194,2.9957323,1.0,0.0,19.0
[aws-cli/1.16.113 Python/3.7.4 Linux/4.19.0-kali5-amd64 botocore/1.12.103],0.0036442194,2.9957323,1.0,0.0,19.0
[aws-cli/1.16.230 Python/2.7.10 Darwin/17.7.0 botocore/1.12.220],0.0036442194,2.9957323,1.0,0.0,19.0
aws-cli/1.16.81 Python/3.7.2+ Linux/4.19.0-kali1-amd64 botocore/1.12.71,0.0036303306,3.4339871,2.0,0.24493003,28.0
aws-cli/1.11.146 Python/2.7.13 Darwin/16.6.0 botocore/1.7.4,0.0036292637,3.0910425,1.0,0.0,21.0
aws-cli/1.11.140 Python/2.7.11+ Linux/4.4.0-kali1-686 botocore/1.6.7,0.0036107316,3.218876,2.0,0.17320523,23.0
aws-cli/1.11.13 Python/3.5.2 Linux/4.4.0-87-generic botocore/1.4.70,0.0036107316,3.218876,2.0,0.17320523,23.0
Boto3/1.9.71 Python/2.7.10 Darwin/18.2.0 Botocore/1.12.71,0.0035975517,0.6931472,1.0,0.0,1.0
[Boto3/1.14.51 Python/3.8.5 Linux/5.7.0-kali1-amd64 Botocore/1.17.51 Resource],0.0035878336,3.1354942,1.0,0.0,22.0
[aws-cli/1.16.284 Python/3.6.8 Linux/4.18.0-80.11.2.el8_0.x86_64 botocore/1.13.20],0.0035878336,3.1354942,1.0,0.0,22.0
[aws-cli/1.16.122 Python/3.5.2 Linux/4.15.0-29-generic botocore/1.12.112],0.0035878336,3.1354942,1.0,0.0,22.0
[aws-cli/1.16.186 Python/3.6.6 Linux/4.4.0-53329-Microsoft botocore/1.12.188],0.0035878336,3.1354942,1.0,0.0,22.0
aws-cli/1.15.40 Python/2.7.12 Linux/4.4.0-116-generic botocore/1.10.44,0.00356956,3.295837,10.0,1.8043717,9.0
aws-cli/1.16.81 Python/3.7.3 Linux/5.0.0-21-generic botocore/1.12.71,0.0035574299,2.5649493,2.0,0.45056123,10.0
aws-cli/1.16.243 Python/3.7.0 Darwin/18.7.0 botocore/1.12.233,0.0035512312,2.0794415,3.0,0.95569986,4.0
aws-cli/1.16.121 Python/3.7.3 Darwin/18.5.0 botocore/1.12.181,0.0035508994,2.944439,9.0,2.1972246,2.0
aws-cli/1.11.13 Python/3.5.3 Linux/4.9.0-7-amd64 botocore/1.4.70,0.0035291803,1.609438,2.0,0.6931472,2.0
aws-cli/1.16.96 Python/2.7.10 Darwin/18.6.0 botocore/1.12.86,0.0034990935,3.0445225,9.0,2.1639557,4.0
aws-cli/1.16.298 Python/3.7.3 Linux/4.4.0-039049-Microsoft botocore/1.13.34,0.0034813876,2.3025851,3.0,0.6837389,7.0
aws-cli/1.15.71 Python/3.6.5 Linux/4.15.0-29-generic botocore/1.10.70,0.0034731245,3.5553482,2.0,0.13269144,33.0
aws-cli/1.16.207 Python/3.6.9 Linux/4.15.0-112-generic botocore/1.12.197,0.0034481478,3.583519,2.0,0.12974069,34.0
aws-cli/2.0.4 Python/3.7.3 Linux/5.4.44-1-lts botocore/2.0.0dev8,0.0034481478,3.583519,2.0,0.12974069,34.0
aws-cli/1.16.260 Python/2.7.16 Darwin/18.7.0 botocore/1.12.250,0.0034109121,3.218876,1.0,0.0,24.0
aws-cli/1.11.13 Python/3.5.3 Linux/4.9.0-5-amd64 botocore/1.4.70,0.003406247,3.4339871,10.0,1.528345,18.0
aws-cli/1.16.210 Python/3.6.0 Darwin/16.7.0 botocore/1.12.200,0.0034015835,2.1972246,4.0,1.3862944,2.0
aws-cli/1.16.283 Python/3.8.2 Linux/5.3.0-kali2-amd64 botocore/1.13.19,0.003366525,2.6390574,8.0,1.9915093,3.0
aws-cli/1.11.83 Python/2.7.10 Darwin/16.6.0 botocore/1.5.46,0.003349732,2.944439,2.0,0.45056123,15.0
aws-cli/1.18.88 Python/3.7.5 Linux/5.3.0-59-generic botocore/1.17.11,0.00330375,3.5553482,2.0,0.13269144,33.0
aws-cli/1.16.10 Python/3.7.0 Darwin/17.7.0 botocore/1.12.0,0.0032902292,3.583519,13.0,2.1370602,13.0
aws-cli/2.0.50 Python/3.8.5 Darwin/19.6.0 source/x86_64 command/iam.get-user,0.003283128,0.6931472,1.0,0.0,1.0
aws-cli/1.11.139 Python/3.5.4 Linux/4.13.0-kali1-amd64 botocore/1.6.6,0.0032823319,3.583519,10.0,1.9646244,14.0
aws-cli/1.14.44 Python/3.6.3 Linux/4.13.0-kali1-amd64 botocore/1.8.48,0.003275855,3.218876,2.0,0.17320523,23.0
aws-cli/1.16.282 Python/2.7.17rc1 Linux/5.2.0-kali3-amd64 botocore/1.13.18,0.0032711055,3.295837,4.0,0.6722963,21.0
[aws-cli/1.16.180 Python/3.7.3 Darwin/18.6.0 botocore/1.12.170],0.0032504543,2.8332133,1.0,0.0,16.0
[aws-cli/1.16.140 Python/3.6.7 Linux/4.15.0-47-generic botocore/1.12.130],0.0032504543,2.8332133,1.0,0.0,16.0
[aws-cli/1.16.172 Python/3.7.3rc1 Linux/4.19.0-kali4-amd64 botocore/1.12.162],0.0032504543,2.8332133,1.0,0.0,16.0
[aws-cli/1.11.117 Python/2.7.10 Darwin/16.6.0 botocore/1.5.80],0.0032504543,2.8332133,1.0,0.0,16.0
[aws-cli/1.16.156 Python/3.8.0a3 Linux/4.9.0-9-amd64 botocore/1.12.146],0.0032504543,2.8332133,1.0,0.0,16.0
[aws-cli/1.15.83 Python/2.7.14 Linux/4.14.77-70.59.amzn1.x86_64 botocore/1.10.82],0.0032504543,2.8332133,1.0,0.0,16.0
[aws-cli/1.16.221 Python/3.6.8 Linux/3.10.0-862.14.4.el7.x86_64 botocore/1.12.211],0.0032504543,2.8332133,1.0,0.0,16.0
aws-cli/1.15.79 Python/2.7.9 Windows/7 botocore/1.10.78,0.0032294034,3.218876,2.0,0.17320523,23.0
aws-cli/1.15.70 Python/2.7.15 Linux/4.15.0-kali3-amd64 botocore/1.10.69,0.0032207058,1.9459101,2.0,0.6365142,4.0
aws-cli/1.11.85 Python/2.7.10 Darwin/16.3.0 botocore/1.5.48,0.0032179344,3.4339871,14.0,2.16131,11.0
aws-cli/1.11.45 Python/2.7.13 Darwin/15.6.0 botocore/1.5.8,0.0031977808,3.0445225,3.0,0.7305881,15.0
[aws-cli/1.11.13 Python/3.5.2 Linux/4.4.0-53329-Microsoft botocore/1.4.70],0.003178272,3.0445225,1.0,0.0,20.0
[aws-cli/1.14.44 Python/3.6.7 Linux/4.15.0-46-generic botocore/1.8.48],0.003178272,3.0445225,1.0,0.0,20.0
git/2.21.0,0.003178272,3.0445225,1.0,0.0,20.0
aws-cli/1.16.157 Python/2.7.10 Darwin/18.6.0 botocore/1.12.147,0.003151961,1.9459101,2.0,0.6365142,4.0
aws-cli/1.15.19 Python/2.7.15rc1 Linux/4.15.0-kali3-amd64 botocore/1.10.19,0.0031493779,3.4339871,10.0,1.4439664,19.0
aws-cli/1.16.190 Python/2.7.10 Darwin/18.6.0 botocore/1.12.180,0.0031290927,2.8332133,8.0,2.0794415,2.0
aws-cli/1.16.218 Python/3.7.4+ Linux/4.19.0-kali4-amd64 botocore/1.12.225,0.0031241882,0.6931472,1.0,0.0,1.0
aws-cli/1.11.185 Python/2.7.10 Darwin/17.4.0 botocore/1.8.32,0.0031155315,3.218876,2.0,0.17320523,23.0
aws-cli/1.18.2 Python/3.6.0 Windows/10 botocore/1.15.2,0.0031153592,3.218876,2.0,0.17320523,23.0
[aws-cli/1.11.132 Python/2.7.12 Linux/4.9.51-10.52.amzn1.x86_64 botocore/1.5.95],0.0031134156,3.0910425,1.0,0.0,21.0
[aws-cli/1.16.113 Python/3.7.3rc1 Linux/4.19.0-kali4-amd64 botocore/1.12.103],0.0031134156,3.0910425,1.0,0.0,21.0
aws-cli/1.11.2 Python/2.7.10 Darwin/16.1.0 botocore/1.4.60,0.0030957542,2.9957323,3.0,0.9724809,11.0
[aws-cli/1.16.301 Python/3.7.5 Linux/5.3.0-kali2-amd64 botocore/1.13.37],0.0030862493,2.0794415,4.0,1.153742,4.0
aws-cli/1.11.97 Python/2.7.10 Darwin/16.6.0 botocore/1.5.60,0.0030409333,3.0910425,9.0,1.7250948,10.0
aws-cli/1.11.57 Python/2.7.10 Darwin/15.5.0 botocore/1.5.20,0.0030391673,2.0794415,3.0,1.0042424,3.0
aws-cli/1.16.111 Python/2.7.15rc1 Linux/4.15.0-43-generic botocore/1.12.101,0.0030309772,1.609438,2.0,0.6931472,2.0
aws-cli/1.17.17 Python/3.8.2 Linux/5.6.12-300.fc32.x86_64 botocore/1.14.17,0.003028501,4.1108737,6.0,0.695696,50.0
aws-cli/1.18.69 Python/3.7.6 Darwin/17.7.0 botocore/1.16.19,0.0030080401,4.0430512,5.0,0.3563397,52.0
aws-cli/2.0.9 Python/3.8.2 Darwin/19.4.0 botocore/2.0.0dev13,0.002963956,2.3025851,5.0,1.4648163,3.0
aws-cli/1.14.44 Python/3.6.8 Linux/4.15.0-1057-aws botocore/1.8.48,0.002879853,3.295837,9.0,1.44525,16.0
aws-cli/1.14.44 Python/3.6.9 Linux/4.4.0-039049-Microsoft botocore/1.8.48,0.002863285,5.497168,11.0,0.55693007,218.0
aws-cli/1.11.126 Python/2.7.13 Darwin/16.7.0 botocore/1.5.89,0.002830765,1.609438,2.0,0.6931472,2.0
aws-cli/1.16.18 Python/3.5.2 Linux/4.15.0-34-generic botocore/1.12.8,0.0028216355,3.4965076,7.0,0.9792007,24.0
aws-cli/1.16.240 Python/3.7.0 Darwin/17.7.0 botocore/1.12.230,0.002820944,3.7841897,3.0,0.36178753,39.0
aws-cli/1.11.151 Python/2.7.10 Darwin/17.4.0 botocore/1.7.9,0.002817036,2.8332133,9.0,1.9273921,6.0
aws-cli/1.18.92 Python/3.8.2 Linux/5.6.0-kali2-amd64 botocore/1.17.15,0.002782252,2.5649493,8.0,2.0228086,2.0
aws-cli/1.16.230 Python/3.7.4 Linux/5.2.0-kali2-amd64 botocore/1.12.220,0.0026864405,1.609438,3.0,1.0397208,2.0
aws-cli/2.0.40 Python/3.8.5 Darwin/19.6.0 source/x86_64 command/ec2.describe-snapshot-attribute,0.0026606503,1.7917595,1.0,0.0,5.0
[aws-cli/1.14.30 Python/3.6.4 Darwin/17.4.0 botocore/1.8.34],0.0026598095,2.7725887,1.0,0.0,15.0
[aws-cli/1.16.260 Python/3.7.3 Linux/5.0.0-32-generic botocore/1.12.250],0.0026598095,2.7725887,1.0,0.0,15.0
[aws-cli/1.18.20 Python/3.8.2 Darwin/19.4.0 botocore/1.15.20],0.0026598095,2.7725887,1.0,0.0,15.0
[aws-cli/1.11.153 Python/2.7.13 Windows/10 botocore/1.7.11],0.0026598095,2.7725887,1.0,0.0,15.0
[aws-cli/1.17.5 Python/3.6.0 Windows/10 botocore/1.14.5],0.0026598095,2.7725887,1.0,0.0,15.0
[aws-cli/1.16.190 Python/3.7.3 Darwin/16.7.0 botocore/1.12.180],0.0026598095,2.7725887,1.0,0.0,15.0
[aws-cli/1.14.44 Python/3.6.5 Linux/4.15.0-29-generic botocore/1.8.48],0.0026598095,2.7725887,1.0,0.0,15.0
[aws-cli/1.14.44 Python/3.6.9 Linux/5.3.0-1019-aws botocore/1.8.48],0.0026598095,2.7725887,1.0,0.0,15.0
[Botocore/1.12.25 Python/2.7.15 Linux/4.16.0-kali2-amd64],0.0026598095,2.7725887,1.0,0.0,15.0
aws-cli/1.16.260 Python/3.6.8 Linux/5.0.0-36-generic botocore/1.12.250,0.0026404178,3.713572,9.0,1.143618,29.0
aws-cli/1.16.253 Python/3.7.4+ Linux/5.2.0-kali2-amd64 botocore/1.12.243,0.0026369414,3.465736,2.0,0.23921709,29.0
aws-cli/1.11.144 Python/2.7.9 Windows/7 botocore/1.7.2,0.0026369398,3.465736,2.0,0.23921709,29.0
aws-cli/1.11.47 Python/2.7.13 Linux/4.3.0-kali1-amd64 botocore/1.5.10,0.0026369398,3.465736,2.0,0.23921709,29.0
aws-cli/1.16.310 Python/3.7.5rc1 Linux/5.2.0-kali2-amd64 botocore/1.13.46,0.0026249986,3.465736,2.0,0.23921709,29.0
aws-cli/1.18.97 Python/3.6.9 Linux/4.15.0-109-generic botocore/1.17.20,0.0026249962,3.465736,2.0,0.23921709,29.0
aws-cli/1.11.93 Python/2.7.13 Windows/10 botocore/1.5.56,0.0025932959,2.7080503,4.0,0.7549968,11.0
aws-cli/1.11.41 Python/2.7.11 Windows/10 botocore/1.5.4,0.0025880844,3.912023,13.0,1.9849144,20.0
aws-cli/1.14.44 Python/3.6.4+ Linux/4.14.0-kali3-amd64 botocore/1.8.48,0.0025652994,3.1354942,3.0,0.6889171,17.0
aws-cli/1.16.149 Python/3.7.3 Darwin/18.2.0 botocore/1.12.139,0.0025644638,1.9459101,2.0,0.6365142,4.0
aws-cli/1.16.150 Python/3.7.4 Darwin/18.7.0 botocore/1.12.140,0.0025623434,3.9512436,4.0,0.42417675,46.0
aws-cli/1.18.42 Python/3.6.9 Linux/5.3.0-51-generic botocore/1.15.42,0.0025337464,1.609438,3.0,1.0397208,2.0
aws-cli/1.15.42 Python/3.6.5 Linux/4.15.0-23-generic botocore/1.10.42,0.0025337464,1.609438,3.0,1.0397208,2.0
aws-cli/1.11.88 Python/2.7.13 Linux/4.6.0-kali1-amd64 botocore/1.5.51,0.0025337457,1.609438,3.0,1.0397208,2.0
aws-cli/2.0.49 Python/3.7.4 Darwin/19.6.0 exe/x86_64 command/apigateway.get-account,0.0025177498,1.3862944,1.0,0.0,3.0
aws-cli/2.0.49 Python/3.7.4 Darwin/19.6.0 exe/x86_64 command/opsworks.describe-permissions,0.0025177498,1.3862944,1.0,0.0,3.0
"Mozilla/5.0 (Windows NT 10.0; WOW64) AppleWebKit/537.36 (KHTML, like Gecko) Chrome/65.0.3325.52 Safari/537.36",0.0024660616,1.0986123,1.0,0.0,2.0
"Mozilla/5.0 (Windows NT 10.0; Win64; x64) AppleWebKit/537.36 (KHTML, like Gecko) Chrome/69.0.3497.100 Safari/537.36",0.0024660616,1.0986123,1.0,0.0,2.0
Mozilla/5.0 (X11; Ubuntu; Linux x86_64; rv:60.0) Gecko/967662 Firefox/60.0,0.0024660616,1.0986123,1.0,0.0,2.0
aws-cli/1.11.14 Python/2.7.12 Linux/4.4.0-72-generic botocore/1.4.71,0.002452783,1.0986123,2.0,0.6931472,1.0
aws-cli/2.0.6 Python/3.7.3 Linux/4.15.0-91-generic botocore/2.0.0dev10,0.0024323897,3.8286414,3.0,0.3499449,41.0
aws-cli/1.15.22 Python/2.7.10 Darwin/17.7.0 botocore/1.10.22,0.0024260108,2.6390574,3.0,0.687092,10.0
aws-cli/1.16.272 Python/3.7.5rc1 Linux/5.2.0-2parrot1-amd64 botocore/1.13.8,0.0023965244,3.4011974,2.0,0.25095478,27.0
aws-cli/1.15.45 Python/2.7.12 Linux/4.4.0-135-generic botocore/1.10.45,0.0023903446,3.2580965,2.0,0.16794416,24.0
aws-cli/2.0.36 Python/3.7.3 Linux/5.0.0-38-generic exe/x86_64.ubuntu.19 command/secretsmanager.list-secrets,0.0023697356,0.6931472,1.0,0.0,1.0
aws-cli/2.0.50 Python/3.8.5 Darwin/19.6.0 source/x86_64 command/secretsmanager.list-secrets,0.0023697356,0.6931472,1.0,0.0,1.0
aws-cli/1.16.111 Python/3.6.8 Linux/4.15.0-66-generic botocore/1.12.101,0.0023696232,2.8903718,9.0,2.1500604,3.0
aws-cli/1.16.301 Python/3.7.5 Linux/4.17.0-kali1-686 botocore/1.13.37,0.0023678124,1.3862944,3.0,1.0986123,1.0
aws-cli/1.16.65 Python/2.7.16rc1 Linux/4.19.0-parrot1-13t-amd64 botocore/1.12.55,0.0023625605,3.0445225,9.0,2.1639557,4.0
aws-cli/1.11.56 Python/2.7.13 Linux/4.9.0-kali1-amd64 botocore/1.5.19,0.002298588,1.0986123,2.0,0.6931472,1.0
aws-cli/1.16.228 Python/3.6.9 Linux/4.4.0-039049-Microsoft botocore/1.14.9,0.0022806043,3.7841897,8.0,0.83507276,35.0
[Boto3/1.9.137 Python/2.7.15+ Linux/4.19.0-kali1-amd64 Botocore/1.12.137],0.002223081,1.609438,2.0,0.6931472,2.0
aws-cli/1.16.28 Python/3.6.3 Linux/4.18.0-12.1-liquorix-amd64 botocore/1.12.18,0.002215198,3.5263605,2.0,0.13579392,32.0
[aws-cli/1.16.250 Python/3.7.4 Darwin/18.7.0 botocore/1.12.240],0.0022118646,2.7080503,1.0,0.0,14.0
[aws-cli/1.14.44 Python/3.6.8 Linux/4.15.0-52-generic botocore/1.8.48],0.0022118646,2.7080503,1.0,0.0,14.0
[aws-cli/1.14.8 Python/2.7.14 Linux/4.14.47-64.38.amzn2.x86_64 botocore/1.8.12],0.0022118646,2.7080503,1.0,0.0,14.0
[aws-cli/1.16.174 Python/3.6.0 Windows/10 botocore/1.12.164],0.0022118646,2.7080503,1.0,0.0,14.0
[aws-cli/1.16.122 Python/3.6.7 Linux/4.15.0-20-generic botocore/1.12.112],0.0022118646,2.7080503,1.0,0.0,14.0
[aws-cli/1.16.207 Python/3.6.0 Windows/10 botocore/1.12.197],0.0022118646,2.7080503,1.0,0.0,14.0
[aws-cli/1.16.206 Python/3.6.5 Darwin/18.6.0 botocore/1.12.196],0.0022118646,2.7080503,1.0,0.0,14.0
[aws-cli/1.15.36 Python/2.7.12 Linux/4.4.0-104-generic botocore/1.10.36],0.0022118646,2.7080503,1.0,0.0,14.0
[aws-cli/1.16.169 Python/3.6.0 Windows/10 botocore/1.12.159],0.0022118646,2.7080503,1.0,0.0,14.0
[aws-cli/1.11.13 Python/3.5.3 Linux/4.4.0-53329-Microsoft botocore/1.4.70],0.0022118646,2.7080503,1.0,0.0,14.0
[aws-cli/1.16.96 Python/3.6.0 Windows/10 botocore/1.12.86],0.0022118646,2.7080503,1.0,0.0,14.0
[aws-cli/1.16.283 Python/3.6.0 Windows/10 botocore/1.13.19],0.0022118646,2.7080503,1.0,0.0,14.0
[aws-cli/1.16.161 Python/3.7.2 Darwin/19.0.0 botocore/1.12.151],0.0022118646,2.7080503,1.0,0.0,14.0
[aws-cli/1.16.140 Python/3.7.3 Darwin/18.5.0 botocore/1.12.130],0.0022118646,2.7080503,1.0,0.0,14.0
[aws-cli/1.16.135 Python/2.7.15rc1 Linux/4.18.0-17-generic botocore/1.12.125],0.0022118646,2.7080503,1.0,0.0,14.0
[aws-cli/1.16.210 Python/3.7.4 Darwin/18.7.0 botocore/1.12.200],0.0022118646,2.7080503,1.0,0.0,14.0
[aws-cli/1.16.113 Python/3.7.4 Linux/4.9.0-kali3-amd64 botocore/1.12.103],0.0022118646,2.7080503,1.0,0.0,14.0
[aws-cli/1.16.102 Python/2.7.16 Linux/4.14.133-113.105.amzn2.x86_64 botocore/1.12.92],0.0022118646,2.7080503,1.0,0.0,14.0
aws-cli/1.15.28 Python/2.7.10 Darwin/17.5.0 botocore/1.10.28,0.0022022096,3.583519,2.0,0.29250848,32.0
aws-cli/2.0.24 Python/3.7.7 Windows/10 botocore/2.0.0dev28,0.002151251,2.1972246,4.0,1.2130076,4.0
aws-cli/1.16.310 Python/3.7.6 Darwin/18.7.0 botocore/1.13.46,0.0021480944,3.0910425,9.0,1.974885,7.0
aws-cli/1.16.287 Python/3.7.4+ Linux/5.2.0-kali2-amd64 botocore/1.13.23,0.002143513,3.218876,3.0,0.65195084,19.0
[aws-cli/1.18.107 Python/2.7.18 Linux/4.14.193-149.317.amzn2.x86_64 botocore/1.17.31],0.0021356193,0.6931472,1.0,0.0,1.0
aws-cli/1.11.58 Python/2.7.10 Darwin/16.3.0 botocore/1.5.21,0.0021127576,3.5553482,10.0,1.4479722,20.0
aws-cli/2.0.50 Python/3.8.5 Darwin/19.6.0 source/x86_64 command/apigateway.get-account,0.0021058426,1.0986123,1.0,0.0,2.0
aws-cli/2.0.44 Python/3.7.3 Linux/5.4.0-kali3-amd64 exe/x86_64.kali.2020 command/opsworks.describe-permissions,0.0021058426,1.0986123,1.0,0.0,2.0
[aws-cli/1.18.69 Python/3.5.2 Linux/4.4.0-116-generic botocore/1.16.19],0.0020929663,0.6931472,1.0,0.0,1.0
[Boto3/1.15.5 Python/3.8.5 Darwin/19.6.0 Botocore/1.18.5],0.00208751,0.6931472,1.0,0.0,1.0
[aws-cli/1.18.135 Python/3.8.6 Linux/5.8.0-kali2-amd64 botocore/1.17.22],0.002086661,0.6931472,1.0,0.0,1.0
aws-cli/1.11.89 Python/3.4.1 Windows/8 botocore/1.5.52,0.0020864236,1.0986123,2.0,0.6931472,1.0
"[AWSCloudTrail, aws-internal/3 aws-sdk-java/1.11.864 Linux/4.9.217-0.1.ac.205.84.332.metal1.x86_64 OpenJDK_64-Bit_Server_VM/25.262-b10 java/1.8.0_262 vendor/Oracle_Corporation]",0.0020846068,0.6931472,1.0,0.0,1.0
[aws-cli/2.0.50 Python/3.7.3 Linux/5.6.0-kali2-amd64 exe/x86_64.kali.2020 command/s3.ls],0.0020826382,0.6931472,1.0,0.0,1.0
[aws-cli/1.11.43 Python/2.7.13 Darwin/16.4.0 botocore/1.5.6],0.0020807215,0.6931472,1.0,0.0,1.0
[aws-cli/2.0.8 Python/3.7.4 Darwin/19.6.0 botocore/2.0.0dev12],0.0020784468,0.6931472,1.0,0.0,1.0
[aws-cli/2.0.22 Python/3.7.3 Linux/5.4.0-kali3-amd64 botocore/2.0.0dev26],0.0020782629,0.6931472,1.0,0.0,1.0
[aws-cli/2.0.54 Python/3.7.7 Windows/10 exe/AMD64 command/s3.ls],0.002077427,0.6931472,1.0,0.0,1.0
[aws-cli/2.0.54 Python/3.7.3 Linux/4.6.0-kali1-amd64 exe/x86_64.kali.2020 command/s3.ls],0.0020759995,0.6931472,1.0,0.0,1.0
[aws-cli/1.11.44 Python/3.5.2 Darwin/15.6.0 botocore/1.5.7],0.0020712954,0.6931472,1.0,0.0,1.0
[aws-cli/2.0.54 Python/3.7.3 Linux/4.15.0-kali2-amd64 exe/x86_64.kali.2019 command/s3.ls],0.0020643098,0.6931472,1.0,0.0,1.0
aws-cli/1.16.268 Python/3.8.0 Windows/10 botocore/1.13.4,0.002000768,3.8066626,10.0,1.5397146,26.0
aws-cli/1.18.29 Python/3.7.6 Linux/5.3.0-kali2-amd64 botocore/1.15.29,0.00196067,3.5263605,2.0,0.13579392,32.0
[aws-cli/1.16.202 Python/3.6.0 Windows/10 botocore/1.12.192],0.0019392306,2.6390574,1.0,0.0,13.0
[aws-cli/1.16.301 Python/3.7.5 Linux/5.4.0-kali2-amd64 botocore/1.13.37],0.0019392306,2.6390574,1.0,0.0,13.0
[aws-cli/1.15.79 Python/3.6.6 Linux/4.18.0-kali1-amd64 botocore/1.10.78],0.0019392306,2.6390574,1.0,0.0,13.0
[aws-cli/2.0.38 Python/3.7.4 Darwin/19.6.0 exe/x86_64 command/s3.ls],0.0019392306,2.6390574,1.0,0.0,13.0
[aws-cli/2.0.6 Python/3.7.5 Windows/10 botocore/2.0.0dev10],0.0019392306,2.6390574,1.0,0.0,13.0
[aws-cli/1.10.1 Python/3.5.2 Linux/4.8.0-36-generic botocore/1.3.23],0.0019392306,2.6390574,1.0,0.0,13.0
[aws-cli/1.11.129 Python/3.4.1 Windows/8 botocore/1.5.92],0.0019392306,2.6390574,1.0,0.0,13.0
[aws-cli/1.11.55 Python/2.7.10 Darwin/16.4.0 botocore/1.5.18],0.0019392306,2.6390574,1.0,0.0,13.0
[aws-cli/1.16.91 Python/3.6.7 Linux/4.16.0-kali2-amd64 botocore/1.12.81],0.0019392306,2.6390574,1.0,0.0,13.0
aws-cli/1.11.13 Python/3.5.2 Linux/4.4.0-93-generic botocore/1.4.70,0.0019165715,2.0794415,3.0,0.7963117,5.0
aws-cli/1.11.112 Python/2.7.10 Darwin/17.7.0 botocore/1.5.75,0.0019163649,2.5649493,4.0,1.0751393,7.0
aws-cli/1.11.139 Python/3.5.4 Linux/4.9.0-kali3-amd64 botocore/1.6.6,0.0019123493,3.2580965,10.0,1.8650506,10.0
aws-cli/1.16.215 Python/3.7.4 Linux/5.2.9-arch1-1-ARCH botocore/1.12.205,0.001898142,4.744932,8.0,0.6114522,100.0
Boto3/1.4.4 Python/3.7.0 Windows/10 Botocore/1.5.62,0.001877054,1.0986123,1.0,0.0,2.0
[Boto3/1.4.3 Python/2.7.13 Linux/4.14.0-0.bpo.3-amd64 Botocore/1.12.27 Resource],0.0018248828,1.609438,2.0,0.6931472,2.0
[aws-cli/1.11.56 Python/3.6.0 Linux/4.9.13.r836104771414-1-grsec botocore/1.5.19],0.0018124769,0.6931472,1.0,0.0,1.0
[Cyberduck/99.2.132.053 (Mac OS X/10.11.6) (x86_64)],0.0017835378,1.9459101,2.0,0.6365142,4.0
aws-cli/2.0.50 Python/3.8.5 Darwin/19.6.0 source/x86_64 command/iam.list-roles,0.0017755996,1.3862944,1.0,0.0,3.0
aws-cli/1.18.61 Python/2.7.10 Darwin/19.3.0 botocore/1.16.11,0.0017674803,3.5553482,2.0,0.13269144,33.0
aws-sdk-java/1.11.367 Linux/4.9.110-0.1.ac.201.71.329.metal1.x86_64 OpenJDK_64-Bit_Server_VM/25.181-b13 java/1.8.0_181,0.0017248382,1.0986123,1.0,0.0,2.0
aws-cli/2.0.38 Python/3.7.4 Darwin/19.6.0 exe/x86_64 command/iam.list-instance-profiles,0.0017248382,1.0986123,1.0,0.0,2.0
aws-cli/1.16.251 Python/3.7.5rc1 Linux/5.2.0-kali3-amd64 botocore/1.13.8,0.0017006941,3.0910425,1.0,0.0,21.0
aws-cli/2.0.0 Python/3.7.3 Linux/5.3.0-40-generic botocore/2.0.0dev4,0.001697742,1.609438,2.0,0.6931472,2.0
aws-cli/1.11.63 Python/2.7.12 Darwin/15.6.0 botocore/1.5.26,0.0016917117,3.0910425,11.0,1.7884821,11.0
aws-cli/1.16.205 Python/3.6.0 Windows/10 botocore/1.12.195,0.0016773824,1.0986123,2.0,0.6931472,1.0
aws-cli/1.16.229 Python/2.7.15+ Linux/4.15.0-58-generic botocore/1.12.219,0.0016773824,1.0986123,2.0,0.6931472,1.0
aws-cli/1.17.16 Python/3.6.9 Linux/4.19.86-gentoo botocore/1.14.16,0.0016661428,3.7612002,8.0,0.8499898,34.0
aws-cli/1.16.250 Python/3.6.8 Linux/5.0.0-32-generic botocore/1.12.240,0.0016234453,3.5263605,2.0,0.13579392,32.0
[aws-cli/1.18.39 Python/3.8.2 Linux/5.5.0-1-amd64 botocore/1.15.39],0.0016003198,1.609438,2.0,0.56233513,3.0
[aws-cli/1.14.46 Python/2.7.9 Windows/8 botocore/1.8.50],0.0016003175,1.609438,2.0,0.56233513,3.0
aws-cli/1.11.46 Python/2.7.10 Darwin/16.6.0 botocore/1.5.9,0.0015894631,1.0986123,2.0,0.6931472,1.0
aws-cli/1.11.83 Python/2.7.13 CYGWIN_NT-6.3/2.8.0(0.309/5/3) botocore/1.5.46,0.0015650926,2.8332133,3.0,0.46341357,14.0
aws-cli/1.12.2 Python/2.7.9 Windows/8 botocore/1.8.2,0.0015616621,1.3862944,2.0,0.6365142,2.0
aws-cli/1.14.66 Python/3.6.0 Darwin/17.5.0 botocore/1.9.19,0.0015616621,1.3862944,2.0,0.6365142,2.0
aws-cli/1.11.75 Python/2.7.14 Darwin/16.5.0 botocore/1.5.38,0.0015616621,1.3862944,2.0,0.6365142,2.0
aws-cli/1.11.162 Python/2.7.9 Linux/3.16.0-4-amd64 botocore/1.7.20,0.0015616621,1.3862944,2.0,0.6365142,2.0
[aws-cli/1.11.56 Python/2.7.6 Linux/3.13.0-147-generic botocore/1.5.19],0.0015568071,2.5649493,1.0,0.0,12.0
[aws-cli/1.14.44 Python/3.6.7 Linux/4.15.0-48-generic botocore/1.8.48],0.0015568071,2.5649493,1.0,0.0,12.0
[aws-cli/2.0.44 Python/3.7.7 Windows/10 exe/AMD64 command/s3.ls],0.0015568071,2.5649493,1.0,0.0,12.0
[aws-cli/1.16.81 Python/3.7.2+ Linux/4.4.0-01985-Microsoft botocore/1.12.71],0.0015568071,2.5649493,1.0,0.0,12.0
[aws-cli/1.16.150 Python/3.7.3 Darwin/18.5.0 botocore/1.12.140],0.0015568071,2.5649493,1.0,0.0,12.0
[aws-cli/2.0.7 Python/3.7.5 Windows/10 botocore/2.0.0dev11],0.0015568071,2.5649493,1.0,0.0,12.0
[aws-cli/1.16.256 Python/2.7.16 Linux/4.14.146-93.123.amzn1.x86_64 botocore/1.12.246],0.0015568071,2.5649493,1.0,0.0,12.0
[aws-cli/1.16.106 Python/3.6.0 Windows/10 botocore/1.12.96],0.0015568071,2.5649493,1.0,0.0,12.0
[aws-cli/1.16.113 Python/3.7.3 Linux/5.1.0-parrot1-3t-amd64 botocore/1.12.103],0.0015568071,2.5649493,1.0,0.0,12.0
[aws-cli/1.11.44 Python/2.7.10 Darwin/16.4.0 botocore/1.5.7],0.0015568071,2.5649493,1.0,0.0,12.0
[aws-cli/1.16.81 Python/3.6.6 Linux/4.7.0-kali1-amd64 botocore/1.12.71],0.0015568071,2.5649493,1.0,0.0,12.0
[aws-cli/1.18.8 Python/3.6.9 Linux/4.15.0-74-generic botocore/1.15.8],0.0015568071,2.5649493,1.0,0.0,12.0
[aws-cli/1.16.215 Python/2.7.16+ Linux/4.9.184-linuxkit botocore/1.12.205],0.0015568071,2.5649493,1.0,0.0,12.0
[aws-cli/2.0.2 Python/3.7.5 Windows/10 botocore/2.0.0dev6],0.0015568071,2.5649493,1.0,0.0,12.0
[aws-cli/1.16.202 Python/2.7.13 Linux/4.9.0-9-amd64 botocore/1.12.192],0.0015568071,2.5649493,1.0,0.0,12.0
[aws-cli/1.16.116 Python/2.7.15rc1 Linux/4.18.0-16-generic botocore/1.12.106],0.0015568071,2.5649493,1.0,0.0,12.0
[aws-cli/1.11.97 Python/2.7.10 Darwin/16.5.0 botocore/1.5.60],0.0015568071,2.5649493,1.0,0.0,12.0
[aws-cli/1.16.90 Python/3.7.2 Darwin/18.2.0 botocore/1.12.80],0.0015568071,2.5649493,1.0,0.0,12.0
[aws-cli/1.4.2 Python/3.4.2 Linux/3.16.0-5-amd64],0.0015568071,2.5649493,1.0,0.0,12.0
[aws-cli/1.16.102 Python/2.7.14 Linux/4.14.104-95.84.amzn2.x86_64 botocore/1.12.92],0.0015568071,2.5649493,1.0,0.0,12.0
[aws-cli/1.16.120 Python/3.7.2+ Linux/4.18.0-kali2-amd64 botocore/1.12.110],0.0015568071,2.5649493,1.0,0.0,12.0
[aws-cli/1.16.259 Python/3.6.0 Windows/10 botocore/1.12.249],0.0015568071,2.5649493,1.0,0.0,12.0
[aws-cli/1.18.69 Python/3.8.3 Linux/5.4.0-2-amd64 botocore/1.16.26],0.0015568071,2.5649493,1.0,0.0,12.0
aws-cli/1.16.184 Python/2.7.15 Darwin/17.7.0 botocore/1.12.174,0.0015160256,1.9459101,2.0,0.6365142,4.0
[Boto3/1.7.4 Python/2.7.15+ Linux/4.17.0-kali3-amd64 Botocore/1.10.4 Resource],0.0015107678,1.609438,2.0,0.6931472,2.0
aws-cli/1.16.32 Python/3.5.3 Linux/4.9.0-7-amd64 botocore/1.12.22,0.0015052191,3.2580965,3.0,0.55057347,21.0
aws-cli/1.16.203 Python/3.7.2 Linux/4.19.28-1-MANJARO botocore/1.12.193,0.0015015285,2.1972246,3.0,1.0397208,4.0
aws-cli/1.18.6 Python/3.8.0 Darwin/19.3.0 botocore/1.15.6,0.0014894987,4.6821313,9.0,0.6457632,93.0
aws-cli/1.16.64 Python/2.7.15rc1 Linux/4.14.0-kali3-amd64 botocore/1.12.54,0.001473796,0.6931472,1.0,0.0,1.0
aws-cli/1.16.30 Python/3.7.0 Darwin/18.0.0 botocore/1.12.20,0.001473796,0.6931472,1.0,0.0,1.0
aws-cli/1.11.56 Python/2.7.10 Darwin/16.0.0 botocore/1.5.19,0.001473796,0.6931472,1.0,0.0,1.0
aws-cli/1.16.77 Python/3.7.1 Darwin/16.7.0 botocore/1.12.67,0.0014291455,3.465736,10.0,1.2403443,22.0
aws-cli/1.10.57 Python/2.7.12 Darwin/16.6.0 botocore/1.4.47,0.0013865216,1.9459101,3.0,0.86756325,4.0
aws-cli/1.16.190 Python/2.7.16 Darwin/19.3.0 botocore/1.12.180,0.0013817233,3.5553482,2.0,0.22371808,32.0
aws-cli/1.18.31 Python/2.7.17 Linux/5.3.0-kali2-amd64 botocore/1.15.31,0.0013817233,3.5553482,2.0,0.22371808,32.0
aws-cli/1.11.61 Python/2.7.13 Darwin/16.4.0 botocore/1.5.24,0.0013728889,3.295837,11.0,1.8778155,12.0
aws-cli/1.11.44 Python/2.7.10 Darwin/17.3.0 botocore/1.5.7,0.0013675384,3.5263605,2.0,0.13579392,32.0
aws-cli/1.16.278 Python/3.6.0 Windows/10 botocore/1.13.14,0.0013509658,3.5553482,2.0,0.13269144,33.0
[aws-cli/1.10.14 Python/2.7.9 Windows/7 botocore/1.4.5],0.0013483338,1.7917595,2.0,0.50040245,4.0
[aws-cli/1.11.56 Python/2.7.10 Darwin/15.6.0 botocore/1.5.19],0.0013480892,1.7917595,2.0,0.50040245,4.0
[aws-cli/1.11.120 Python/2.7.10 Darwin/16.7.0 botocore/1.5.83],0.0013200474,1.9459101,3.0,0.86756325,4.0
aws-cli/2.0.5 Python/3.7.5 Windows/10 botocore/2.0.0dev9,0.0013038082,2.8332133,9.0,2.1333818,3.0
aws-cli/2.0.5 Python/3.7.3 Linux/4.18.0-193.6.3.el8_2.x86_64 botocore/2.0.0dev9,0.0012895958,2.5649493,7.0,1.5890268,6.0
aws-cli/1.18.62 Python/3.7.4 Darwin/18.7.0 botocore/1.16.12,0.0012783173,3.8501475,6.0,0.59078336,40.0
[Boto3/1.9.146 Python/2.7.15 Linux/4.17.0-kali1-amd64 Botocore/1.12.146 Resource],0.0012690733,1.609438,2.0,0.6931472,2.0
aws-cli/1.11.44 Python/3.5.3+ Linux/4.9.0-kali4-amd64 botocore/1.5.75,0.0012453592,1.7917595,3.0,1.0549202,2.0
[aws-cli/1.18.104 Python/3.8.5 Linux/5.7.11-arch1-1 botocore/1.17.27],0.0012174466,1.609438,2.0,0.56233513,3.0
aws-cli/1.18.69 Python/3.6.9 Linux/4.14.154-boot2docker botocore/1.16.19,0.00121298,3.5553482,3.0,0.51654553,29.0
aws-cli/1.16.127 Python/3.7.2 Windows/10 botocore/1.12.117,0.0011939092,3.5263605,2.0,0.13579392,32.0
aws-cli/1.18.52 Python/3.6.6 Darwin/19.4.0 botocore/1.16.2,0.0011268522,3.5263605,2.0,0.13579392,32.0
aws-cli/1.11.97 Python/3.6.1 Linux/4.10.13-1-ARCH botocore/1.5.60,0.0011259649,2.944439,1.0,0.0,18.0
aws-cli/1.11.3 Python/2.7.10 Darwin/16.4.0 botocore/1.5.7,0.0011219813,2.5649493,4.0,0.8369882,9.0
aws-cli/1.16.210 Python/3.7.7 Darwin/19.4.0 botocore/1.12.200,0.001107679,3.5263605,2.0,0.13579392,32.0
aws-cli/1.16.237 Python/2.7.10 Darwin/18.6.0 botocore/1.12.227,0.001078974,1.0986123,2.0,0.6931472,1.0
aws-cli/1.11.149 Python/3.6.2 Darwin/17.2.0 botocore/1.7.7,0.001076967,3.5263605,2.0,0.22863187,31.0
aws-cli/1.14.44 Python/3.6.5 Linux/4.15.0-20-generic botocore/1.8.48,0.001076967,3.5263605,2.0,0.22863187,31.0
aws-cli/1.17.16 Python/2.7.17 Linux/5.3.0-kali2-amd64 botocore/1.14.16,0.001076967,3.5263605,2.0,0.22863187,31.0
aws-cli/1.16.284 Python/3.7.4 Linux/5.2.0-kali2-amd64 botocore/1.13.20,0.0010600613,3.5263605,2.0,0.13579392,32.0
aws-cli/1.11.36 Python/2.7.10 Darwin/16.4.0 botocore/1.4.93,0.0010444105,1.0986123,2.0,0.6931472,1.0
aws-cli/1.16.301 Python/3.5.2 Darwin/19.0.0 botocore/1.13.37,0.0010444105,1.0986123,2.0,0.6931472,1.0
aws-cli/1.16.313 Python/3.8.1 Darwin/19.2.0 botocore/1.13.49,0.0010444105,1.0986123,2.0,0.6931472,1.0
aws-cli/1.11.147 Python/2.7.13 Windows/10 botocore/1.7.5,0.0010444105,1.0986123,2.0,0.6931472,1.0
aws-cli/1.11.145 Python/2.7.10 Darwin/14.5.0 botocore/1.7.3,0.0010444105,1.0986123,2.0,0.6931472,1.0
aws-cli/2.0.35 Python/3.8.5 Darwin/19.4.0 botocore/2.0.0dev39,0.0010444105,1.0986123,2.0,0.6931472,1.0
aws-cli/1.11.170 Python/2.7.10 Darwin/17.2.0 botocore/1.7.28,0.0010444105,1.0986123,2.0,0.6931472,1.0
aws-cli/1.11.127 Python/2.7.9 Windows/8 botocore/1.5.90,0.0010444105,1.0986123,2.0,0.6931472,1.0
aws-cli/1.11.139 Python/3.5.4 Linux/4.9.0-kali4-amd64 botocore/1.6.6,0.0010444105,1.0986123,2.0,0.6931472,1.0
aws-cli/1.11.123 Python/2.7.9 Windows/7 botocore/1.5.86,0.0010444105,1.0986123,2.0,0.6931472,1.0
aws-cli/1.16.38 Python/2.7.15 Windows/10 botocore/1.12.28,0.0010444105,1.0986123,2.0,0.6931472,1.0
aws-cli/1.17.5 Python/3.7.5 Linux/5.4.0-kali2-amd64 botocore/1.14.5,0.0010444105,1.0986123,2.0,0.6931472,1.0
aws-cli/1.16.298 Python/3.8.0 Linux/5.4.2-arch1-1 botocore/1.13.34,0.0010444105,1.0986123,2.0,0.6931472,1.0
aws-cli/1.16.298 Python/2.7.16 Darwin/19.2.0 botocore/1.13.34,0.0010444105,1.0986123,2.0,0.6931472,1.0
aws-cli/1.16.45 Python/2.7.15 Windows/10 botocore/1.12.35,0.0010444105,1.0986123,2.0,0.6931472,1.0
aws-cli/1.11.15 Python/2.7.10 Darwin/14.5.0 botocore/1.4.72,0.0010444105,1.0986123,2.0,0.6931472,1.0
aws-cli/1.11.30 Python/2.7.10 Darwin/16.4.0 botocore/1.4.87,0.0010444105,1.0986123,2.0,0.6931472,1.0
aws-cli/1.16.266 Python/3.5.2 Linux/5.3.0-23-generic botocore/1.13.2,0.0010444105,1.0986123,2.0,0.6931472,1.0
aws-cli/1.14.10 Python/2.7.14 Linux/4.13.0-21-generic botocore/1.8.14,0.0010444105,1.0986123,2.0,0.6931472,1.0
aws-cli/1.10.62 Python/2.7.10 Darwin/16.3.0 botocore/1.4.52,0.0010444105,1.0986123,2.0,0.6931472,1.0
aws-cli/1.16.236 Python/2.7.15 Darwin/18.7.0 botocore/1.12.226,0.0010444105,1.0986123,2.0,0.6931472,1.0
aws-cli/1.16.234 Python/2.7.16+ Linux/5.2.0-kali2-amd64 botocore/1.12.224,0.0010444105,1.0986123,2.0,0.6931472,1.0
aws-cli/1.16.125 Python/3.7.4 Darwin/18.7.0 botocore/1.12.115,0.0010444105,1.0986123,2.0,0.6931472,1.0
aws-cli/1.14.10 Python/3.6.3 Darwin/17.3.0 botocore/1.8.14,0.0010444105,1.0986123,2.0,0.6931472,1.0
aws-cli/1.15.33 Python/2.7.10 Darwin/18.5.0 botocore/1.10.33,0.0010444105,1.0986123,2.0,0.6931472,1.0
aws-cli/1.18.111 Python/3.8.5 Linux/5.7.0-kali1-amd64 botocore/1.17.48,0.0010444105,1.0986123,2.0,0.6931472,1.0
aws-cli/1.14.30 Python/2.7.14+ Linux/4.14.0-kali3-amd64 botocore/1.8.34,0.0010444105,1.0986123,2.0,0.6931472,1.0
aws-cli/1.14.56 Python/2.7.10 Darwin/17.7.0 botocore/1.9.9,0.0010444105,1.0986123,2.0,0.6931472,1.0
aws-cli/1.16.9 Python/2.7.13 Linux/4.9.0-4-amd64 botocore/1.11.9,0.0010444105,1.0986123,2.0,0.6931472,1.0
aws-cli/1.15.53 Python/2.7.15+ Linux/4.15.0-72-generic botocore/1.10.52,0.0010444105,1.0986123,2.0,0.6931472,1.0
aws-cli/1.16.301 Python/3.7.5 Linux/5.3.0-kali3-amd64 botocore/1.13.37,0.0010444105,1.0986123,2.0,0.6931472,1.0
aws-cli/1.16.153 Python/2.7.10 Darwin/18.7.0 botocore/1.12.143,0.0010444105,1.0986123,2.0,0.6931472,1.0
aws-cli/2.0.1 Python/3.7.4 Darwin/19.3.0 botocore/2.0.0dev5,0.0010444105,1.0986123,2.0,0.6931472,1.0
aws-cli/1.18.12 Python/3.6.0 Windows/10 botocore/1.15.12,0.0010444105,1.0986123,2.0,0.6931472,1.0
aws-cli/1.14.53 Python/3.6.4 Darwin/17.4.0 botocore/1.9.6,0.0010444105,1.0986123,2.0,0.6931472,1.0
aws-cli/1.16.8 Python/2.7.9 Windows/8 botocore/1.11.8,0.0010444105,1.0986123,2.0,0.6931472,1.0
aws-cli/1.16.10 Python/3.7.0 Darwin/16.7.0 botocore/1.12.0,0.0010444105,1.0986123,2.0,0.6931472,1.0
aws-cli/1.11.160 Python/2.7.10 Darwin/17.7.0 botocore/1.7.18,0.0010444105,1.0986123,2.0,0.6931472,1.0
aws-cli/1.15.68 Python/3.4.7 Linux/4.9.124-0.1.ac.198.71.329.metal1.x86_64 botocore/1.10.67,0.0010444105,1.0986123,2.0,0.6931472,1.0
aws-cli/1.16.19 Python/2.7.15 Darwin/17.7.0 botocore/1.12.9,0.0010444105,1.0986123,2.0,0.6931472,1.0
aws-cli/1.16.19 Python/2.7.15rc1 Linux/4.15.0-1021-aws botocore/1.12.9,0.0010444105,1.0986123,2.0,0.6931472,1.0
aws-cli/1.16.31 Python/3.6.0 Windows/10 botocore/1.12.21,0.0010444105,1.0986123,2.0,0.6931472,1.0
aws-cli/1.15.47 Python/2.7.10 Darwin/18.0.0 botocore/1.10.47,0.0010444105,1.0986123,2.0,0.6931472,1.0
aws-cli/1.14.55 Python/2.7.12 Linux/4.10.0-30-generic botocore/1.9.8,0.0010444105,1.0986123,2.0,0.6931472,1.0
aws-cli/1.16.292 Python/3.6.8 Linux/4.4.0-039049-Microsoft botocore/1.13.28,0.0010444105,1.0986123,2.0,0.6931472,1.0
aws-cli/1.16.276 Python/3.8.0 Windows/10 botocore/1.13.12,0.0010444105,1.0986123,2.0,0.6931472,1.0
aws-cli/1.16.1 Python/2.7.12 Linux/4.4.0-53329-Microsoft botocore/1.11.1,0.0010444105,1.0986123,2.0,0.6931472,1.0
aws-cli/1.14.60 Python/3.6.5 Darwin/16.7.0 botocore/1.9.13,0.0010444105,1.0986123,2.0,0.6931472,1.0
aws-cli/1.18.25 Python/2.7.17 Linux/5.4.0-kali4-amd64 botocore/1.15.25,0.0010444105,1.0986123,2.0,0.6931472,1.0
aws-cli/1.16.149 Python/3.6.8 Linux/4.15.0-66-generic botocore/1.12.139,0.0010444105,1.0986123,2.0,0.6931472,1.0
aws-cli/1.14.49 Python/2.7.9 Windows/8 botocore/1.9.2,0.0010444105,1.0986123,2.0,0.6931472,1.0
aws-cli/1.16.290 Python/3.6.0 Windows/10 botocore/1.13.26,0.0010444105,1.0986123,2.0,0.6931472,1.0
aws-cli/1.16.39 Python/2.7.15rc1 Linux/4.15.0-23-generic botocore/1.12.29,0.0010444105,1.0986123,2.0,0.6931472,1.0
aws-cli/1.16.266 Python/2.7.16 Darwin/19.0.0 botocore/1.13.2,0.0010444105,1.0986123,2.0,0.6931472,1.0
aws-cli/1.16.113 Python/3.7.3 Linux/4.4.0-039049-Microsoft botocore/1.12.103,0.0010444105,1.0986123,2.0,0.6931472,1.0
aws-cli/1.16.140 Python/3.6.8 Linux/4.18.0-25-generic botocore/1.12.130,0.0010444105,1.0986123,2.0,0.6931472,1.0
aws-cli/1.16.255 Python/2.7.15+ Linux/4.19.0-kali1-amd64 botocore/1.12.245,0.0010444105,1.0986123,2.0,0.6931472,1.0
aws-cli/1.16.253 Python/3.7.4 Darwin/18.7.0 botocore/1.12.243,0.0010444105,1.0986123,2.0,0.6931472,1.0
aws-cli/1.16.100 Python/3.7.2 Darwin/18.7.0 botocore/1.12.90,0.0010444105,1.0986123,2.0,0.6931472,1.0
aws-cli/1.14.32 Python/3.5.2 Linux/4.4.0-112-generic botocore/1.8.36,0.0010444105,1.0986123,2.0,0.6931472,1.0
aws-cli/1.14.32 Python/2.7.14+ Linux/4.12.0-kali1-amd64 botocore/1.8.36,0.0010444105,1.0986123,2.0,0.6931472,1.0
aws-cli/1.16.243 Python/2.7.15+ Linux/4.18.0-22-generic botocore/1.12.233,0.0010444105,1.0986123,2.0,0.6931472,1.0
aws-cli/1.16.243 Python/3.7.3 Linux/5.0.0-29-generic botocore/1.12.233,0.0010444105,1.0986123,2.0,0.6931472,1.0
aws-cli/1.16.253 Python/3.6.3 Darwin/17.7.0 botocore/1.12.243,0.0010444105,1.0986123,2.0,0.6931472,1.0
aws-cli/1.11.56 Python/2.7.13 Windows/7 botocore/1.5.19,0.0010444105,1.0986123,2.0,0.6931472,1.0
aws-cli/1.16.38 Python/3.6.0 Windows/10 botocore/1.12.28,0.0010444105,1.0986123,2.0,0.6931472,1.0
aws-cli/2.0.9 Python/3.7.3 Linux/5.3.0-46-generic botocore/2.0.0dev13,0.0010444105,1.0986123,2.0,0.6931472,1.0
aws-cli/1.10.20 Python/2.7.9 Linux/4.9.0-kali1-amd64 botocore/1.4.11,0.0010444105,1.0986123,2.0,0.6931472,1.0
aws-cli/1.11.41 Python/2.7.10 Darwin/16.4.0 botocore/1.5.4,0.0010444105,1.0986123,2.0,0.6931472,1.0
aws-cli/1.16.38 Python/2.7.10 Darwin/18.0.0 botocore/1.12.28,0.0010444105,1.0986123,2.0,0.6931472,1.0
aws-cli/1.18.21 Python/3.7.3rc1 Linux/4.19.0-kali4-amd64 botocore/1.15.21,0.0010444105,1.0986123,2.0,0.6931472,1.0
aws-cli/1.16.292 Python/3.7.5rc1 Linux/5.2.0-kali3-amd64 botocore/1.13.28,0.0010444105,1.0986123,2.0,0.6931472,1.0
aws-cli/1.16.24 Python/2.7.15 Linux/4.17.0-kali1-amd64 botocore/1.12.15,0.0010444105,1.0986123,2.0,0.6931472,1.0
aws-cli/1.16.72 Python/2.7.10 Darwin/16.4.0 botocore/1.12.62,0.0010444105,1.0986123,2.0,0.6931472,1.0
aws-cli/1.14.22 Python/2.7.14 Windows/10 botocore/1.8.26,0.0010444105,1.0986123,2.0,0.6931472,1.0
aws-cli/2.0.25 Python/3.7.4 Darwin/19.5.0 botocore/2.0.0dev29,0.0010444105,1.0986123,2.0,0.6931472,1.0
aws-cli/1.11.133 Python/3.6.6 Linux/4.17.19-100.fc27.x86_64 botocore/1.6.0,0.0010444105,1.0986123,2.0,0.6931472,1.0
aws-cli/1.16.36 Python/2.7.13 Darwin/17.7.0 botocore/1.12.25,0.0010444105,1.0986123,2.0,0.6931472,1.0
aws-cli/1.15.26 Python/3.6.5 Darwin/17.5.0 botocore/1.10.26,0.0010444105,1.0986123,2.0,0.6931472,1.0
aws-cli/1.11.56 Python/2.7.13 Darwin/15.6.0 botocore/1.5.19,0.0010444105,1.0986123,2.0,0.6931472,1.0
aws-cli/1.15.33 Python/2.7.15 Linux/4.18.16-100.fc27.x86_64 botocore/1.10.48,0.0010444105,1.0986123,2.0,0.6931472,1.0
aws-cli/1.18.2 Python/3.7.7 Darwin/19.3.0 botocore/1.15.2,0.0010444105,1.0986123,2.0,0.6931472,1.0
aws-cli/1.16.254 Python/3.6.9 Linux/4.15.0-88-generic botocore/1.12.244,0.0010444105,1.0986123,2.0,0.6931472,1.0
aws-cli/2.0.2 Python/3.7.4 Darwin/18.0.0 botocore/2.0.0dev6,0.0010444105,1.0986123,2.0,0.6931472,1.0
aws-cli/1.15.71 Python/3.5.2 Linux/4.15.0-45-generic botocore/1.10.70,0.0010444105,1.0986123,2.0,0.6931472,1.0
aws-cli/1.15.60 Python/3.7.0 Darwin/18.0.0 botocore/1.10.59,0.0010444105,1.0986123,2.0,0.6931472,1.0
aws-cli/1.14.18 Python/3.6.3 Darwin/17.4.0 botocore/1.8.22,0.0010444105,1.0986123,2.0,0.6931472,1.0
aws-cli/1.14.7 Python/3.6.3 Linux/4.4.0-43-Microsoft botocore/1.8.11,0.0010444105,1.0986123,2.0,0.6931472,1.0
aws-cli/2.0.15 Python/3.7.7 Windows/10 botocore/2.0.0dev19,0.0010444105,1.0986123,2.0,0.6931472,1.0
aws-cli/2.0.14 Python/3.7.3 Linux/5.4.0-29-generic botocore/2.0.0dev18,0.0010444105,1.0986123,2.0,0.6931472,1.0
aws-cli/1.11.36 Python/2.7.10 Darwin/16.3.0 botocore/1.4.93,0.0010444105,1.0986123,2.0,0.6931472,1.0
aws-cli/1.14.44 Python/3.6.9 Linux/4.15.0-101-generic botocore/1.16.12,0.0010444105,1.0986123,2.0,0.6931472,1.0
aws-cli/1.14.32 Python/2.7.13 Linux/4.9.0-4-686-pae botocore/1.8.36,0.0010444105,1.0986123,2.0,0.6931472,1.0
aws-cli/1.14.34 Python/2.7.9 Windows/8 botocore/1.8.38,0.0010444105,1.0986123,2.0,0.6931472,1.0
aws-cli/1.11.170 Python/3.6.3 Darwin/16.7.0 botocore/1.7.28,0.0010444105,1.0986123,2.0,0.6931472,1.0
aws-cli/1.14.39 Python/2.7.14+ Linux/4.14.0-kali3-amd64 botocore/1.8.43,0.0010444105,1.0986123,2.0,0.6931472,1.0
aws-cli/1.18.45 Python/2.7.17 Linux/4.15.0-96-generic botocore/1.15.45,0.0010444105,1.0986123,2.0,0.6931472,1.0
aws-cli/1.18.1 Python/3.7.6 Linux/5.3.0-42-generic botocore/1.15.1,0.0010444105,1.0986123,2.0,0.6931472,1.0
aws-internal/3 aws-sdk-java/1.11.571 Linux/4.9.184-0.1.ac.235.83.329.metal1.x86_64 OpenJDK_64-Bit_Server_VM/25.212-b03 java/1.8.0_212 vendor/Oracle_Corporation,0.0010444105,1.0986123,2.0,0.6931472,1.0
aws-cli/1.11.16 Python/2.7.13 Darwin/16.7.0 botocore/1.5.3,0.0010444105,1.0986123,2.0,0.6931472,1.0
aws-cli/1.16.89 Python/2.7.13 Linux/4.12.0-kali2-686 botocore/1.12.79,0.0010444105,1.0986123,2.0,0.6931472,1.0
aws-cli/1.16.62 Python/2.7.14+ Linux/4.6.0-kali1-amd64 botocore/1.12.52,0.0010444105,1.0986123,2.0,0.6931472,1.0
aws-cli/1.16.67 Python/2.7.15+ Linux/4.18.0-kali2-amd64 botocore/1.12.57,0.0010444105,1.0986123,2.0,0.6931472,1.0
aws-cli/1.10.64 Python/2.7.9 Darwin/15.6.0 botocore/1.5.91,0.0010444105,1.0986123,2.0,0.6931472,1.0
aws-cli/1.16.64 Python/3.6.0 Windows/10 botocore/1.12.54,0.0010444105,1.0986123,2.0,0.6931472,1.0
aws-cli/1.16.63 Python/3.6.4 Linux/4.13.0-kali1-amd64 botocore/1.12.53,0.0010444105,1.0986123,2.0,0.6931472,1.0
aws-cli/1.16.61 Python/2.7.15rc1 Linux/4.15.0-39-generic botocore/1.12.51,0.0010444105,1.0986123,2.0,0.6931472,1.0
aws-cli/1.11.139 Python/3.5.3 Linux/4.9.0-kali3-amd64 botocore/1.6.6,0.0010444105,1.0986123,2.0,0.6931472,1.0
aws-cli/1.14.44 Python/3.6.7 Linux/4.15.0-39-generic botocore/1.8.48,0.0010444105,1.0986123,2.0,0.6931472,1.0
aws-cli/1.10.35 Python/2.7.10 Darwin/16.7.0 botocore/1.5.90,0.0010444105,1.0986123,2.0,0.6931472,1.0
aws-cli/1.11.136 Python/2.7.13 Linux/4.9.0-kali4-amd64 botocore/1.6.3,0.0010444105,1.0986123,2.0,0.6931472,1.0
aws-cli/1.11.13 Python/3.5.2 Linux/4.10.0-33-generic botocore/1.4.70,0.0010444105,1.0986123,2.0,0.6931472,1.0
aws-cli/2.0.5 Python/3.7.4 Darwin/18.7.0 botocore/2.0.0dev9,0.0010421849,3.5263605,2.0,0.13579392,32.0
aws-cli/1.18.20 Python/3.6.5 Windows/10 botocore/1.15.20,0.0010359746,3.5263605,2.0,0.13579392,32.0
aws-cli/1.18.20 Python/3.6.8 Linux/4.18.0-17-generic botocore/1.16.23,0.001025694,3.5263605,2.0,0.13579392,32.0
aws-cli/1.18.6 Python/3.6.9 Linux/4.4.0-039049-Microsoft botocore/1.15.6,0.0010226938,3.5263605,2.0,0.13579392,32.0
aws-cli/1.18.16 Python/2.7.10 Darwin/18.2.0 botocore/1.15.16,0.000985972,3.5263605,2.0,0.13579392,32.0
aws-cli/2.0.7 Python/3.7.3 Linux/5.4.0-kali4-amd64 botocore/2.0.0dev11,0.00096302864,3.4965076,2.0,0.1390608,31.0
aws-cli/1.18.9 Python/3.7.6 Linux/5.2.0-kali3-amd64 botocore/1.15.9,0.00096302864,3.4965076,2.0,0.1390608,31.0
aws-cli/1.18.2 Python/3.7.6 Darwin/19.3.0 botocore/1.15.2,0.00096302864,3.4965076,2.0,0.1390608,31.0
aws-cli/1.18.29 Python/3.7.6 Linux/5.4.0-kali3-amd64 botocore/1.15.29,0.00096302864,3.4965076,2.0,0.1390608,31.0
aws-cli/1.16.283 Python/3.6.8 Linux/4.15.0-70-generic botocore/1.13.19,0.0009630283,3.4965076,2.0,0.1390608,31.0
aws-cli/1.16.309 Python/2.7.16 Windows/10 botocore/1.13.45,0.0009630283,3.4965076,2.0,0.1390608,31.0
aws-cli/2.0.7 Python/3.7.3 Linux/5.5.0-kali1-amd64 botocore/2.0.0dev11,0.00095667236,4.317488,7.0,0.52280766,66.0
aws-cli/1.16.26 Python/3.6.2 Darwin/17.7.0 botocore/1.12.16,0.00095571176,3.295837,2.0,0.2711894,24.0
aws-cli/1.14.30 Python/2.7.12 Linux/4.4.0-109-generic botocore/1.8.34,0.0009423988,3.218876,10.0,1.4855225,15.0
aws-cli/2.0.4 Python/3.7.3 Linux/4.4.0-039049-Microsoft botocore/2.0.0dev8,0.0009387656,3.5263605,2.0,0.13579392,32.0
aws-cli/1.14.44 Python/3.6.8 Linux/4.15.0-54-generic botocore/1.8.48,0.0009121637,3.5263605,2.0,0.13579392,32.0
aws-cli/1.16.263 Python/2.7.18 Linux/5.4.0-kali3-amd64 botocore/1.12.253,0.00089789403,3.5263605,2.0,0.13579392,32.0
aws-cli/1.11.23 Python/2.7.12 Darwin/15.6.0 botocore/1.4.80,0.00088937714,2.5649493,2.0,0.56233513,9.0
aws-cli/1.16.144 Python/3.6.0 Windows/10 botocore/1.12.134,0.0008755268,4.962845,9.0,0.6843821,122.0
aws-cli/1.15.15 Python/3.6.5rc1 Linux/4.14.0-kali3-amd64 botocore/1.10.15,0.0008622947,3.218876,2.0,0.37677017,21.0
aws-cli/1.16.17 Python/3.7.0 Darwin/18.6.0 botocore/1.12.7,0.00084688247,3.4965076,2.0,0.23379166,30.0
aws-cli/1.16.258 Python/3.6.0 Windows/10 botocore/1.12.248,0.00078125147,3.4965076,2.0,0.23379166,30.0
aws-cli/1.17.14 Python/3.7.6 Linux/5.4.0-4parrot1-amd64 botocore/1.14.14,0.00076988555,3.5263605,2.0,0.13579392,32.0
aws-cli/1.16.106 Python/2.7.15rc1 Linux/4.4.0-01985-Microsoft botocore/1.12.96,0.0007465028,3.4965076,2.0,0.23379166,30.0
[aws-cli/1.16.81 Python/3.7.2+ Linux/4.4.78-perf+ botocore/1.12.71],0.000700291,2.8332133,2.0,0.37677017,14.0
aws-cli/1.15.68 Python/3.7.0 Darwin/17.7.0 botocore/1.10.67,0.00069021754,3.218876,2.0,0.17320523,23.0
aws-cli/1.16.89 Python/3.6.3 Darwin/18.7.0 botocore/1.12.79,0.0006624554,3.3672957,2.0,0.3404998,25.0
aws-cli/1.16.301 Python/3.7.5 Linux/4.4.0-01985-Microsoft botocore/1.13.37,0.00064645376,3.6109178,3.0,0.41131377,32.0
[aws-cli/1.11.31 Python/2.7.10 Darwin/17.4.0 botocore/1.4.88],0.00063961826,2.4849067,1.0,0.0,11.0
[aws-cli/1.14.44 Python/3.6.5 Linux/4.4.0-53329-Microsoft botocore/1.8.48],0.00063961826,2.4849067,1.0,0.0,11.0
[aws-cli/1.11.56 Python/2.7.13 Linux/4.8.0-kali2-amd64 botocore/1.5.19],0.00063961826,2.4849067,1.0,0.0,11.0
[aws-cli/1.16.24 Python/3.6.0 Windows/10 botocore/1.12.14],0.00063961826,2.4849067,1.0,0.0,11.0
[Boto3/1.10.8 Python/3.7.5rc1 Linux/5.2.0-kali3-amd64 Botocore/1.13.8],0.00063961826,2.4849067,1.0,0.0,11.0
[Boto3/1.4.7 Python/3.6.2 Linux/4.13.7-1-ARCH Botocore/1.7.28 Resource],0.00063961826,2.4849067,1.0,0.0,11.0
[aws-cli/1.16.67 Python/2.7.15 Darwin/17.7.0 botocore/1.12.57],0.00063961826,2.4849067,1.0,0.0,11.0
[aws-cli/1.11.13 Python/3.5.2 Linux/4.4.0-039049-Microsoft botocore/1.4.70],0.00063961826,2.4849067,1.0,0.0,11.0
[aws-cli/1.11.112 Python/2.7.10 Darwin/16.7.0 botocore/1.5.75],0.00063961826,2.4849067,1.0,0.0,11.0
[aws-cli/1.16.177 Python/2.7.16 Linux/4.19.0-kali5-amd64 botocore/1.12.167],0.00063961826,2.4849067,1.0,0.0,11.0
[aws-cli/2.0.0dev1 Python/3.7.3 Linux/5.2.0-kali2-amd64 botocore/2.0.0dev1],0.00063961826,2.4849067,1.0,0.0,11.0
[aws-cli/1.16.90 Python/3.7.2 Darwin/17.7.0 botocore/1.12.80],0.00063961826,2.4849067,1.0,0.0,11.0
[aws-cli/1.15.72 Python/3.6.5 Linux/4.15.0-1015-gcp botocore/1.10.71],0.00063961826,2.4849067,1.0,0.0,11.0
aws-cli/1.15.68 Python/2.7.9 Windows/8 botocore/1.10.67,0.0005590622,3.3672957,2.0,0.3404998,25.0
lightsail.amazonaws.com,0.0005384941,2.3978953,1.0,0.0,10.0
aws-cli/1.11.64 Python/2.7.12+ Linux/4.8.0-52-generic botocore/1.5.27,0.00045370642,2.944439,1.0,0.0,18.0
[aws-cli/1.18.11 Python/3.5.2 Linux/4.4.0-173-generic botocore/1.15.11],0.00043962442,1.7917595,1.0,0.0,5.0
[aws-cli/1.11.168 Python/2.7.6 Linux/3.13.0-92-generic botocore/1.7.26],0.00043962442,1.7917595,1.0,0.0,5.0
[aws-cli/1.14.30 Python/2.7.14 Linux/4.13.0-32-generic botocore/1.8.34],0.00043962442,1.7917595,1.0,0.0,5.0
[aws-cli/1.16.251 Python/3.7.5 Linux/5.3.0-kali2-amd64 botocore/1.13.20],0.00043962442,1.7917595,1.0,0.0,5.0
[aws-cli/1.14.32 Python/2.7.9 Windows/8 botocore/1.8.36],0.00043962442,1.7917595,1.0,0.0,5.0
[aws-cli/1.14.44 Python/3.6.9 Linux/4.15.0-91-generic botocore/1.8.48],0.00043962442,1.7917595,1.0,0.0,5.0
[aws-cli/1.14.46 Python/3.6.4 Darwin/17.4.0 botocore/1.8.50],0.00043962442,1.7917595,1.0,0.0,5.0
[aws-cli/1.16.303 Python/3.8.0 Linux/5.4.2-arch1-1 botocore/1.13.39],0.00043962442,1.7917595,1.0,0.0,5.0
[aws-cli/1.11.93 Python/2.7.6 Linux/3.16.0-30-generic botocore/1.5.56],0.00043962442,1.7917595,1.0,0.0,5.0
[aws-cli/1.17.5 Python/2.7.16 Darwin/19.2.0 botocore/1.14.5],0.00043962442,1.7917595,1.0,0.0,5.0
[aws-cli/1.11.98 Python/2.7.12 Windows/7 botocore/1.5.61],0.00043962442,1.7917595,1.0,0.0,5.0
[aws-cli/1.11.129 Python/3.6.1 Darwin/16.7.0 botocore/1.5.92],0.00043962442,1.7917595,1.0,0.0,5.0
[aws-cli/1.14.67 Python/3.6.5 Darwin/15.6.0 botocore/1.9.20],0.00043962442,1.7917595,1.0,0.0,5.0
[aws-cli/1.11.170 Python/2.7.10 Darwin/17.4.0 botocore/1.7.28],0.00043962442,1.7917595,1.0,0.0,5.0
aws-cli/2.0.54 Python/3.8.5 Darwin/18.7.0 source/x86_64 command/sts.get-caller-identity,0.00043962442,1.7917595,1.0,0.0,5.0
aws-sdk-nodejs/2.7.13 linux/v4.6.1,0.00043962442,1.7917595,1.0,0.0,5.0
[aws-sdk-java/1.11.60 Linux/4.4.0-78-generic OpenJDK_64-Bit_Server_VM/25.131-b11/1.8.0_131],0.00043962442,1.7917595,1.0,0.0,5.0
[aws-cli/1.16.253 Python/2.7.10 Darwin/18.7.0 botocore/1.12.243],0.00043962442,1.7917595,1.0,0.0,5.0
[aws-cli/1.11.120 Python/2.7.10 Darwin/17.4.0 botocore/1.5.83],0.00043962442,1.7917595,1.0,0.0,5.0
[aws-cli/1.14.7 Python/2.7.9 Windows/8 botocore/1.8.11],0.00043962442,1.7917595,1.0,0.0,5.0
[aws-cli/1.17.14 Python/3.7.4 Linux/5.2.0-kali2-amd64 botocore/1.14.14],0.00043962442,1.7917595,1.0,0.0,5.0
[aws-cli/2.0.2 Python/3.7.3 Linux/5.4.0-kali4-amd64 botocore/2.0.0dev6],0.00043962442,1.7917595,1.0,0.0,5.0
[Cyberduck/26.8.6.195754 (Mac OS X/10.13.1) (x86_64)],0.00043962442,1.7917595,1.0,0.0,5.0
[aws-cli/2.0.19 Python/3.7.3 Linux/3.13.0-79-generic botocore/2.0.0dev23],0.00043962442,1.7917595,1.0,0.0,5.0
[aws-cli/1.15.40 Python/2.7.9 Windows/7 botocore/1.10.40],0.00043962442,1.7917595,1.0,0.0,5.0
[aws-cli/1.16.183 Python/2.7.15+ Linux/5.0.0-27-generic botocore/1.12.173],0.00043962442,1.7917595,1.0,0.0,5.0
[aws-cli/1.11.158 Python/2.7.13 Linux/4.9.0-3-amd64 botocore/1.7.16],0.00043962442,1.7917595,1.0,0.0,5.0
[aws-cli/2.0.8 Python/3.7.4 Darwin/19.2.0 botocore/2.0.0dev12],0.00043962442,1.7917595,1.0,0.0,5.0
[aws-cli/1.11.56 Python/2.7.10 Darwin/16.6.0 botocore/1.5.19],0.00043962442,1.7917595,1.0,0.0,5.0
[aws-cli/1.16.9 Python/2.7.9 Windows/8 botocore/1.11.9],0.00043962442,1.7917595,1.0,0.0,5.0
[aws-cli/1.17.5 Python/2.7.16 Linux/4.14.158-101.185.amzn1.x86_64 botocore/1.14.5],0.00043962442,1.7917595,1.0,0.0,5.0
[aws-cli/1.11.85 Python/2.7.10 Darwin/16.3.0 botocore/1.5.48],0.00043962442,1.7917595,1.0,0.0,5.0
[aws-cli/1.15.4 Python/2.7.12 Linux/4.4.0-75-generic botocore/1.10.4],0.00043962442,1.7917595,1.0,0.0,5.0
[aws-cli/1.16.236 Python/3.4.7 Linux/4.9.184-0.1.ac.235.83.329.metal1.x86_64 botocore/1.12.226],0.00043962442,1.7917595,1.0,0.0,5.0
[aws-cli/1.11.82 Python/2.7.10 Darwin/16.6.0 botocore/1.5.45],0.00043962442,1.7917595,1.0,0.0,5.0
[aws-cli/1.15.4 Python/2.7.14+ Linux/4.14.0-kali3-amd64 botocore/1.10.4],0.00043962442,1.7917595,1.0,0.0,5.0
[aws-cli/1.14.44 Python/3.6.5rc1 Linux/4.15.0-kali2-amd64 botocore/1.8.48],0.00043962442,1.7917595,1.0,0.0,5.0
[aws-cli/1.16.2 Python/2.7.15rc1 Linux/4.15.0-33-generic botocore/1.11.4],0.00043962442,1.7917595,1.0,0.0,5.0
[aws-cli/1.17.0 Python/3.8.1 Darwin/16.6.0 botocore/1.14.0],0.00043962442,1.7917595,1.0,0.0,5.0
[aws-cli/1.11.66 Python/2.7.13 Darwin/16.6.0 botocore/1.5.29],0.00043962442,1.7917595,1.0,0.0,5.0
[aws-cli/1.16.260 Python/2.7.16 Darwin/17.7.0 botocore/1.12.250],0.00043962442,1.7917595,1.0,0.0,5.0
[aws-cli/1.16.65 Python/2.7.9 Darwin/15.6.0 botocore/1.12.57],0.00043962442,1.7917595,1.0,0.0,5.0
[aws-cli/1.18.97 Python/3.8.2 Linux/5.4.0-40-generic botocore/1.17.20],0.00043962442,1.7917595,1.0,0.0,5.0
[aws-cli/1.16.266 Python/2.7.10 Darwin/18.7.0 botocore/1.13.2],0.00043962442,1.7917595,1.0,0.0,5.0
[aws-cli/1.14.32 Python/3.6.4 Linux/4.14.0-3-amd64 botocore/1.8.36],0.00043962442,1.7917595,1.0,0.0,5.0
[aws-cli/1.11.56 Python/2.7.12 Linux/4.8.0-36-generic botocore/1.5.19],0.00043962442,1.7917595,1.0,0.0,5.0
[aws-cli/1.11.40 Python/3.5.2 Linux/4.8.16-200.fc24.x86_64 botocore/1.5.3],0.00043962442,1.7917595,1.0,0.0,5.0
[aws-cli/1.16.284 Python/3.6.0 Windows/10 botocore/1.13.20],0.00043962442,1.7917595,1.0,0.0,5.0
[aws-cli/1.15.33 Python/3.6.2 Darwin/16.7.0 botocore/1.10.33],0.00043962442,1.7917595,1.0,0.0,5.0
[aws-cli/2.0.2 Python/3.7.3 Linux/5.3.0-42-generic botocore/2.0.0dev6],0.00043962442,1.7917595,1.0,0.0,5.0
[aws-cli/1.16.265 Python/3.8.0 Linux/4.15.0-20-generic botocore/1.13.1],0.00043962442,1.7917595,1.0,0.0,5.0
[aws-cli/1.14.44 Python/3.6.9 Linux/4.4.0-039049-Microsoft botocore/1.13.28],0.00043962442,1.7917595,1.0,0.0,5.0
[aws-cli/1.9.9 Python/2.7.9 Windows/8 botocore/1.3.9],0.00043962442,1.7917595,1.0,0.0,5.0
[aws-cli/1.14.44 Python/3.6.8 Linux/4.15.0-1058-aws botocore/1.8.48],0.00043962442,1.7917595,1.0,0.0,5.0
[aws-cli/1.16.73 Python/2.7.10 Darwin/17.5.0 botocore/1.12.63],0.00043962442,1.7917595,1.0,0.0,5.0
[aws-cli/1.11.13 Python/3.5.2 Linux/4.4.0-66-generic botocore/1.4.70],0.00043962442,1.7917595,1.0,0.0,5.0
[aws-cli/1.14.24 Python/3.6.4 Linux/4.14.13-1-ARCH botocore/1.8.28],0.00043962442,1.7917595,1.0,0.0,5.0
[aws-cli/1.18.3 Python/2.7.17 Linux/4.15.0-1060-aws botocore/1.15.3],0.00043962442,1.7917595,1.0,0.0,5.0
[aws-cli/1.15.85 Python/3.4.7 Linux/4.9.124-0.1.ac.198.71.329.metal1.x86_64 botocore/1.10.84],0.00043962442,1.7917595,1.0,0.0,5.0
[aws-cli/1.16.234 Python/3.7.4 Darwin/18.6.0 botocore/1.12.224],0.00043962442,1.7917595,1.0,0.0,5.0
[aws-cli/1.16.134 Python/3.7.4 Linux/5.3.8-arch1-1 botocore/1.12.124],0.00043962442,1.7917595,1.0,0.0,5.0
[aws-cli/1.17.14 Python/3.8.2 Linux/5.4.0-1013-raspi botocore/1.14.14],0.00043962442,1.7917595,1.0,0.0,5.0
[aws-cli/1.15.76 Python/3.6.5 Darwin/17.6.0 botocore/1.10.75],0.00043962442,1.7917595,1.0,0.0,5.0
[aws-cli/1.18.80 Python/3.8.3 Linux/5.4.0-kali4-amd64 botocore/1.17.3],0.00043962442,1.7917595,1.0,0.0,5.0
[aws-cli/1.16.280 Python/3.6.0 Windows/10 botocore/1.13.16],0.00043962442,1.7917595,1.0,0.0,5.0
[aws-cli/1.15.0 Python/2.7.12 Linux/4.15.0-33-generic botocore/1.10.0],0.00043962442,1.7917595,1.0,0.0,5.0
[aws-cli/1.11.13 Python/3.5.2 Linux/4.4.0-72-generic botocore/1.4.70],0.00043962442,1.7917595,1.0,0.0,5.0
[aws-cli/1.14.40 Python/3.6.5 Darwin/17.7.0 botocore/1.8.44],0.00043962442,1.7917595,1.0,0.0,5.0
[aws-cli/1.16.106 Python/2.7.15 Darwin/17.7.0 botocore/1.12.96],0.00043962442,1.7917595,1.0,0.0,5.0
[aws-cli/1.16.172 Python/2.7.16 Darwin/17.7.0 botocore/1.12.162],0.00043962442,1.7917595,1.0,0.0,5.0
[aws-cli/1.11.176 Python/2.7.10 Darwin/16.7.0 botocore/1.7.34],0.00043962442,1.7917595,1.0,0.0,5.0
[aws-cli/1.11.59 Python/2.7.10 Darwin/16.4.0 botocore/1.5.22],0.00043962442,1.7917595,1.0,0.0,5.0
[aws-cli/1.16.234 Python/2.7.15 Darwin/18.7.0 botocore/1.12.224],0.00043962442,1.7917595,1.0,0.0,5.0
[aws-cli/1.11.56 Python/3.6.0 Darwin/16.7.0 botocore/1.5.19],0.00043962442,1.7917595,1.0,0.0,5.0
[aws-cli/1.14.32 Python/2.7.10 Darwin/17.3.0 botocore/1.8.36],0.00043962442,1.7917595,1.0,0.0,5.0
[aws-cli/1.15.53 Python/2.7.15 Linux/4.16.0-kali2-686-pae botocore/1.10.52],0.00043962442,1.7917595,1.0,0.0,5.0
[aws-cli/1.16.50 Python/2.7.15 Windows/10 botocore/1.12.40],0.00043962442,1.7917595,1.0,0.0,5.0
[aws-internal/3 aws-sdk-java/1.11.347 Linux/3.2.45-0.6.wd.865.49.315.metal1.x86_64 Java_HotSpot(TM)_64-Bit_Server_VM/25.172-b31 java/1.8.0_172],0.00043962442,1.7917595,1.0,0.0,5.0
[aws-cli/1.14.44 Python/3.6.5 Linux/4.15.0-1023-aws botocore/1.8.48],0.00043962442,1.7917595,1.0,0.0,5.0
[aws-cli/1.15.76 Python/2.7.9 Windows/7 botocore/1.10.75],0.00043962442,1.7917595,1.0,0.0,5.0
[aws-cli/1.16.259 Python/3.6.8 Linux/4.14.146-93.123.amzn1.x86_64 botocore/1.12.249],0.00043962442,1.7917595,1.0,0.0,5.0
[aws-cli/2.0.24 Python/3.7.3 Linux/4.19.104-microsoft-standard botocore/2.0.0dev28],0.00043962442,1.7917595,1.0,0.0,5.0
[aws-cli/1.16.50 Python/3.7.1 Darwin/18.2.0 botocore/1.12.40],0.00043962442,1.7917595,1.0,0.0,5.0
[aws-cli/2.0.7 Python/3.7.3 Linux/4.19.0-kali4-amd64 botocore/2.0.0dev11],0.00043962442,1.7917595,1.0,0.0,5.0
[aws-cli/1.16.292 Python/3.8.0 Windows/10 botocore/1.13.28],0.00043962442,1.7917595,1.0,0.0,5.0
[aws-cli/1.9.1 Python/2.7.13 Darwin/17.3.0 botocore/1.4.72],0.00043962442,1.7917595,1.0,0.0,5.0
[aws-cli/1.11.63 Python/2.7.10 Darwin/16.4.0 botocore/1.5.26],0.00043962442,1.7917595,1.0,0.0,5.0
[aws-cli/1.11.63 Python/2.7.12+ Linux/4.10.0-607186rc8-lowlatency botocore/1.5.26],0.00043962442,1.7917595,1.0,0.0,5.0
[aws-cli/1.14.40 Python/3.6.4 Darwin/16.7.0 botocore/1.8.44],0.00043962442,1.7917595,1.0,0.0,5.0
[aws-cli/1.15.76 Python/3.6.5 Linux/4.15.0-1015-gcp botocore/1.10.75],0.00043962442,1.7917595,1.0,0.0,5.0
[aws-cli/1.11.122 Python/2.7.13 Darwin/16.6.0 botocore/1.5.85],0.00043962442,1.7917595,1.0,0.0,5.0
[aws-cli/1.15.63 Python/3.4.7 Linux/4.4.83-0.1.fm.327.54.326.metal1.x86_64 botocore/1.10.62],0.00043962442,1.7917595,1.0,0.0,5.0
[aws-cli/1.18.36 Python/3.8.1 Linux/5.4.13-arch1-1 botocore/1.15.36],0.00043962442,1.7917595,1.0,0.0,5.0
[Boto3/1.7.4 Python/3.8.2 Linux/4.9.184-linuxkit Botocore/1.10.4 Resource],0.00043962442,1.7917595,1.0,0.0,5.0
[Boto3/1.7.4 Python/3.8.2 Linux/4.9.184-linuxkit Botocore/1.10.4],0.00043962442,1.7917595,1.0,0.0,5.0
[aws-cli/2.0.53 Python/3.7.3 Linux/5.7.0-kali3-amd64 exe/x86_64.kali.2020 command/s3.ls],0.00043962442,1.7917595,1.0,0.0,5.0
[aws-cli/1.14.9 Python/2.7.14 Linux/4.14.47-56.37.amzn1.x86_64 botocore/1.8.13],0.00043962442,1.7917595,1.0,0.0,5.0
[aws-cli/2.0.0dev3 Python/3.7.4 Darwin/18.7.0 botocore/2.0.0dev2],0.00043962442,1.7917595,1.0,0.0,5.0
[aws-cli/1.17.3 Python/3.7.5 Linux/5.3.0-kali2-amd64 botocore/1.14.3],0.00043962442,1.7917595,1.0,0.0,5.0
[aws-cli/1.17.4 Python/3.6.0 Windows/10 botocore/1.14.4],0.00043962442,1.7917595,1.0,0.0,5.0
[aws-cli/1.11.146 Python/2.7.13 Darwin/16.6.0 botocore/1.7.4],0.00043962442,1.7917595,1.0,0.0,5.0
[AWSPowerShell.NetCore/255.1.56.5 .NET_Core/4.6.462587.01 OS/Microsoft_Windows_10.0.039049 PowerShellCore/6.-1 ClientAsync],0.00043962442,1.7917595,1.0,0.0,5.0
[aws-cli/1.11.44 Python/3.5.3 Linux/4.10.0-21-generic botocore/1.5.7],0.00043962442,1.7917595,1.0,0.0,5.0
[aws-cli/1.16.221 Python/2.7.10 Darwin/18.6.0 botocore/1.12.211],0.00043962442,1.7917595,1.0,0.0,5.0
[aws-cli/1.16.276 Python/3.6.0 Windows/10 botocore/1.13.12],0.00043962442,1.7917595,1.0,0.0,5.0
aws-cli/2.0.53 Python/3.7.3 Linux/5.7.0-kali3-amd64 exe/x86_64.kali.2020 command/sts.get-caller-identity,0.00043962442,1.7917595,1.0,0.0,5.0
[aws-cli/1.11.139 Python/3.5.4 Linux/4.12.0-kali2-amd64 botocore/1.6.6],0.00043962442,1.7917595,1.0,0.0,5.0
[aws-cli/1.14.44 Python/3.6.9 Linux/5.3.0-42-generic botocore/1.14.14],0.00043962442,1.7917595,1.0,0.0,5.0
[aws-cli/2.0.19 Python/3.7.7 Windows/10 botocore/2.0.0dev23],0.00043962442,1.7917595,1.0,0.0,5.0
[aws-cli/1.16.260 Python/3.6.8 Linux/4.4.0-01985-Microsoft botocore/1.12.250],0.00043962442,1.7917595,1.0,0.0,5.0
[aws-cli/1.16.104 Python/3.6.4 Darwin/18.7.0 botocore/1.12.94],0.00043962442,1.7917595,1.0,0.0,5.0
[aws-cli/1.11.13 Python/3.5.2+ Linux/4.6.0-kali1-amd64 botocore/1.4.70],0.00043962442,1.7917595,1.0,0.0,5.0
[aws-cli/1.16.70 Python/3.7.1 Darwin/18.2.0 botocore/1.12.60],0.00043962442,1.7917595,1.0,0.0,5.0
aws-cli/1.11.8 Python/2.7.13 Linux/4.8.0-kali2-amd64 botocore/1.4.65,0.0003986166,3.295837,2.0,0.2711894,24.0
aws-cli/1.18.64 Python/3.8.2 Linux/5.5.0-kali2-amd64 botocore/1.16.14,0.00036964106,1.9459101,3.0,0.86756325,4.0
aws-cli/1.16.234 Python/3.6.8 Linux/4.15.0-1047-aws botocore/1.12.224,0.0003620802,3.295837,2.0,0.2711894,24.0
[aws-cli/1.11.136 Python/2.7.10 Darwin/16.7.0 botocore/1.6.3],0.0003447009,2.3025851,1.0,0.0,9.0
[aws-cli/1.14.52 Python/3.6.5 Darwin/17.6.0 botocore/1.9.5],0.0003447009,2.3025851,1.0,0.0,9.0
[aws-cli/1.16.240 Python/3.7.4 Darwin/18.7.0 botocore/1.12.230],0.0003447009,2.3025851,1.0,0.0,9.0
[aws-cli/1.15.79 Python/2.7.15 Darwin/17.7.0 botocore/1.10.78],0.0003447009,2.3025851,1.0,0.0,9.0
[aws-cli/1.11.139 Python/3.6.3 Linux/4.13.0-38-generic botocore/1.6.6],0.0003447009,2.3025851,1.0,0.0,9.0
[aws-cli/1.16.218 Python/3.7.4 Linux/5.2.0-kali2-amd64 botocore/1.12.208],0.0003447009,2.3025851,1.0,0.0,9.0
[aws-cli/1.16.120 Python/3.7.3 Darwin/18.7.0 botocore/1.12.110],0.0003447009,2.3025851,1.0,0.0,9.0
[aws-cli/1.11.112 Python/2.7.10 Darwin/16.6.0 botocore/1.5.75],0.0003447009,2.3025851,1.0,0.0,9.0
[aws-sdk-java/1.11.60 Linux/4.4.0-78-generic Java_HotSpot(TM)_64-Bit_Server_VM/25.131-b11/1.8.0_131],0.0003447009,2.3025851,1.0,0.0,9.0
[aws-cli/1.16.260 Python/3.7.4 Darwin/19.0.0 botocore/1.12.250],0.0003447009,2.3025851,1.0,0.0,9.0
[aws-cli/2.0.26 Python/3.8.3 Darwin/19.6.0 botocore/2.0.0dev30],0.0003447009,2.3025851,1.0,0.0,9.0
[aws-cli/1.16.221 Python/2.7.10 Darwin/18.7.0 botocore/1.12.211],0.0003447009,2.3025851,1.0,0.0,9.0
[aws-cli/1.15.50 Python/3.7.0 Darwin/17.7.0 botocore/1.10.49],0.0003447009,2.3025851,1.0,0.0,9.0
[aws-cli/1.16.81 Python/3.6.8rc1 Linux/4.18.0-kali3-amd64 botocore/1.12.71],0.0003447009,2.3025851,1.0,0.0,9.0
[aws-cli/1.14.14 Python/2.7.9 Windows/8 botocore/1.8.18],0.0003447009,2.3025851,1.0,0.0,9.0
[aws-cli/1.11.56 Python/2.7.5 Linux/4.9.13-201.fc25.x86_64 botocore/1.5.19],0.0003447009,2.3025851,1.0,0.0,9.0
[aws-cli/1.16.95 Python/3.7.2 Linux/4.19.0-1-amd64 botocore/1.12.85],0.0003447009,2.3025851,1.0,0.0,9.0
[Boto3/1.4.7 Python/3.6.2 Linux/4.13.7-1-ARCH Botocore/1.7.33 Resource],0.0003447009,2.3025851,1.0,0.0,9.0
[aws-cli/1.16.300 Python/2.7.16 Linux/4.14.165-133.209.amzn2.x86_64 botocore/1.13.36],0.0003447009,2.3025851,1.0,0.0,9.0
[aws-cli/1.11.13 Python/3.5.2 Linux/4.4.0-142-generic botocore/1.4.70],0.0003447009,2.3025851,1.0,0.0,9.0
[aws-cli/2.0.23 Python/3.8.3 Darwin/19.5.0 botocore/2.0.0dev27],0.00033723906,1.609438,2.0,0.6931472,2.0
[Boto3/1.14.20 Python/2.7.17 Linux/5.4.0-kali4-amd64 Botocore/1.17.20],0.0003372389,1.609438,2.0,0.6931472,2.0
[aws-cli/1.16.210 Python/3.7.4 Darwin/18.7.0 botocore/1.12.219],0.00033609886,1.609438,1.0,0.0,4.0
[aws-cli/1.16.174 Python/3.6.7 Linux/4.15.0-51-generic botocore/1.12.164],0.00033609886,1.609438,1.0,0.0,4.0
[aws-cli/1.11.40 Python/3.6.0 Linux/4.9.11-1-ARCH botocore/1.5.3],0.00033609886,1.609438,1.0,0.0,4.0
[aws-cli/1.15.0 Python/2.7.14 Darwin/17.4.0 botocore/1.10.0],0.00033609886,1.609438,1.0,0.0,4.0
[aws-cli/1.11.80 Python/2.7.9 Windows/8 botocore/1.5.43],0.00033609886,1.609438,1.0,0.0,4.0
[aws-cli/1.16.215 Python/2.7.10 Darwin/18.6.0 botocore/1.12.205],0.00033609886,1.609438,1.0,0.0,4.0
[aws-cli/1.11.48 Python/2.7.13 Darwin/16.4.0 botocore/1.5.11],0.00033609886,1.609438,1.0,0.0,4.0
[aws-cli/1.18.28 Python/3.7.4 Darwin/17.7.0 botocore/1.15.28],0.00033609886,1.609438,1.0,0.0,4.0
[aws-cli/1.18.26 Python/3.7.6 Linux/5.4.0-kali3-amd64 botocore/1.15.26],0.00033609886,1.609438,1.0,0.0,4.0
[aws-cli/1.14.44 Python/3.6.7 Linux/4.15.0-1032-aws botocore/1.8.48],0.00033609886,1.609438,1.0,0.0,4.0
[aws-cli/1.11.13 Python/3.5.2 Linux/4.4.0-1050-aws botocore/1.4.70],0.00033609886,1.609438,1.0,0.0,4.0
[aws-cli/1.16.106 Python/3.7.2 Linux/4.20.8-200.fc29.x86_64 botocore/1.12.96],0.00033609886,1.609438,1.0,0.0,4.0
[aws-cli/1.16.24 Python/3.7.0 Darwin/17.7.0 botocore/1.12.14],0.00033609886,1.609438,1.0,0.0,4.0
[aws-cli/1.16.185 Python/2.7.16 Darwin/16.4.0 botocore/1.12.175],0.00033609886,1.609438,1.0,0.0,4.0
[aws-cli/1.16.185 Python/2.7.16 Linux/4.19.0-parrot4-28t-amd64 botocore/1.12.175],0.00033609886,1.609438,1.0,0.0,4.0
[aws-cli/1.16.190 Python/3.6.8 Linux/4.18.0-25-generic botocore/1.12.180],0.00033609886,1.609438,1.0,0.0,4.0
[aws-cli/1.14.44 Python/3.6.7 Linux/4.15.0-51-generic botocore/1.8.48],0.00033609886,1.609438,1.0,0.0,4.0
[aws-cli/1.16.102 Python/2.7.14 Linux/4.14.123-111.109.amzn2.x86_64 botocore/1.12.92],0.00033609886,1.609438,1.0,0.0,4.0
[aws-cli/1.11.44 Python/3.5.3+ Linux/4.9.0-kali4-686-pae botocore/1.5.75],0.00033609886,1.609438,1.0,0.0,4.0
[aws-cli/1.11.34 Python/2.7.10 Darwin/18.6.0 botocore/1.4.91],0.00033609886,1.609438,1.0,0.0,4.0
[aws-cli/1.16.189 Python/2.7.16 Windows/10 botocore/1.12.179],0.00033609886,1.609438,1.0,0.0,4.0
[aws-cli/1.16.189 Python/2.7.10 Darwin/18.6.0 botocore/1.12.179],0.00033609886,1.609438,1.0,0.0,4.0
[aws-cli/1.15.16 Python/2.7.12 Linux/4.13.0-39-generic botocore/1.10.16],0.00033609886,1.609438,1.0,0.0,4.0
[aws-cli/1.16.223 Python/3.6.8 Linux/5.0.0-25-generic botocore/1.12.213],0.00033609886,1.609438,1.0,0.0,4.0
[aws-cli/1.16.220 Python/3.6.0 Windows/10 botocore/1.12.210],0.00033609886,1.609438,1.0,0.0,4.0
[aws-cli/1.16.240 Python/3.6.9 Linux/5.3.0-42-generic botocore/1.13.48],0.00033609886,1.609438,1.0,0.0,4.0
[aws-cli/1.16.120 Python/3.7.2 Darwin/18.2.0 botocore/1.12.110],0.00033609886,1.609438,1.0,0.0,4.0
[aws-cli/1.15.71 Python/3.7.2 Linux/4.20.10-200.fc29.x86_64 botocore/1.10.41],0.00033609886,1.609438,1.0,0.0,4.0
[aws-cli/1.16.128 Python/2.7.16rc1 Linux/4.19.0-kali3-amd64 botocore/1.12.118],0.00033609886,1.609438,1.0,0.0,4.0
[aws-cli/1.16.257 Python/2.7.16 Darwin/19.0.0 botocore/1.12.247],0.00033609886,1.609438,1.0,0.0,4.0
[aws-cli/1.15.60 Python/3.7.0 Darwin/16.7.0 botocore/1.10.59],0.00033609886,1.609438,1.0,0.0,4.0
[aws-cli/1.2.9 Python/3.4.3 Linux/3.4.0+],0.00033609886,1.609438,1.0,0.0,4.0
[Boto3/1.9.201 Python/2.7.12 Linux/4.4.0-157-generic Botocore/1.12.201],0.00033609886,1.609438,1.0,0.0,4.0
[aws-cli/1.16.140 Python/2.7.15rc1 Linux/4.15.0-55-generic botocore/1.12.202],0.00033609886,1.609438,1.0,0.0,4.0
[aws-cli/1.17.13 Python/3.6.0 Linux/4.4.0-1102-aws botocore/1.14.13],0.00033609886,1.609438,1.0,0.0,4.0
[aws-cli/1.16.179 Python/3.6.8 Linux/4.19.0-kali3-amd64 botocore/1.12.169],0.00033609886,1.609438,1.0,0.0,4.0
[aws-cli/1.16.169 Python/2.7.16 Darwin/18.6.0 botocore/1.12.159],0.00033609886,1.609438,1.0,0.0,4.0
[aws-cli/1.16.172 Python/3.6.0 Windows/10 botocore/1.12.162],0.00033609886,1.609438,1.0,0.0,4.0
[aws-cli/1.11.56 Python/2.7.13 Darwin/16.5.0 botocore/1.5.19],0.00033609886,1.609438,1.0,0.0,4.0
[aws-cli/1.15.70 Python/3.6.5 Linux/4.15.0-1014-gcp botocore/1.10.69],0.00033609886,1.609438,1.0,0.0,4.0
[aws-cli/1.18.146 Python/2.7.18 Linux/5.4.0-kali4-amd64 botocore/1.18.5],0.00033609886,1.609438,1.0,0.0,4.0
[aws-cli/1.15.68 Python/2.7.15 Linux/4.16.0-kali2-amd64 botocore/1.10.67],0.00033609886,1.609438,1.0,0.0,4.0
[aws-cli/1.16.136 Python/3.6.7 Linux/4.18.0-16-generic botocore/1.12.126],0.00033609886,1.609438,1.0,0.0,4.0
[aws-cli/1.16.283 Python/3.6.7 Linux/4.4.0-01985-Microsoft botocore/1.13.19],0.00033609886,1.609438,1.0,0.0,4.0
[aws-cli/1.18.21 Python/3.7.7 Darwin/19.3.0 botocore/1.12.253],0.00033609886,1.609438,1.0,0.0,4.0
[aws-cli/1.18.26 Python/3.7.7 Linux/5.4.0-kali4-amd64 botocore/1.15.26],0.00033609886,1.609438,1.0,0.0,4.0
[aws-cli/1.18.39 Python/2.7.17 Linux/5.4.0-kali3-amd64 botocore/1.15.39],0.00033609886,1.609438,1.0,0.0,4.0
[aws-cli/1.18.39 Python/3.7.7 Windows/10 botocore/1.15.39],0.00033609886,1.609438,1.0,0.0,4.0
[Boto3/1.7.75 Python/3.6.5 Linux/4.15.0-1015-gcp Botocore/1.10.75],0.00033609886,1.609438,1.0,0.0,4.0
[aws-cli/1.16.104 Python/3.7.2 Windows/10 botocore/1.12.94],0.00033609886,1.609438,1.0,0.0,4.0
[aws-cli/1.16.309 Python/3.6.9 Linux/4.4.0-039049-Microsoft botocore/1.13.50],0.00033609886,1.609438,1.0,0.0,4.0
[aws-cli/1.18.32 Python/2.7.16 Linux/4.19.0-kali4-amd64 botocore/1.15.32],0.00033609886,1.609438,1.0,0.0,4.0
[aws-cli/2.0.6 Python/3.7.4 Darwin/19.2.0 botocore/2.0.0dev10],0.00033609886,1.609438,1.0,0.0,4.0
[aws-cli/1.14.62 Python/2.7.9 Windows/8 botocore/1.9.15],0.00033609886,1.609438,1.0,0.0,4.0
[aws-cli/1.11.13 Python/3.5.2 Linux/4.4.0-042stab139.1 botocore/1.8.2],0.00033609886,1.609438,1.0,0.0,4.0
[aws-cli/1.16.219 Python/3.7.3 Linux/4.12.0-kali2-686 botocore/1.12.209],0.00033609886,1.609438,1.0,0.0,4.0
[aws-cli/1.11.61 Python/2.7.10 Darwin/16.4.0 botocore/1.5.24],0.00033609886,1.609438,1.0,0.0,4.0
[aws-cli/1.14.40 Python/2.7.15 Linux/4.17.2-200.fc28.x86_64 botocore/1.9.1],0.00033609886,1.609438,1.0,0.0,4.0
[aws-cli/1.11.149 Python/3.6.2 Darwin/17.2.0 botocore/1.7.7],0.00033609886,1.609438,1.0,0.0,4.0
[Boto3/1.9.28 Python/2.7.15 Linux/4.16.0-kali2-amd64 Botocore/1.12.25 Resource],0.00033609886,1.609438,1.0,0.0,4.0
[aws-cli/1.16.172 Python/3.7.3 Linux/4.19.0-kali5-amd64 botocore/1.12.162],0.00033609886,1.609438,1.0,0.0,4.0
[aws-cli/1.15.36 Python/2.7.10 Darwin/18.6.0 botocore/1.12.74],0.00033609886,1.609438,1.0,0.0,4.0
[aws-cli/1.16.170 Python/2.7.5 Linux/3.10.0-862.el7.x86_64 botocore/1.12.160],0.00033609886,1.609438,1.0,0.0,4.0
[aws-cli/1.16.25 Python/3.7.0 Darwin/18.2.0 botocore/1.12.15],0.00033609886,1.609438,1.0,0.0,4.0
[aws-cli/1.15.51 Python/3.6.5 Linux/4.15.0-39-generic botocore/1.10.50],0.00033609886,1.609438,1.0,0.0,4.0
[aws-cli/1.16.34 Python/3.7.0 Darwin/17.7.0 botocore/1.11.8],0.00033609886,1.609438,1.0,0.0,4.0
[aws-cli/1.16.56 Python/2.7.14+ Linux/4.15.0-kali2-amd64 botocore/1.12.46],0.00033609886,1.609438,1.0,0.0,4.0
[aws-cli/1.15.26 Python/2.7.13 Darwin/18.2.0 botocore/1.10.26],0.00033609886,1.609438,1.0,0.0,4.0
[aws-cli/1.16.52 Python/3.6.0 Windows/7 botocore/1.12.42],0.00033609886,1.609438,1.0,0.0,4.0
[aws-cli/1.14.49 Python/2.7.9 Windows/7 botocore/1.9.2],0.00033609886,1.609438,1.0,0.0,4.0
[aws-cli/1.11.63 Python/2.7.12+ Linux/4.3.0-kali1-amd64 botocore/1.5.26],0.00033609886,1.609438,1.0,0.0,4.0
[aws-cli/1.16.169 Python/3.6.7 Linux/4.9.125-linuxkit botocore/1.12.159],0.00033609886,1.609438,1.0,0.0,4.0
[Boto3/1.9.157 Python/3.6.7 Linux/4.15.0-50-generic Botocore/1.12.157],0.00033609886,1.609438,1.0,0.0,4.0
[aws-cli/1.16.167 Python/3.6.7 Linux/4.15.0-50-generic botocore/1.12.157],0.00033609886,1.609438,1.0,0.0,4.0
[Boto3/1.7.48 Python/3.6.7 Linux/4.15.0-50-generic Botocore/1.10.48],0.00033609886,1.609438,1.0,0.0,4.0
[aws-cli/1.16.166 Python/3.6.7 Linux/4.15.0-50-generic botocore/1.12.156],0.00033609886,1.609438,1.0,0.0,4.0
[aws-cli/2.0.9 Python/3.7.3 Linux/5.6.3-arch1-1 botocore/2.0.0dev13],0.00033609886,1.609438,1.0,0.0,4.0
[aws-cli/2.0.49 Python/3.7.7 Windows/10 exe/AMD64 command/s3.ls],0.00033609886,1.609438,1.0,0.0,4.0
[aws-cli/2.0.16 Python/3.7.4 Darwin/19.6.0 botocore/2.0.0dev20],0.00033609886,1.609438,1.0,0.0,4.0
[aws-cli/1.18.133 Python/2.7.18 Linux/5.5.0-kali2-686-pae botocore/1.17.56],0.00033609886,1.609438,1.0,0.0,4.0
[aws-cli/1.18.47 Python/2.7.12 Linux/4.15.0-115-generic botocore/1.16.3],0.00033609886,1.609438,1.0,0.0,4.0
[aws-cli/2.0.46 Python/3.8.5 Darwin/19.6.0 source/x86_64 command/s3.ls],0.00033609886,1.609438,1.0,0.0,4.0
[Boto3/1.7.71 Python/3.6.5 Linux/4.15.0-1015-gcp Botocore/1.10.71],0.00033609886,1.609438,1.0,0.0,4.0
[aws-cli/1.14.20 Python/3.6.4 Darwin/17.4.0 botocore/1.8.24],0.00033609886,1.609438,1.0,0.0,4.0
[aws-cli/1.16.203 Python/3.7.3 Linux/5.2.0-1-MANJARO botocore/1.12.193],0.00033609886,1.609438,1.0,0.0,4.0
[aws-cli/1.11.56 Python/2.7.13 Linux/4.9.0-kali2-amd64 botocore/1.5.19],0.00033609886,1.609438,1.0,0.0,4.0
[aws-cli/1.16.219 Python/3.6.0 Windows/10 botocore/1.12.209],0.00033609886,1.609438,1.0,0.0,4.0
[aws-cli/1.11.28 Python/2.7.9 Linux/4.9.0-9-amd64 botocore/1.4.85],0.00033609886,1.609438,1.0,0.0,4.0
[aws-cli/1.16.158 Python/3.6.0 Windows/10 botocore/1.12.148],0.00033609886,1.609438,1.0,0.0,4.0
[aws-cli/1.14.30 Python/3.6.4 Darwin/17.3.0 botocore/1.8.34],0.00033609886,1.609438,1.0,0.0,4.0
aws-cli/2.0.42 Python/3.7.4 Darwin/19.6.0 exe/x86_64 command/ec2.describe-snapshots,0.00033609886,1.609438,1.0,0.0,4.0
[aws-cli/1.11.78 Python/2.7.11 Darwin/16.4.0 botocore/1.5.41],0.00033609886,1.609438,1.0,0.0,4.0
[aws-cli/1.16.135 Python/3.6.7 Linux/4.15.0-43-generic botocore/1.12.125],0.00033609886,1.609438,1.0,0.0,4.0
[ElasticWolf/5.1.7],0.00033609886,1.609438,1.0,0.0,4.0
[aws-cli/1.16.47 Python/2.7.13 Linux/4.16.0-3rodete1-amd64 botocore/1.12.37],0.00033609886,1.609438,1.0,0.0,4.0
[aws-cli/1.16.215 Python/3.7.4 Linux/5.2.5-arch1-1-ARCH botocore/1.12.205],0.00033609886,1.609438,1.0,0.0,4.0
[aws-cli/1.16.208 Python/2.7.10 Darwin/18.7.0 botocore/1.12.198],0.00033609886,1.609438,1.0,0.0,4.0
[aws-cli/1.11.13 Python/3.5.3 Linux/4.9.0-5-amd64 botocore/1.4.70],0.00033609886,1.609438,1.0,0.0,4.0
[aws-cli/1.14.18 Python/2.7.10 Darwin/16.7.0 botocore/1.8.29],0.00033609886,1.609438,1.0,0.0,4.0
[aws-cli/1.16.50 Python/3.7.1 Darwin/18.0.0 botocore/1.12.40],0.00033609886,1.609438,1.0,0.0,4.0
[aws-cli/1.14.30 Python/3.6.4 Darwin/16.7.0 botocore/1.8.34],0.00033609886,1.609438,1.0,0.0,4.0
[aws-cli/1.16.166 Python/2.7.16 Darwin/18.6.0 botocore/1.12.156],0.00033609886,1.609438,1.0,0.0,4.0
[aws-cli/1.15.15 Python/3.7.3rc1 Linux/4.13.0-kali1-amd64 botocore/1.10.15],0.00033609886,1.609438,1.0,0.0,4.0
[aws-cli/1.16.169 Python/3.7.3 Darwin/18.6.0 botocore/1.12.159],0.00033609886,1.609438,1.0,0.0,4.0
[aws-cli/1.16.169 Python/3.6.7 Linux/4.4.0-039049-Microsoft botocore/1.12.159],0.00033609886,1.609438,1.0,0.0,4.0
[aws-cli/1.16.169 Python/3.6.7 Linux/4.18.0-kali2-amd64 botocore/1.12.159],0.00033609886,1.609438,1.0,0.0,4.0
[aws-cli/2.0.36 Python/3.7.3 Linux/5.0.0-38-generic exe/x86_64.ubuntu.19 command/s3.ls],0.00033609886,1.609438,1.0,0.0,4.0
[aws-cli/1.18.120 Python/2.7.16+ Linux/5.2.0-kali2-amd64 botocore/1.17.43],0.00033609886,1.609438,1.0,0.0,4.0
[aws-cli/1.16.160 Python/3.7.2 Linux/4.9.0-8-amd64 botocore/1.12.150],0.00033609886,1.609438,1.0,0.0,4.0
[aws-cli/1.16.231 Python/2.7.16 Linux/4.19.0-kali5-amd64 botocore/1.12.221],0.00033609886,1.609438,1.0,0.0,4.0
[aws-cli/1.15.80 Python/3.7.0 Darwin/17.7.0 botocore/1.10.79],0.00033609886,1.609438,1.0,0.0,4.0
[aws-cli/1.14.63 Python/3.5.2 Linux/4.4.0-177-generic botocore/1.9.23],0.00033609886,1.609438,1.0,0.0,4.0
[aws-cli/1.16.139 Python/2.7.15rc1 Linux/4.15.0-20-generic botocore/1.12.129],0.00033609886,1.609438,1.0,0.0,4.0
[aws-cli/1.16.260 Python/3.6.2 Darwin/19.0.0 botocore/1.12.250],0.00033609886,1.609438,1.0,0.0,4.0
[aws-cli/1.16.260 Python/3.5.2 Linux/4.4.0-57-generic botocore/1.12.250],0.00033609886,1.609438,1.0,0.0,4.0
[aws-cli/1.18.20 Python/3.7.3 Linux/4.19.0-8-amd64 botocore/1.15.20],0.00033609886,1.609438,1.0,0.0,4.0
[aws-cli/1.16.190 Python/3.7.4 Darwin/17.5.0 botocore/1.12.180],0.00033609886,1.609438,1.0,0.0,4.0
[aws-cli/1.16.158 Python/3.7.3 Linux/5.0.13-arch1-1-ARCH botocore/1.12.148],0.00033609886,1.609438,1.0,0.0,4.0
[aws-cli/1.16.115 Python/3.7.2 Darwin/18.2.0 botocore/1.12.105],0.00033609886,1.609438,1.0,0.0,4.0
[aws-cli/1.16.208 Python/3.6.0 Windows/10 botocore/1.12.198],0.00033609886,1.609438,1.0,0.0,4.0
[aws-cli/1.16.200 Python/3.7.4 Darwin/18.5.0 botocore/1.12.190],0.00033609886,1.609438,1.0,0.0,4.0
[aws-cli/1.16.208 Python/3.5.1 Darwin/17.7.0 botocore/1.12.198],0.00033609886,1.609438,1.0,0.0,4.0
[aws-cli/1.11.55 Python/2.7.10 Linux/4.2.0-42-generic botocore/1.5.18],0.00033609886,1.609438,1.0,0.0,4.0
[ElasticWolf/5.0.0],0.00033609886,1.609438,1.0,0.0,4.0
[aws-cli/1.11.29 Python/2.7.12 Linux/4.4.8-20.46.amzn1.x86_64 botocore/1.4.86],0.00033609886,1.609438,1.0,0.0,4.0
[aws-cli/1.15.80 Python/2.7.14 Linux/4.14.77-81.59.amzn2.x86_64 botocore/1.10.79],0.00033609886,1.609438,1.0,0.0,4.0
[aws-cli/1.18.8 Python/3.7.7 Darwin/19.3.0 botocore/1.15.8],0.00033609886,1.609438,1.0,0.0,4.0
[aws-cli/1.16.41 Python/2.7.9 Linux/4.9.93-mainline-rev1 botocore/1.12.57],0.00033609886,1.609438,1.0,0.0,4.0
[aws-cli/1.11.13 Python/3.5.2 Linux/4.10.1-520793-generic botocore/1.4.70],0.00033609886,1.609438,1.0,0.0,4.0
Boto3/1.9.157 Python/3.6.7 Linux/4.15.0-50-generic Botocore/1.12.157,0.00033609886,1.609438,1.0,0.0,4.0
[aws-cli/1.11.113 Python/2.7.10 Darwin/16.6.0 botocore/1.5.76],0.00033609886,1.609438,1.0,0.0,4.0
[aws-cli/1.11.56 Python/3.5.2 Linux/4.4.0-78-generic botocore/1.5.19],0.00033609886,1.609438,1.0,0.0,4.0
[aws-cli/1.16.281 Python/3.6.8 Linux/4.15.0-70-generic botocore/1.13.17],0.00033609886,1.609438,1.0,0.0,4.0
[aws-cli/1.16.144 Python/3.6.7 Linux/4.9.125-linuxkit botocore/1.12.134],0.00033609886,1.609438,1.0,0.0,4.0
[aws-cli/1.16.161 Python/3.7.3 Darwin/18.2.0 botocore/1.12.151],0.00033609886,1.609438,1.0,0.0,4.0
[aws-cli/1.11.107 Python/2.7.10 Darwin/15.6.0 botocore/1.5.70],0.00033609886,1.609438,1.0,0.0,4.0
[aws-cli/2.0.9 Python/3.7.3 Linux/4.19.0-kali5-amd64 botocore/2.0.0dev13],0.00033609886,1.609438,1.0,0.0,4.0
[aws-cli/1.16.45 Python/3.6.7 Linux/4.17.0-kali3-amd64 botocore/1.12.35],0.00033609886,1.609438,1.0,0.0,4.0
[aws-cli/1.16.110 Python/3.7.2 Darwin/18.2.0 botocore/1.12.100],0.00033609886,1.609438,1.0,0.0,4.0
[aws-cli/1.16.173 Python/3.6.0 Windows/10 botocore/1.12.163],0.00033609886,1.609438,1.0,0.0,4.0
[aws-cli/1.11.137 Python/2.7.10 Darwin/15.6.0 botocore/1.6.4],0.00033609886,1.609438,1.0,0.0,4.0
[aws-cli/1.11.136 Python/2.7.13 Darwin/16.7.0 botocore/1.6.3],0.00033609886,1.609438,1.0,0.0,4.0
[Boto3/1.9.101 Python/3.7.3 Darwin/17.7.0 Botocore/1.12.101],0.00033609886,1.609438,1.0,0.0,4.0
[aws-cli/1.16.113 Python/2.7.15+ Linux/4.18.0-14-generic botocore/1.12.103],0.00033609886,1.609438,1.0,0.0,4.0
[aws-cli/1.16.29 Python/3.7.0 Linux/4.18.12-arch1-1-ARCH botocore/1.12.19],0.00033609886,1.609438,1.0,0.0,4.0
[aws-cli/1.16.199 Python/2.7.15 Darwin/18.7.0 botocore/1.12.189],0.00033609886,1.609438,1.0,0.0,4.0
[aws-cli/1.16.210 Python/3.6.7 Linux/4.17.0-kali1-amd64 botocore/1.12.200],0.00033609886,1.609438,1.0,0.0,4.0
[aws-cli/1.16.230 Python/3.7.4 Darwin/17.7.0 botocore/1.12.220],0.00033609886,1.609438,1.0,0.0,4.0
[aws-cli/1.16.242 Python/2.7.16 Darwin/18.6.0 botocore/1.12.232],0.00033609886,1.609438,1.0,0.0,4.0
[aws-cli/1.11.57 Python/2.7.13 Linux/4.9.0-kali2-amd64 botocore/1.5.20],0.00033609886,1.609438,1.0,0.0,4.0
[aws-cli/1.18.124 Python/3.8.5 Linux/5.7.0-kali1-amd64 botocore/1.17.47],0.00033609886,1.609438,1.0,0.0,4.0
[aws-cli/1.14.38 Python/2.7.14 Linux/4.14.16-300.fc27.x86_64 botocore/1.8.42],0.00033609886,1.609438,1.0,0.0,4.0
[aws-cli/1.16.177 Python/2.7.15+ Linux/4.15.0-52-generic botocore/1.12.167],0.00033609886,1.609438,1.0,0.0,4.0
[aws-cli/1.16.157 Python/2.7.10 Darwin/18.6.0 botocore/1.12.147],0.00033609886,1.609438,1.0,0.0,4.0
[aws-cli/1.16.180 Python/3.7.3 Linux/5.1.0-parrot1-3t-amd64 botocore/1.12.170],0.00033609886,1.609438,1.0,0.0,4.0
[aws-cli/1.14.9 Python/2.7.13 Linux/4.9.76-3.78.amzn1.x86_64 botocore/1.8.13],0.00033609886,1.609438,1.0,0.0,4.0
[aws-cli/1.16.105 Python/3.6.8 Linux/4.18.0-kali2-amd64 botocore/1.12.95],0.00033609886,1.609438,1.0,0.0,4.0
[aws-cli/1.16.110 Python/3.7.2 Darwin/17.5.0 botocore/1.12.100],0.00033609886,1.609438,1.0,0.0,4.0
[aws-cli/1.16.116 Python/2.7.14 Darwin/18.2.0 botocore/1.12.106],0.00033609886,1.609438,1.0,0.0,4.0
[aws-cli/1.16.81 Python/3.6.1 Darwin/17.2.0 botocore/1.12.71],0.00033609886,1.609438,1.0,0.0,4.0
[aws-cli/1.16.109 Python/3.5.2 Linux/4.4.0-140-generic botocore/1.12.99],0.00033609886,1.609438,1.0,0.0,4.0
[aws-cli/1.16.114 Python/3.6.8 Linux/4.15.0-kali2-amd64 botocore/1.12.104],0.00033609886,1.609438,1.0,0.0,4.0
[aws-cli/1.18.115 Python/2.7.16 Linux/4.19.0-kali5-amd64 botocore/1.17.38],0.00033609886,1.609438,1.0,0.0,4.0
[aws-cli/1.16.26 Python/3.6.7 Linux/4.18.0-parrot10-amd64 botocore/1.12.16],0.00033609886,1.609438,1.0,0.0,4.0
[aws-cli/1.11.169 Python/2.7.14 CYGWIN_NT-10.0/2.9.0(0.318/5/3) botocore/1.7.27],0.00033609886,1.609438,1.0,0.0,4.0
[aws-cli/1.16.83 Python/2.7.15 Darwin/18.2.0 botocore/1.12.73],0.00033609886,1.609438,1.0,0.0,4.0
[aws-cli/1.11.13 Python/3.5.2 Linux/4.15.0-46-generic botocore/1.4.70],0.00033609886,1.609438,1.0,0.0,4.0
[aws-cli/1.16.20 Python/3.7.0 Darwin/18.2.0 botocore/1.12.10],0.00033609886,1.609438,1.0,0.0,4.0
[aws-cli/1.16.184 Python/2.7.15 Darwin/18.0.0 botocore/1.12.174],0.00033609886,1.609438,1.0,0.0,4.0
[aws-cli/1.16.174 Python/2.7.15+ Linux/4.19.0-kali1-686-pae botocore/1.12.164],0.00033609886,1.609438,1.0,0.0,4.0
[aws-cli/1.16.106 Python/2.7.16 Linux/4.19.45 botocore/1.12.96],0.00033609886,1.609438,1.0,0.0,4.0
[aws-cli/1.16.169 Python/3.6.0 Windows/7 botocore/1.12.159],0.00033609886,1.609438,1.0,0.0,4.0
[aws-cli/1.14.44 Python/3.6.5 Linux/4.15.0-23-generic botocore/1.8.48],0.00033609886,1.609438,1.0,0.0,4.0
[aws-cli/1.14.64 Python/2.7.9 Windows/2012Server botocore/1.9.17],0.00033609886,1.609438,1.0,0.0,4.0
[aws-cli/1.11.56 Python/2.7.9 Windows/7 botocore/1.5.19],0.00033609886,1.609438,1.0,0.0,4.0
[aws-cli/1.14.22 Python/2.7.6 Linux/3.13.0-32-generic botocore/1.8.26],0.00033609886,1.609438,1.0,0.0,4.0
[aws-cli/1.16.47 Python/2.7.13 Linux/4.9.0-8-amd64 botocore/1.12.37],0.00033609886,1.609438,1.0,0.0,4.0
[aws-cli/1.16.283 Python/3.6.8 Linux/4.14.128-87.105.amzn1.x86_64 botocore/1.13.19],0.00033609886,1.609438,1.0,0.0,4.0
[aws-cli/2.0.5 Python/3.7.3 Linux/4.18.0-193.6.3.el8_2.x86_64 botocore/2.0.0dev9],0.00033609886,1.609438,1.0,0.0,4.0
[aws-cli/1.14.38 Python/3.6.2 Windows/10 botocore/1.8.42],0.00033609886,1.609438,1.0,0.0,4.0
[aws-cli/1.16.68 Python/3.6.6 Darwin/17.7.0 botocore/1.12.58],0.00033609886,1.609438,1.0,0.0,4.0
[aws-cli/1.16.145 Python/3.7.0 Darwin/18.5.0 botocore/1.12.135],0.00033609886,1.609438,1.0,0.0,4.0
[aws-cli/1.16.229 Python/3.7.4 Darwin/18.7.0 botocore/1.12.219],0.00033609886,1.609438,1.0,0.0,4.0
[aws-cli/1.16.219 Python/2.7.15rc1 Linux/4.15.0-45-generic botocore/1.12.209],0.00033609886,1.609438,1.0,0.0,4.0
[aws-cli/2.0.37 Python/3.7.4 Darwin/19.6.0 exe/x86_64 command/s3.ls],0.00033609886,1.609438,1.0,0.0,4.0
[aws-cli/1.16.130 Python/2.7.15+ Linux/4.18.0-kali2-amd64 botocore/1.12.120],0.00033609886,1.609438,1.0,0.0,4.0
[Boto3/1.7.4 Python/3.6.7 Linux/4.15.0-47-generic Botocore/1.10.4 Resource],0.00033609886,1.609438,1.0,0.0,4.0
[aws-cli/1.16.135 Python/3.6.0 Windows/10 botocore/1.12.125],0.00033609886,1.609438,1.0,0.0,4.0
[aws-cli/1.16.135 Python/2.7.10 Darwin/18.2.0 botocore/1.12.125],0.00033609886,1.609438,1.0,0.0,4.0
[aws-cli/1.16.137 Python/3.6.0 Windows/10 botocore/1.12.127],0.00033609886,1.609438,1.0,0.0,4.0
[aws-cli/1.16.260 Python/3.7.5 Darwin/19.0.0 botocore/1.12.250],0.00033609886,1.609438,1.0,0.0,4.0
[aws-cli/1.16.220 Python/3.6.6 Linux/4.18.19-100.fc27.x86_64 botocore/1.12.210],0.00033609886,1.609438,1.0,0.0,4.0
[aws-cli/2.0.12 Python/3.7.7 Windows/10 botocore/2.0.0dev16],0.00033609886,1.609438,1.0,0.0,4.0
[aws-cli/1.16.140 Python/3.7.3 Windows/10 botocore/1.12.130],0.00033609886,1.609438,1.0,0.0,4.0
[aws-cli/2.0.30 Python/3.7.3 Linux/5.3.0-62-generic botocore/2.0.0dev34],0.00033609886,1.609438,1.0,0.0,4.0
[aws-cli/1.16.111 Python/2.7.13 Linux/4.9.0-kali4-amd64 botocore/1.12.101],0.00033609886,1.609438,1.0,0.0,4.0
[Go-http-client/1.1],0.00033609886,1.609438,1.0,0.0,4.0
aws-cli/2.0.49 Python/3.7.7 Windows/10 exe/AMD64 command/sts.get-caller-identity,0.00033609886,1.609438,1.0,0.0,4.0
[aws-cli/1.16.26 Python/3.6.7 Linux/4.3.0-kali1-amd64 botocore/1.12.16],0.00033609886,1.609438,1.0,0.0,4.0
[aws-cli/1.11.87 Python/2.7.13 Darwin/16.5.0 botocore/1.5.50],0.00033609886,1.609438,1.0,0.0,4.0
[aws-cli/1.11.86 Python/2.7.13 Darwin/16.6.0 botocore/1.5.49],0.00033609886,1.609438,1.0,0.0,4.0
[aws-cli/1.16.85 Python/2.7.14 Darwin/16.7.0 botocore/1.12.75],0.00033609886,1.609438,1.0,0.0,4.0
[aws-cli/1.16.206 Python/2.7.15 Darwin/18.6.0 botocore/1.12.196],0.00033609886,1.609438,1.0,0.0,4.0
[aws-cli/1.16.206 Python/2.7.10 Darwin/18.6.0 botocore/1.12.196],0.00033609886,1.609438,1.0,0.0,4.0
[aws-cli/1.16.202 Python/3.7.4 Windows/10 botocore/1.12.192],0.00033609886,1.609438,1.0,0.0,4.0
[aws-cli/1.16.19 Python/2.7.15 Darwin/17.7.0 botocore/1.12.9],0.00033609886,1.609438,1.0,0.0,4.0
[aws-cli/1.16.283 Python/3.7.4 Darwin/19.5.0 botocore/1.13.19],0.00033609886,1.609438,1.0,0.0,4.0
[aws-cli/1.15.58 Python/3.5.2 Linux/5.4.0-40-generic botocore/1.10.57],0.00033609886,1.609438,1.0,0.0,4.0
[aws-cli/2.0.33 Python/3.7.7 Windows/10 botocore/2.0.0dev37],0.00033609886,1.609438,1.0,0.0,4.0
[aws-cli/1.16.255 Python/2.7.15+ Linux/4.19.0-kali1-amd64 botocore/1.12.245],0.00033609886,1.609438,1.0,0.0,4.0
[aws-cli/1.18.106 Python/3.8.5 Darwin/19.0.0 botocore/1.17.29],0.00033609886,1.609438,1.0,0.0,4.0
[aws-cli/1.16.95 Python/3.7.0 Darwin/18.2.0 botocore/1.12.85],0.00033609886,1.609438,1.0,0.0,4.0
[aws-cli/1.16.97 Python/2.7.10 Darwin/17.7.0 botocore/1.12.87],0.00033609886,1.609438,1.0,0.0,4.0
[aws-cli/1.16.210 Python/3.7.5 Darwin/18.6.0 botocore/1.12.200],0.00033609886,1.609438,1.0,0.0,4.0
[aws-cli/1.10.59 Python/2.7.10 Darwin/16.6.0 botocore/1.4.49],0.00033609886,1.609438,1.0,0.0,4.0
[aws-cli/1.16.192 Python/2.7.16 Linux/4.19.0-kali5-amd64 botocore/1.12.182],0.00033609886,1.609438,1.0,0.0,4.0
[aws-cli/1.16.192 Python/2.7.16 Linux/4.19.0-kali4-amd64 botocore/1.12.182],0.00033609886,1.609438,1.0,0.0,4.0
[aws-cli/1.16.110 Python/3.7.2 Darwin/18.6.0 botocore/1.12.100],0.00033609886,1.609438,1.0,0.0,4.0
[aws-cli/1.16.190 Python/2.7.16 Linux/4.19.0-kali4-amd64 botocore/1.12.180],0.00033609886,1.609438,1.0,0.0,4.0
[aws-cli/1.16.172 Python/2.7.15 Darwin/18.6.0 botocore/1.12.162],0.00033609886,1.609438,1.0,0.0,4.0
[aws-cli/1.16.193 Python/3.7.3rc1 Linux/4.19.0-kali4-amd64 botocore/1.12.183],0.00033609886,1.609438,1.0,0.0,4.0
[aws-cli/1.11.156 Python/2.7.10 Darwin/16.7.0 botocore/1.7.14],0.00033609886,1.609438,1.0,0.0,4.0
[aws-cli/1.14.17 Python/2.7.14 Linux/4.13.0-kali1-amd64 botocore/1.8.21],0.00033609886,1.609438,1.0,0.0,4.0
[aws-cli/1.16.204 Python/3.7.4 Darwin/18.0.0 botocore/1.12.194],0.00033609886,1.609438,1.0,0.0,4.0
[aws-cli/1.16.109 Python/3.5.2 Linux/4.4.0-151-generic botocore/1.12.99],0.00033609886,1.609438,1.0,0.0,4.0
[aws-cli/1.15.7 Python/3.6.5 Darwin/18.2.0 botocore/1.9.23],0.00033609886,1.609438,1.0,0.0,4.0
[aws-cli/1.16.81 Python/3.7.2+ Linux/4.9.125-linuxkit botocore/1.12.71],0.00033609886,1.609438,1.0,0.0,4.0
[aws-cli/1.16.270 Python/3.7.5rc1 Linux/5.3.0-19-generic botocore/1.13.6],0.00033609886,1.609438,1.0,0.0,4.0
[Boto3/1.10.8 Python/2.7.13 Linux/4.19.60-43360-g54aa645572 Botocore/1.13.8 Resource],0.00033609886,1.609438,1.0,0.0,4.0
[aws-cli/2.0.14 Python/3.7.7 Windows/10 botocore/2.0.0dev18],0.00033609886,1.609438,1.0,0.0,4.0
[aws-cli/1.11.56 Python/2.7.9 Linux/3.16.0-4-amd64 botocore/1.5.19],0.00033609886,1.609438,1.0,0.0,4.0
[aws-cli/1.14.9 Python/3.6.3 Windows/10 botocore/1.8.13],0.00033609886,1.609438,1.0,0.0,4.0
[aws-cli/1.16.198 Python/3.7.3 Darwin/18.6.0 botocore/1.12.188],0.00033609886,1.609438,1.0,0.0,4.0
[aws-cli/1.16.199 Python/2.7.15 Darwin/16.7.0 botocore/1.12.189],0.00033609886,1.609438,1.0,0.0,4.0
[aws-cli/1.14.10 Python/3.6.4 Darwin/17.3.0 botocore/1.8.14],0.00033609886,1.609438,1.0,0.0,4.0
[aws-cli/1.14.10 Python/2.7.14 Linux/4.13.0-21-generic botocore/1.8.14],0.00033609886,1.609438,1.0,0.0,4.0
[aws-cli/1.16.105 Python/2.7.10 Darwin/18.2.0 botocore/1.12.95],0.00033609886,1.609438,1.0,0.0,4.0
[aws-cli/1.16.97 Python/3.6.0 Windows/7 botocore/1.12.87],0.00033609886,1.609438,1.0,0.0,4.0
[aws-cli/1.11.178 Python/2.7.12 Linux/4.10.0-37-generic botocore/1.7.36],0.00033609886,1.609438,1.0,0.0,4.0
[aws-cli/1.18.0 Python/2.7.17 Linux/5.4.0-kali3-amd64 botocore/1.15.0],0.00033609886,1.609438,1.0,0.0,4.0
[aws-cli/1.17.0 Python/3.8.1 Darwin/18.7.0 botocore/1.14.0],0.00033609886,1.609438,1.0,0.0,4.0
[aws-cli/1.16.81 Python/3.7.3 Linux/5.0.0-21-generic botocore/1.12.71],0.00033609886,1.609438,1.0,0.0,4.0
[aws-cli/1.16.113 Python/3.7.3 Linux/4.9.125-linuxkit botocore/1.12.103],0.00033609886,1.609438,1.0,0.0,4.0
[aws-cli/1.16.183 Python/2.7.15+ Linux/5.3.0-40-generic botocore/1.12.173],0.00033609886,1.609438,1.0,0.0,4.0
[aws-cli/1.16.157 Python/3.6.0 Windows/10 botocore/1.12.147],0.00033609886,1.609438,1.0,0.0,4.0
[aws-cli/1.16.300 Python/3.7.5 Darwin/19.0.0 botocore/1.13.36],0.00033609886,1.609438,1.0,0.0,4.0
[aws-cli/1.16.122 Python/3.6.7 Linux/4.15.0-45-generic botocore/1.12.112],0.00033609886,1.609438,1.0,0.0,4.0
[aws-cli/2.0.0dev3 Python/3.7.3 Linux/5.4.0-kali2-amd64 botocore/2.0.0dev2],0.00033609886,1.609438,1.0,0.0,4.0
[aws-cli/1.11.72 Python/2.7.13 Darwin/16.6.0 botocore/1.5.35],0.00033609886,1.609438,1.0,0.0,4.0
[aws-cli/1.18.93 Python/2.7.18 Linux/5.6.0-kali2-amd64 botocore/1.17.16],0.00033609886,1.609438,1.0,0.0,4.0
[aws-cli/1.16.106 Python/3.6.7 Linux/4.15.0-43-generic botocore/1.12.96],0.00033609886,1.609438,1.0,0.0,4.0
[aws-cli/2.0.30 Python/3.7.4 Darwin/19.5.0 botocore/2.0.0dev34],0.00033609886,1.609438,1.0,0.0,4.0
[aws-cli/1.16.129 Python/3.6.0 Windows/10 botocore/1.12.119],0.00033609886,1.609438,1.0,0.0,4.0
[aws-cli/1.16.81 Python/2.7.15 Darwin/19.0.0 botocore/1.12.202],0.00033609886,1.609438,1.0,0.0,4.0
[aws-cli/1.18.24 Python/3.7.5 Darwin/19.4.0 botocore/1.15.24],0.00033609886,1.609438,1.0,0.0,4.0
[aws-cli/1.14.53 Python/3.6.3 Windows/10 botocore/1.9.6],0.00033609886,1.609438,1.0,0.0,4.0
[aws-cli/1.16.156 Python/3.6.7 Linux/3.10.0-957.12.1.el7.x86_64 botocore/1.12.146],0.00033609886,1.609438,1.0,0.0,4.0
[aws-cli/1.16.135 Python/2.7.14 Linux/4.14.88-88.76.amzn2.x86_64 botocore/1.12.125],0.00033609886,1.609438,1.0,0.0,4.0
[aws-cli/1.16.155 Python/2.7.16 Darwin/18.5.0 botocore/1.12.145],0.00033609886,1.609438,1.0,0.0,4.0
[aws-cli/1.16.303 Python/3.6.0 Windows/10 botocore/1.13.39],0.00033609886,1.609438,1.0,0.0,4.0
[aws-cli/1.16.309 Python/3.6.2 Windows/10 botocore/1.13.45],0.00033609886,1.609438,1.0,0.0,4.0
[aws-cli/1.16.82 Python/2.7.16rc1 Linux/4.19.0-kali1-amd64 botocore/1.12.72],0.00033609886,1.609438,1.0,0.0,4.0
[aws-cli/1.16.88 Python/2.7.10 Darwin/18.2.0 botocore/1.12.78],0.00033609886,1.609438,1.0,0.0,4.0
[aws-cli/1.15.70 Python/3.7.0 Darwin/18.2.0 botocore/1.10.69],0.00033609886,1.609438,1.0,0.0,4.0
[aws-cli/1.16.176 Python/3.6.0 Windows/10 botocore/1.12.166],0.00033609886,1.609438,1.0,0.0,4.0
[aws-cli/1.11.0 Python/2.7.14 Darwin/17.5.0 botocore/1.4.58],0.00033609886,1.609438,1.0,0.0,4.0
[aws-cli/1.11.139 Python/3.6.3 Linux/4.13.0-kali1-amd64 botocore/1.6.6],0.00033609886,1.609438,1.0,0.0,4.0
Boto3/1.3.1 Python/2.7.3 Linux/3.2.0-119-generic Botocore/1.4.13 Resource,0.00033609886,1.609438,1.0,0.0,4.0
[aws-cli/1.7.41 Python/2.7.9 Windows/7],0.00033609886,1.609438,1.0,0.0,4.0
[aws-cli/1.11.156 Python/2.7.13 Linux/4.12.0-kali1-amd64 botocore/1.7.14],0.00033609886,1.609438,1.0,0.0,4.0
[aws-cli/1.16.155 Python/3.6.0 Windows/10 botocore/1.12.145],0.00033609886,1.609438,1.0,0.0,4.0
[aws-cli/1.16.155 Python/2.7.10 Darwin/18.2.0 botocore/1.12.145],0.00033609886,1.609438,1.0,0.0,4.0
[aws-cli/1.16.155 Python/2.7.10 Darwin/17.7.0 botocore/1.12.145],0.00033609886,1.609438,1.0,0.0,4.0
[aws-cli/1.16.183 Python/2.7.15+ Linux/5.0.0-31-generic botocore/1.12.173],0.00033609886,1.609438,1.0,0.0,4.0
[aws-cli/1.15.79 Python/3.6.6 Linux/4.17.0-kali1-amd64 botocore/1.10.78],0.00033609886,1.609438,1.0,0.0,4.0
[aws-cli/1.11.13 Python/3.5.2 Linux/4.15.0-101-generic botocore/1.4.70],0.00033609886,1.609438,1.0,0.0,4.0
[aws-cli/2.0.10 Python/3.8.2 Darwin/19.5.0 botocore/2.0.0dev14],0.00033609886,1.609438,1.0,0.0,4.0
[aws-cli/1.16.10 Python/3.6.6 Linux/4.15.0-36-generic botocore/1.12.0],0.00033609886,1.609438,1.0,0.0,4.0
[aws-cli/1.16.193 Python/3.7.3 Linux/4.19.0-kali5-amd64 botocore/1.12.183],0.00033609886,1.609438,1.0,0.0,4.0
[aws-cli/1.17.16 Python/3.6.9 Linux/4.19.86-gentoo botocore/1.14.16],0.00033609886,1.609438,1.0,0.0,4.0
[aws-cli/1.18.3 Python/3.8.1 Linux/5.5.4-arch1-1 botocore/1.15.3],0.00033609886,1.609438,1.0,0.0,4.0
[aws-cli/2.0.0 Python/3.7.3 Linux/5.4.0-kali3-amd64 botocore/2.0.0dev4],0.00033609886,1.609438,1.0,0.0,4.0
[aws-cli/1.16.140 Python/3.7.3 Darwin/18.6.0 botocore/1.12.130],0.00033609886,1.609438,1.0,0.0,4.0
[aws-cli/1.16.107 Python/3.6.7 Linux/4.4.0-53329-Microsoft botocore/1.12.97],0.00033609886,1.609438,1.0,0.0,4.0
[aws-cli/1.16.197 Python/2.7.16 Linux/4.19.0-kali4-amd64 botocore/1.12.187],0.00033609886,1.609438,1.0,0.0,4.0
[aws-cli/1.16.113 Python/3.7.3rc1 Linux/4.18.0-kali2-amd64 botocore/1.12.103],0.00033609886,1.609438,1.0,0.0,4.0
[aws-cli/1.11.121 Python/2.7.10 Darwin/16.7.0 botocore/1.5.84],0.00033609886,1.609438,1.0,0.0,4.0
[aws-cli/1.15.21 Python/3.6.5 Linux/4.16.8-1-ARCH botocore/1.10.21],0.00033609886,1.609438,1.0,0.0,4.0
[aws-cli/1.11.75 Python/2.7.13 Linux/4.8.0-kali2-amd64 botocore/1.5.38],0.00033609886,1.609438,1.0,0.0,4.0
[aws-cli/1.16.149 Python/3.7.2 Darwin/18.5.0 botocore/1.12.139],0.00033609886,1.609438,1.0,0.0,4.0
[aws-cli/1.16.149 Python/3.6.0 Windows/10 botocore/1.12.139],0.00033609886,1.609438,1.0,0.0,4.0
[aws-cli/1.16.102 Python/2.7.16 Linux/4.14.109-80.92.amzn1.x86_64 botocore/1.12.141],0.00033609886,1.609438,1.0,0.0,4.0
[aws-cli/1.15.80 Python/3.7.0 Darwin/18.0.0 botocore/1.10.79],0.00033609886,1.609438,1.0,0.0,4.0
[aws-cli/1.14.44 Python/3.6.4 Linux/4.15.5-1-ARCH botocore/1.8.48],0.00033609886,1.609438,1.0,0.0,4.0
[aws-cli/1.14.8 Python/2.7.18 Linux/4.14.181-140.257.amzn2.x86_64 botocore/1.8.12],0.00033609886,1.609438,1.0,0.0,4.0
aws-cli/2.0.40 Python/3.8.5 Darwin/19.6.0 source/x86_64 command/sts.get-caller-identity,0.00033609886,1.609438,1.0,0.0,4.0
aws-cli/2.0.50 Python/3.7.4 Darwin/18.7.0 exe/x86_64 command/sts.get-caller-identity,0.00033609886,1.609438,1.0,0.0,4.0
[aws-cli/1.16.309 Python/2.7.16 Darwin/18.7.0 botocore/1.13.45],0.00033609886,1.609438,1.0,0.0,4.0
[aws-cli/1.16.276 Python/3.7.4 Darwin/19.2.0 botocore/1.13.16],0.00033609886,1.609438,1.0,0.0,4.0
[aws-cli/1.15.70 Python/3.7.0 Darwin/18.0.0 botocore/1.10.69],0.00033609886,1.609438,1.0,0.0,4.0
[aws-cli/1.16.110 Python/3.6.0 Windows/10 botocore/1.12.100],0.00033609886,1.609438,1.0,0.0,4.0
[aws-cli/1.16.171 Python/2.7.16 Linux/4.19.0-kali4-amd64 botocore/1.12.161],0.00033609886,1.609438,1.0,0.0,4.0
[aws-cli/1.15.20 Python/3.6.5 Darwin/16.7.0 botocore/1.10.20],0.00033609886,1.609438,1.0,0.0,4.0
[aws-cli/1.11.112 Python/2.7.9 Windows/8 botocore/1.5.75],0.00033609886,1.609438,1.0,0.0,4.0
[aws-cli/1.16.96 Python/3.6.7 Linux/4.15.0-45-generic botocore/1.12.86],0.00033609886,1.609438,1.0,0.0,4.0
[aws-cli/1.16.102 Python/2.7.16 Linux/4.14.158-101.185.amzn1.x86_64 botocore/1.12.92],0.00033609886,1.609438,1.0,0.0,4.0
[aws-cli/1.16.142 Python/3.6.7 Linux/4.9.125-linuxkit botocore/1.12.132],0.00033609886,1.609438,1.0,0.0,4.0
[aws-cli/1.15.71 Python/3.7.3 Linux/5.0.7-200.fc29.x86_64 botocore/1.10.41],0.00033609886,1.609438,1.0,0.0,4.0
[aws-cli/1.16.210 Python/2.7.15+ Linux/4.15.0-66-generic botocore/1.12.200],0.00033609886,1.609438,1.0,0.0,4.0
[aws-cli/1.11.170 Python/3.6.2 Linux/4.13.7-1-ARCH botocore/1.7.28],0.00033609886,1.609438,1.0,0.0,4.0
[aws-cli/1.11.116 Python/2.7.10 Darwin/16.7.0 botocore/1.5.79],0.00033609886,1.609438,1.0,0.0,4.0
[aws-cli/1.11.170 Python/3.4.6 Linux/4.12.5-gentoo botocore/1.7.28],0.00033609886,1.609438,1.0,0.0,4.0
[aws-cli/1.11.129 Python/2.7.12 Darwin/14.5.0 botocore/1.5.92],0.00033609886,1.609438,1.0,0.0,4.0
aws-cli/2.0.53 Python/3.7.7 Windows/10 exe/AMD64 command/sts.get-caller-identity,0.00033609886,1.609438,1.0,0.0,4.0
aws-cli/2.0.50 Python/3.8.5 Darwin/19.6.0 source/x86_64 command/sts.get-caller-identity,0.00033609886,1.609438,1.0,0.0,4.0
[aws-cli/1.16.193 Python/3.6.0 Windows/10 botocore/1.12.183],0.00033609886,1.609438,1.0,0.0,4.0
[aws-cli/1.11.117 Python/2.7.13 Linux/4.9.15-x86_64-linode81 botocore/1.5.80],0.00033609886,1.609438,1.0,0.0,4.0
[aws-cli/1.10.33 Python/3.5.2 Linux/4.4.0-97-generic botocore/1.5.7],0.00033609886,1.609438,1.0,0.0,4.0
[aws-cli/1.11.139 Python/3.6.3 Linux/4.13.0-37-generic botocore/1.6.6],0.00033609886,1.609438,1.0,0.0,4.0
[aws-cli/1.11.30 Python/3.5.2 Windows/10 botocore/1.4.87],0.00033609886,1.609438,1.0,0.0,4.0
[aws-cli/2.0.18 Python/3.7.3 Linux/4.4.0-039049-Microsoft botocore/2.0.0dev22],0.00033609886,1.609438,1.0,0.0,4.0
[aws-cli/1.16.286 Python/3.6.1 Darwin/19.5.0 botocore/1.13.22],0.00033609886,1.609438,1.0,0.0,4.0
[aws-cli/1.15.79 Python/2.7.12 Linux/4.15.0-65-generic botocore/1.10.78],0.00033609886,1.609438,1.0,0.0,4.0
[aws-cli/1.16.257 Python/3.7.5rc1 Linux/5.2.0-kali2-amd64 botocore/1.12.247],0.00033609886,1.609438,1.0,0.0,4.0
[aws-cli/1.15.22 Python/2.7.15 Darwin/17.5.0 botocore/1.10.22],0.00033609886,1.609438,1.0,0.0,4.0
[aws-cli/1.11.83 Python/3.6.1 Linux/4.10.13-1-ARCH botocore/1.5.46],0.00033609886,1.609438,1.0,0.0,4.0
[aws-cli/1.11.87 Python/2.7.9 Windows/8 botocore/1.5.50],0.00033609886,1.609438,1.0,0.0,4.0
[aws-cli/1.11.87 Python/2.7.13 Linux/4.9.0-kali4-amd64 botocore/1.5.50],0.00033609886,1.609438,1.0,0.0,4.0
[aws-cli/1.16.81 Python/2.7.12 Linux/4.15.0-43-generic botocore/1.12.71],0.00033609886,1.609438,1.0,0.0,4.0
[aws-cli/1.16.103 Python/3.7.2 Darwin/18.2.0 botocore/1.12.93],0.00033609886,1.609438,1.0,0.0,4.0
[aws-cli/1.11.149 Python/2.7.12 Linux/4.4.0-93-generic botocore/1.7.7],0.00033609886,1.609438,1.0,0.0,4.0
[aws-cli/1.16.95 Python/3.7.0 Darwin/18.5.0 botocore/1.12.85],0.00033609886,1.609438,1.0,0.0,4.0
[aws-cli/1.11.102 Python/2.7.13 Darwin/16.7.0 botocore/1.5.65],0.00033609886,1.609438,1.0,0.0,4.0
[aws-cli/1.14.19 Python/2.7.12 Linux/4.13.0-36-generic botocore/1.9.6],0.00033609886,1.609438,1.0,0.0,4.0
[aws-cli/1.16.97 Python/3.6.0 Windows/10 botocore/1.12.87],0.00033609886,1.609438,1.0,0.0,4.0
[aws-cli/1.16.113 Python/2.7.14 Linux/4.13.0-kali1-amd64 botocore/1.12.103],0.00028316886,2.3978953,1.0,0.0,10.0
[aws-cli/1.16.113 Python/3.6.8 Linux/4.19.0-kali1-amd64 botocore/1.12.103],0.00028316886,2.3978953,1.0,0.0,10.0
[aws-cli/1.16.117 Python/2.7.16rc1 Linux/4.19.0-kali3-amd64 botocore/1.12.107],0.00028316886,2.3978953,1.0,0.0,10.0
[aws-cli/1.16.114 Python/3.6.7 Linux/4.15.0-45-generic botocore/1.12.104],0.00028316886,2.3978953,1.0,0.0,10.0
[aws-cli/1.14.44 Python/3.6.8 Linux/4.4.0-039049-Microsoft botocore/1.8.48],0.00028316886,2.3978953,1.0,0.0,10.0
[aws-cli/1.16.100 Python/3.7.2 Darwin/18.2.0 botocore/1.12.90],0.00028316886,2.3978953,1.0,0.0,10.0
[aws-cli/1.16.111 Python/3.6.8rc1 Linux/4.17.0-kali3-amd64 botocore/1.12.101],0.00028316886,2.3978953,1.0,0.0,10.0
[aws-cli/1.16.103 Python/2.7.12 Linux/4.4.0-142-generic botocore/1.12.93],0.00028316886,2.3978953,1.0,0.0,10.0
[aws-cli/1.16.149 Python/2.7.14 Darwin/18.6.0 botocore/1.12.139],0.00028316886,2.3978953,1.0,0.0,10.0
[Boto3/1.13.26 Python/3.8.3 Linux/5.4.0-2-amd64 Botocore/1.16.26],0.00028316886,2.3978953,1.0,0.0,10.0
[aws-cli/1.16.148 Python/3.7.2 Windows/10 botocore/1.12.138],0.00028316886,2.3978953,1.0,0.0,10.0
[aws-cli/1.16.255 Python/3.7.3rc1 Linux/4.19.0-kali1-amd64 botocore/1.12.245],0.00028316886,2.3978953,1.0,0.0,10.0
[aws-cli/1.16.113 Python/3.7.2+ Linux/4.19.0-kali1-amd64 botocore/1.12.103],0.00028316886,2.3978953,1.0,0.0,10.0
[aws-cli/1.16.196 Python/2.7.16 Linux/4.19.0-kali5-amd64 botocore/1.12.186],0.00028316886,2.3978953,1.0,0.0,10.0
[aws-cli/1.15.4 Python/2.7.9 Windows/8 botocore/1.10.4],0.00028316886,2.3978953,1.0,0.0,10.0
[aws-cli/1.16.96 Python/2.7.12 Linux/4.4.0-166-generic botocore/1.12.86],0.00028316886,2.3978953,1.0,0.0,10.0
[aws-cli/1.16.102 Python/2.7.16 Linux/4.14.138-114.102.amzn2.x86_64 botocore/1.12.92],0.00028316886,2.3978953,1.0,0.0,10.0
[aws-cli/1.14.44 Python/3.6.7 Linux/4.15.0-42-generic botocore/1.8.48],0.00028316886,2.3978953,1.0,0.0,10.0
[aws-cli/1.18.2 Python/3.7.4 Darwin/16.7.0 botocore/1.15.2],0.00028316886,2.3978953,1.0,0.0,10.0
[aws-cli/1.16.200 Python/3.7.4 Darwin/18.6.0 botocore/1.12.190],0.00028316886,2.3978953,1.0,0.0,10.0
[aws-cli/1.16.136 Python/3.7.3 Linux/5.0.5-100.fc28.x86_64 botocore/1.12.126],0.00028316886,2.3978953,1.0,0.0,10.0
[aws-cli/1.16.102 Python/2.7.16 Linux/4.14.123-86.109.amzn1.x86_64 botocore/1.12.92],0.00028316886,2.3978953,1.0,0.0,10.0
[aws-cli/2.0.10 Python/3.8.2 Darwin/19.4.0 botocore/2.0.0dev14],0.00028316886,2.3978953,1.0,0.0,10.0
aws-cli/2.0.38 Python/3.7.4 Darwin/19.6.0 exe/x86_64 command/sts.get-caller-identity,0.00028316886,2.3978953,1.0,0.0,10.0
[aws-cli/1.14.44 Python/3.6.8 Linux/4.15.0-66-generic botocore/1.8.48],0.00028316886,2.3978953,1.0,0.0,10.0
[aws-cli/1.16.5 Python/2.7.9 Windows/8 botocore/1.11.5],0.00028316886,2.3978953,1.0,0.0,10.0
[aws-cli/1.16.2 Python/2.7.15rc1 Linux/4.15.0-33-generic botocore/1.11.2],0.00028316886,2.3978953,1.0,0.0,10.0
[aws-cli/1.11.111 Python/2.7.14 Darwin/17.7.0 botocore/1.5.74],0.00028316886,2.3978953,1.0,0.0,10.0
[aws-cli/2.0.7 Python/3.8.2 Darwin/19.4.0 botocore/2.0.0dev11],0.00028316886,2.3978953,1.0,0.0,10.0
[aws-cli/1.16.206 Python/3.6.0 Windows/10 botocore/1.12.196],0.00028316886,2.3978953,1.0,0.0,10.0
[aws-cli/1.16.145 Python/2.7.10 Darwin/18.2.0 botocore/1.12.135],0.00028316886,2.3978953,1.0,0.0,10.0
[aws-cli/1.16.93 Python/3.7.3 Linux/5.0.6-arch1-1-ARCH botocore/1.12.83],0.00028316886,2.3978953,1.0,0.0,10.0
[aws-cli/1.16.130 Python/2.7.16rc1 Linux/4.19.0-kali3-amd64 botocore/1.12.120],0.00028316886,2.3978953,1.0,0.0,10.0
[aws-cli/1.14.44 Python/3.6.9 Linux/4.15.0-1065-aws botocore/1.8.48],0.00028316886,2.3978953,1.0,0.0,10.0
[aws-cli/1.11.36 Python/2.7.15rc1 Linux/4.15.0-47-generic botocore/1.4.93],0.00028316886,2.3978953,1.0,0.0,10.0
[aws-cli/1.10.67 Python/2.7.10 Darwin/16.4.0 botocore/1.4.93],0.00028316886,2.3978953,1.0,0.0,10.0
[aws-cli/1.18.31 Python/3.8.2 Linux/4.9.184-linuxkit botocore/1.15.31],0.00028316886,2.3978953,1.0,0.0,10.0
[aws-cli/1.18.49 Python/3.6.8 Linux/4.4.0-039049-Microsoft botocore/1.15.49],0.00028316886,2.3978953,1.0,0.0,10.0
[aws-cli/1.16.169 Python/2.7.10 Darwin/18.6.0 botocore/1.12.159],0.00028316886,2.3978953,1.0,0.0,10.0
[aws-cli/1.15.60 Python/3.7.0 Darwin/17.7.0 botocore/1.10.59],0.00028316886,2.3978953,1.0,0.0,10.0
[aws-cli/1.15.50 Python/3.7.0 Darwin/16.7.0 botocore/1.10.49],0.00028316886,2.3978953,1.0,0.0,10.0
[aws-cli/1.16.106 Python/3.7.2+ Linux/4.20.0-trunk-amd64 botocore/1.12.96],0.00028316886,2.3978953,1.0,0.0,10.0
[aws-cli/1.11.13 Python/3.5.3 Linux/4.14.79+ botocore/1.4.70],0.00028316886,2.3978953,1.0,0.0,10.0
[aws-cli/1.16.189 Python/3.5.3 Linux/4.9.0-9-amd64 botocore/1.12.179],0.00027351582,1.9459101,1.0,0.0,6.0
[aws-cli/1.16.65 Python/2.7.16rc1 Linux/4.19.0-parrot1-13t-amd64 botocore/1.12.55],0.00027351582,1.9459101,1.0,0.0,6.0
[aws-cli/1.16.58 Python/2.7.15 Darwin/17.7.0 botocore/1.12.48],0.00027351582,1.9459101,1.0,0.0,6.0
[aws-cli/1.16.140 Python/3.7.2 Darwin/17.7.0 botocore/1.12.130],0.00027351582,1.9459101,1.0,0.0,6.0
[aws-cli/1.16.184 Python/3.6.0 Windows/10 botocore/1.12.174],0.00027351582,1.9459101,1.0,0.0,6.0
[aws-cli/1.16.155 Python/2.7.10 Darwin/18.5.0 botocore/1.12.145],0.00027351582,1.9459101,1.0,0.0,6.0
[aws-cli/1.16.105 Python/3.7.0 Darwin/18.2.0 botocore/1.12.95],0.00027351582,1.9459101,1.0,0.0,6.0
[aws-cli/1.16.112 Python/2.7.15+ Linux/4.19.0-kali1-amd64 botocore/1.12.102],0.00027351582,1.9459101,1.0,0.0,6.0
[aws-cli/1.16.112 Python/2.7.15+ Linux/4.18.0-kali2-amd64 botocore/1.12.102],0.00027351582,1.9459101,1.0,0.0,6.0
[aws-cli/1.14.44 Python/3.6.6 Linux/4.9.93-boot2docker botocore/1.8.48],0.00027351582,1.9459101,1.0,0.0,6.0
[aws-cli/1.16.170 Python/3.7.3 Darwin/18.6.0 botocore/1.12.160],0.00027351582,1.9459101,1.0,0.0,6.0
[aws-cli/1.16.170 Python/3.7.3 Darwin/18.5.0 botocore/1.12.160],0.00027351582,1.9459101,1.0,0.0,6.0
Boto3/1.3.1 Python/2.7.3 Linux/3.2.0-119-generic Botocore/1.4.13,0.00027351582,1.9459101,1.0,0.0,6.0
[aws-cli/1.16.174 Python/2.7.12 Linux/5.0.0-16-generic botocore/1.12.164],0.00027351582,1.9459101,1.0,0.0,6.0
aws-cli/1.16.140 Python/3.7.1 Windows/10 botocore/1.12.130,0.00027351582,1.9459101,1.0,0.0,6.0
[Boto3/1.14.16 Python/3.8.3rc1 Linux/5.6.0-kali1-amd64 Botocore/1.17.16],0.00027351582,1.9459101,1.0,0.0,6.0
[aws-cli/1.18.93 Python/3.6.0 Windows/10 botocore/1.17.16],0.00027351582,1.9459101,1.0,0.0,6.0
[aws-cli/2.0.0 Python/3.7.5 Windows/10 botocore/2.0.0dev4],0.00027351582,1.9459101,1.0,0.0,6.0
[aws-cli/1.16.117 Python/3.7.2 Linux/4.15.15-1-ARCH botocore/1.12.107],0.00027351582,1.9459101,1.0,0.0,6.0
[aws-cli/1.16.169 Python/3.6.5 Darwin/17.7.0 botocore/1.12.159],0.00027351582,1.9459101,1.0,0.0,6.0
[aws-cli/1.11.170 Python/3.6.2 Linux/4.13.5-1-ARCH botocore/1.7.28],0.00027351582,1.9459101,1.0,0.0,6.0
[aws-cli/1.16.193 Python/2.7.16 Linux/4.4.0-039049-Microsoft botocore/1.12.183],0.00027351582,1.9459101,1.0,0.0,6.0
[aws-cli/1.16.113 Python/3.7.3 Linux/4.4.0-01985-Microsoft botocore/1.12.103],0.00027351582,1.9459101,1.0,0.0,6.0
[aws-cli/1.17.11 Python/3.7.5 Linux/5.3.0-kali2-amd64 botocore/1.14.11],0.00027351582,1.9459101,1.0,0.0,6.0
[aws-cli/1.11.13 Python/3.5.2 Linux/4.4.0-141-generic botocore/1.4.70],0.00027351582,1.9459101,1.0,0.0,6.0
aws-cli/2.0.46 Python/3.7.3 Linux/5.7.0-kali1-amd64 exe/x86_64.kali.2020 command/sts.get-caller-identity,0.00027351582,1.9459101,1.0,0.0,6.0
[aws-cli/1.16.113 Python/3.7.5 Linux/5.3.0-3-amd64 botocore/1.12.103],0.00027351582,1.9459101,1.0,0.0,6.0
[aws-cli/1.16.99 Python/3.6.7 Linux/4.15.0-45-generic botocore/1.12.89],0.00027351582,1.9459101,1.0,0.0,6.0
[aws-cli/1.16.101 Python/2.7.5 Linux/3.10.0-957.5.1.el7.x86_64 botocore/1.12.91],0.00027351582,1.9459101,1.0,0.0,6.0
[aws-cli/1.16.98 Python/2.7.10 Darwin/18.2.0 botocore/1.12.90],0.00027351582,1.9459101,1.0,0.0,6.0
[aws-cli/1.16.4 Python/3.6.5 Linux/4.15.0-33-generic botocore/1.11.4],0.00027351582,1.9459101,1.0,0.0,6.0
[aws-cli/1.16.144 Python/3.6.0 Windows/10 botocore/1.12.134],0.00027351582,1.9459101,1.0,0.0,6.0
[aws-cli/2.0.24 Python/3.7.3 Linux/5.5.0-kali2-amd64 botocore/2.0.0dev28],0.00027351582,1.9459101,1.0,0.0,6.0
[aws-cli/1.16.113 Python/3.7.3 Linux/4.19.0-9-amd64 botocore/1.12.103],0.00027351582,1.9459101,1.0,0.0,6.0
[aws-cli/1.14.17 Python/2.7.10 Darwin/16.7.0 botocore/1.8.21],0.00027351582,1.9459101,1.0,0.0,6.0
[aws-cli/1.16.33 Python/3.6.0 Windows/10 botocore/1.12.23],0.00027351582,1.9459101,1.0,0.0,6.0
[aws-cli/1.16.140 Python/2.7.16 Linux/4.19.0-4-amd64 botocore/1.12.130],0.00027351582,1.9459101,1.0,0.0,6.0
[aws-cli/1.16.113 Python/3.7.3 Linux/4.19.0-kali1-amd64 botocore/1.12.103],0.00027351582,1.9459101,1.0,0.0,6.0
[aws-cli/1.16.95 Python/2.7.10 Darwin/18.5.0 botocore/1.12.85],0.00027351582,1.9459101,1.0,0.0,6.0
[aws-cli/1.16.106 Python/2.7.15 Darwin/18.2.0 botocore/1.12.96],0.00027351582,1.9459101,1.0,0.0,6.0
[aws-cli/1.16.110 Python/3.7.2 Darwin/18.5.0 botocore/1.12.100],0.00027351582,1.9459101,1.0,0.0,6.0
[aws-cli/1.11.28 Python/2.7.9 Windows/7 botocore/1.4.85],0.00027351582,1.9459101,1.0,0.0,6.0
[aws-cli/1.15.83 Python/2.7.14 Linux/4.14.62-65.117.amzn1.x86_64 botocore/1.10.82],0.00027351582,1.9459101,1.0,0.0,6.0
[aws-cli/1.11.13 Python/3.5.2 Linux/4.4.0-83-generic botocore/1.4.70],0.00027351582,1.9459101,1.0,0.0,6.0
[aws-cli/1.17.14 Python/3.6.0 Windows/10 botocore/1.14.14],0.00027351582,1.9459101,1.0,0.0,6.0
[aws-cli/1.16.81 Python/3.7.2+ Linux/4.19.0-kali3-amd64 botocore/1.12.71],0.00027351582,1.9459101,1.0,0.0,6.0
[aws-cli/1.16.284 Python/3.6.8 Linux/4.18.0-147.5.1.el8_1.x86_64 botocore/1.13.20],0.00027351582,1.9459101,1.0,0.0,6.0
[aws-cli/1.15.35 Python/2.7.9 Windows/8 botocore/1.10.35],0.00027351582,1.9459101,1.0,0.0,6.0
[aws-cli/1.16.198 Python/3.7.4 Windows/10 botocore/1.12.188],0.00027351582,1.9459101,1.0,0.0,6.0
[aws-cli/1.14.28 Python/2.7.5 Linux/3.10.0-1127.10.1.el7.x86_64 botocore/1.8.35],0.00027351582,1.9459101,1.0,0.0,6.0
[aws-cli/1.16.24 Python/2.7.16 Darwin/18.2.0 botocore/1.12.14],0.00027351582,1.9459101,1.0,0.0,6.0
[aws-cli/1.16.157 Python/2.7.15 Linux/4.17.0-kali1-686 botocore/1.12.147],0.00027351582,1.9459101,1.0,0.0,6.0
[aws-cli/1.16.61 Python/2.7.15 Darwin/17.7.0 botocore/1.12.51],0.00027351582,1.9459101,1.0,0.0,6.0
[aws-cli/1.16.202 Python/2.7.5 Linux/3.10.0-957.12.2.el7.x86_64 botocore/1.12.192],0.00027351582,1.9459101,1.0,0.0,6.0
[aws-cli/1.15.39 Python/2.7.10 Darwin/17.5.0 botocore/1.10.39],0.00027351582,1.9459101,1.0,0.0,6.0
[aws-cli/1.16.171 Python/3.7.1 Darwin/18.6.0 botocore/1.12.161],0.00027351582,1.9459101,1.0,0.0,6.0
[aws-cli/1.11.13 Python/3.5.2 Linux/4.4.0-103-generic botocore/1.4.70],0.00027351582,1.9459101,1.0,0.0,6.0
[aws-cli/1.16.120 Python/3.7.2 Darwin/18.5.0 botocore/1.12.110],0.00027351582,1.9459101,1.0,0.0,6.0
[aws-cli/1.16.50 Python/3.7.1 Darwin/17.7.0 botocore/1.12.40],0.00027351582,1.9459101,1.0,0.0,6.0
[aws-cli/1.16.113 Python/3.7.2+ Linux/4.19.0-kali3-amd64 botocore/1.12.103],0.00027351582,1.9459101,1.0,0.0,6.0
[aws-cli/1.16.207 Python/3.4.9 Linux/3.10.0-957.el7.x86_64 botocore/1.12.197],0.00027351582,1.9459101,1.0,0.0,6.0
[aws-cli/1.16.171 Python/3.6.5 Darwin/17.7.0 botocore/1.12.161],0.00027351582,1.9459101,1.0,0.0,6.0
[aws-cli/1.16.203 Python/3.6.0 Windows/10 botocore/1.12.193],0.00027351582,1.9459101,1.0,0.0,6.0
[aws-cli/1.16.38 Python/3.6.5 Darwin/17.7.0 botocore/1.12.28],0.00027351582,1.9459101,1.0,0.0,6.0
[aws-cli/1.15.71 Python/3.5.2 Linux/4.15.0-38-generic botocore/1.10.70],0.00027351582,1.9459101,1.0,0.0,6.0
[aws-cli/1.16.19 Python/3.6.0 Windows/10 botocore/1.12.9],0.00027351582,1.9459101,1.0,0.0,6.0
[Boto3/1.7.4 Python/3.7.2+ Linux/4.4.0-01985-Microsoft Botocore/1.10.4 Resource],0.00027351582,1.9459101,1.0,0.0,6.0
[aws-cli/1.16.198 Python/3.7.1 Windows/10 botocore/1.12.188],0.00027351582,1.9459101,1.0,0.0,6.0
[aws-cli/1.16.122 Python/2.7.15rc1 Linux/4.18.0-16-generic botocore/1.12.112],0.00027351582,1.9459101,1.0,0.0,6.0
[aws-cli/1.14.44 Python/3.6.9 Linux/5.3.0-40-generic botocore/1.8.48],0.00027351582,1.9459101,1.0,0.0,6.0
[aws-cli/1.18.6 Python/3.6.8 Linux/4.15.0-54-generic botocore/1.15.6],0.00027351582,1.9459101,1.0,0.0,6.0
[aws-cli/1.16.207 Python/2.7.10 Darwin/18.6.0 botocore/1.12.197],0.00027351582,1.9459101,1.0,0.0,6.0
[aws-cli/1.16.91 Python/3.7.2 Windows/10 botocore/1.12.81],0.00027351582,1.9459101,1.0,0.0,6.0
[aws-cli/1.16.117 Python/2.7.12 Linux/4.15.0-36-generic botocore/1.12.107],0.00027351582,1.9459101,1.0,0.0,6.0
[aws-cli/1.16.14 Python/2.7.15 Darwin/18.6.0 botocore/1.12.185],0.00027351582,1.9459101,1.0,0.0,6.0
[aws-cli/1.16.192 Python/3.7.3 Darwin/18.6.0 botocore/1.12.182],0.00027351582,1.9459101,1.0,0.0,6.0
aws-cli/2.0.46 Python/3.7.7 Windows/10 exe/AMD64 command/sts.get-caller-identity,0.00027351582,1.9459101,1.0,0.0,6.0
[aws-cli/1.16.81 Python/3.6.6 Linux/4.18.0-kali2-amd64 botocore/1.12.71],0.00027351582,1.9459101,1.0,0.0,6.0
[aws-cli/1.16.160 Python/3.7.3 Darwin/18.6.0 botocore/1.12.104],0.00027351582,1.9459101,1.0,0.0,6.0
[aws-cli/1.16.139 Python/3.6.3rc1+ Linux/4.16.18-130_fbk12_4448_g0a4ef6be8874 botocore/1.12.129],0.00027351582,1.9459101,1.0,0.0,6.0
[aws-cli/1.14.16 Python/3.5.4 Linux/4.12.12-gentoo botocore/1.8.20],0.00027351582,1.9459101,1.0,0.0,6.0
[aws-cli/1.11.48 Python/2.7.13 Darwin/16.6.0 botocore/1.5.37],0.00027351582,1.9459101,1.0,0.0,6.0
[aws-cli/1.16.209 Python/3.6.0 Windows/10 botocore/1.12.199],0.00027351582,1.9459101,1.0,0.0,6.0
[aws-cli/1.16.210 Python/2.7.15+ Linux/4.4.0-039049-Microsoft botocore/1.12.200],0.00027351582,1.9459101,1.0,0.0,6.0
[aws-cli/1.14.25 Python/2.7.14+ Linux/4.9.0-kali4-amd64 botocore/1.8.29],0.00027351582,1.9459101,1.0,0.0,6.0
[aws-cli/1.16.125 Python/2.7.10 Darwin/18.2.0 botocore/1.12.115],0.00027351582,1.9459101,1.0,0.0,6.0
[aws-cli/1.16.291 Python/2.7.10 Darwin/16.7.0 botocore/1.13.27],0.00027351582,1.9459101,1.0,0.0,6.0
[aws-cli/1.16.287 Python/3.6.6 Windows/10 botocore/1.13.23],0.00027351582,1.9459101,1.0,0.0,6.0
[aws-cli/1.16.140 Python/3.7.3 Darwin/17.7.0 botocore/1.12.130],0.00027351582,1.9459101,1.0,0.0,6.0
[aws-cli/1.11.112 Python/2.7.13 Darwin/16.6.0 botocore/1.5.75],0.00027351582,1.9459101,1.0,0.0,6.0
[aws-cli/1.16.169 Python/2.7.5 Linux/3.10.0-957.12.2.el7.x86_64 botocore/1.12.159],0.00027351582,1.9459101,1.0,0.0,6.0
[aws-cli/1.11.41 Python/2.7.11 Windows/10 botocore/1.5.4],0.00027351582,1.9459101,1.0,0.0,6.0
[aws-cli/1.16.310 Python/3.7.3 Linux/5.0.0-38-generic botocore/1.13.46],0.00027351582,1.9459101,1.0,0.0,6.0
[aws-cli/1.16.74 Python/3.6.7 Linux/4.15.0-34-generic botocore/1.12.64],0.00027351582,1.9459101,1.0,0.0,6.0
[aws-cli/1.16.138 Python/3.7.3rc1 Linux/4.12.0-kali2-686 botocore/1.12.128],0.00027351582,1.9459101,1.0,0.0,6.0
[aws-cli/1.16.198 Python/3.7.3 Linux/4.19.0-kali4-amd64 botocore/1.12.188],0.00027351582,1.9459101,1.0,0.0,6.0
[aws-cli/1.16.210 Python/3.7.4 Darwin/18.6.0 botocore/1.12.200],0.00027351582,1.9459101,1.0,0.0,6.0
[aws-cli/1.16.217 Python/3.7.2 Windows/10 botocore/1.12.207],0.00027351582,1.9459101,1.0,0.0,6.0
[aws-cli/1.16.144 Python/3.7.3 Darwin/18.7.0 botocore/1.12.135],0.00027351582,1.9459101,1.0,0.0,6.0
[aws-cli/1.16.243 Python/3.6.0 Windows/10 botocore/1.12.233],0.00027351582,1.9459101,1.0,0.0,6.0
[aws-cli/1.16.72 Python/2.7.14 Windows/10 botocore/1.12.62],0.00027351582,1.9459101,1.0,0.0,6.0
[aws-cli/1.16.123 Python/3.6.8 Linux/4.19.0-kali1-amd64 botocore/1.12.113],0.00027351582,1.9459101,1.0,0.0,6.0
[Boto3/1.9.62 Python/3.6.5 Darwin/18.0.0 Botocore/1.12.62],0.00027351582,1.9459101,1.0,0.0,6.0
[aws-cli/1.16.21 Python/2.7.10 Darwin/18.6.0 botocore/1.12.11],0.00027351582,1.9459101,1.0,0.0,6.0
[aws-cli/1.14.44 Python/3.6.5 Linux/4.15.0-1021-aws botocore/1.8.48],0.00027351582,1.9459101,1.0,0.0,6.0
[aws-cli/1.16.17 Python/3.6.5 Linux/4.15.0-36-generic botocore/1.12.7],0.00027351582,1.9459101,1.0,0.0,6.0
[aws-cli/1.11.82 Python/2.7.10 Darwin/16.5.0 botocore/1.5.45],0.00027351582,1.9459101,1.0,0.0,6.0
[aws-cli/1.11.27 Python/2.7.11 Darwin/15.6.0 botocore/1.4.84],0.00027351582,1.9459101,1.0,0.0,6.0
[aws-cli/1.11.13 Python/3.5.3 Linux/4.9.0-1-amd64 botocore/1.4.70],0.00027351582,1.9459101,1.0,0.0,6.0
[aws-cli/1.15.44 Python/3.6.4 CYGWIN_NT-6.1/2.10.0(0.325/5/3) botocore/1.10.44],0.00027351582,1.9459101,1.0,0.0,6.0
[aws-cli/1.16.213 Python/3.7.1 Windows/10 botocore/1.12.203],0.00027351582,1.9459101,1.0,0.0,6.0
[aws-cli/1.16.239 Python/2.7.16+ Linux/5.2.0-kali2-amd64 botocore/1.12.229],0.00027351582,1.9459101,1.0,0.0,6.0
[aws-cli/1.18.44 Python/3.6.9 Linux/5.3.0-46-generic botocore/1.15.44],0.00027351582,1.9459101,1.0,0.0,6.0
[aws-cli/1.16.129 Python/2.7.12 Linux/4.4.0-1069-aws botocore/1.12.119],0.00027351582,1.9459101,1.0,0.0,6.0
[aws-cli/1.16.91 Python/3.6.7 Linux/4.15.0-46-generic botocore/1.12.114],0.00027351582,1.9459101,1.0,0.0,6.0
[aws-cli/1.16.209 Python/3.6.9 CYGWIN_NT-10.0-53329/3.0.7-338.x86_64 botocore/1.12.199],0.00027351582,1.9459101,1.0,0.0,6.0
[aws-cli/1.16.166 Python/3.7.3 Darwin/16.7.0 botocore/1.12.156],0.00027351582,1.9459101,1.0,0.0,6.0
[aws-cli/1.16.268 Python/3.7.7 Darwin/18.7.0 botocore/1.13.4],0.00027351582,1.9459101,1.0,0.0,6.0
[aws-cli/1.16.287 Python/3.6.8 Linux/4.15.0-70-generic botocore/1.13.23],0.00027351582,1.9459101,1.0,0.0,6.0
[aws-cli/1.16.221 Python/3.5.2 Linux/4.4.0-130-generic botocore/1.12.211],0.00027351582,1.9459101,1.0,0.0,6.0
[aws-cli/1.10.56 Python/2.7.12 Linux/4.4.19-29.55.amzn1.x86_64 botocore/1.4.46],0.00027351582,1.9459101,1.0,0.0,6.0
[aws-cli/1.16.168 Python/3.7.3rc1 Linux/4.19.0-kali3-amd64 botocore/1.12.158],0.00027351582,1.9459101,1.0,0.0,6.0
[aws-cli/2.0.6 Python/3.8.2 Darwin/18.7.0 botocore/2.0.0dev10],0.00027351582,1.9459101,1.0,0.0,6.0
[aws-cli/1.16.237 Python/3.7.4 Windows/10 botocore/1.12.227],0.00027351582,1.9459101,1.0,0.0,6.0
[aws-cli/1.16.161 Python/3.6.0 Windows/10 botocore/1.12.151],0.00027351582,1.9459101,1.0,0.0,6.0
[aws-sdk-java/1.11.86 Linux/4.9.12-200.fc25.x86_64 OpenJDK_64-Bit_Server_VM/25.121-b14/1.8.0_121],0.00027351582,1.9459101,1.0,0.0,6.0
[aws-cli/1.16.102 Python/2.7.16 Linux/4.14.133-113.112.amzn2.x86_64 botocore/1.12.92],0.00027351582,1.9459101,1.0,0.0,6.0
[aws-cli/1.18.40 Python/3.7.6 Linux/5.8.0-kali1-amd64 botocore/1.15.40],0.00027351582,1.9459101,1.0,0.0,6.0
[aws-cli/1.16.259 Python/2.7.10 Darwin/18.2.0 botocore/1.12.249],0.00027351582,1.9459101,1.0,0.0,6.0
[aws-cli/1.16.140 Python/3.7.3 Linux/5.1.4-arch1-1-ARCH botocore/1.12.130],0.00027351582,1.9459101,1.0,0.0,6.0
[aws-cli/1.11.35 Python/2.7.13 Darwin/16.4.0 botocore/1.4.92],0.00027351582,1.9459101,1.0,0.0,6.0
[aws-cli/1.16.166 Python/3.6.8 Linux/4.19.0-kali3-amd64 botocore/1.12.156],0.00027351582,1.9459101,1.0,0.0,6.0
[aws-cli/2.0.49 Python/3.7.4 Darwin/19.6.0 exe/x86_64 command/s3.ls],0.00027351582,1.9459101,1.0,0.0,6.0
[aws-cli/1.16.231 Python/3.7.4 Windows/10 botocore/1.12.221],0.00027351582,1.9459101,1.0,0.0,6.0
[aws-cli/1.9.1 Python/2.7.10 Darwin/17.5.0 botocore/1.3.1],0.00027351582,1.9459101,1.0,0.0,6.0
[aws-cli/1.11.147 Python/2.7.13 Windows/10 botocore/1.7.5],0.00027351582,1.9459101,1.0,0.0,6.0
[aws-cli/1.16.126 Python/3.6.5 Windows/10 botocore/1.12.154],0.00027351582,1.9459101,1.0,0.0,6.0
[aws-cli/1.16.176 Python/3.7.3 Darwin/18.6.0 botocore/1.12.166],0.00027351582,1.9459101,1.0,0.0,6.0
[aws-cli/1.16.115 Python/2.7.16rc1 Linux/4.19.0-kali3-amd64 botocore/1.12.105],0.00027351582,1.9459101,1.0,0.0,6.0
[aws-cli/1.16.113 Python/2.7.15 Darwin/18.6.0 botocore/1.12.103],0.00027351582,1.9459101,1.0,0.0,6.0
[aws-cli/2.0.0dev3 Python/3.7.4 Darwin/19.0.0 botocore/2.0.0dev2],0.00027351582,1.9459101,1.0,0.0,6.0
Boto3/1.11.9 Python/3.6.2 Windows/10 Botocore/1.14.9,0.00027351582,1.9459101,1.0,0.0,6.0
[aws-cli/1.16.32 Python/3.6.6 Linux/4.18.0-kali1-amd64 botocore/1.12.22],0.00027351582,1.9459101,1.0,0.0,6.0
aws-cli/1.15.79 Python/3.6.6 Linux/4.15.0-kali2-amd64 botocore/1.10.78,0.00027044263,3.4965076,3.0,0.44706205,28.0
[aws-cli/1.14.44 Python/3.6.5rc1 Linux/4.14.0-kali3-amd64 botocore/1.8.48],0.00026838412,2.1972246,1.0,0.0,8.0
[aws-cli/1.15.71 Python/3.7.5 Linux/5.2.11-100.fc29.x86_64 botocore/1.10.41],0.00026838412,2.1972246,1.0,0.0,8.0
[aws-cli/1.16.149 Python/3.6.5 Darwin/18.6.0 botocore/1.12.139],0.00026838412,2.1972246,1.0,0.0,8.0
[aws-cli/1.15.70 Python/3.7.0 Darwin/17.7.0 botocore/1.10.69],0.00026838412,2.1972246,1.0,0.0,8.0
[aws-cli/1.15.81 Python/2.7.9 Windows/8 botocore/1.10.80],0.00026838412,2.1972246,1.0,0.0,8.0
[aws-cli/1.11.136 Python/3.4.3 Darwin/16.6.0 botocore/1.6.3],0.00026838412,2.1972246,1.0,0.0,8.0
[aws-cli/1.15.70 Python/3.7.2 Darwin/18.2.0 botocore/1.10.69],0.00026838412,2.1972246,1.0,0.0,8.0
[aws-cli/1.16.179 Python/2.7.10 Darwin/18.6.0 botocore/1.12.169],0.00026838412,2.1972246,1.0,0.0,8.0
[aws-cli/1.16.184 Python/2.7.10 Darwin/18.6.0 botocore/1.12.174],0.00026838412,2.1972246,1.0,0.0,8.0
[aws-cli/1.16.188 Python/2.7.16 Linux/4.15.0-52-generic botocore/1.12.178],0.00026838412,2.1972246,1.0,0.0,8.0
[aws-cli/1.16.104 Python/3.7.2 Linux/4.20.8-arch1-1-ARCH botocore/1.12.94],0.00026838412,2.1972246,1.0,0.0,8.0
[aws-cli/1.14.38 Python/3.6.4 Linux/4.12.14-1-MANJARO botocore/1.8.42],0.00026838412,2.1972246,1.0,0.0,8.0
[aws-cli/1.11.13 Python/3.5.2 Linux/4.4.0-143-generic botocore/1.4.70],0.00026838412,2.1972246,1.0,0.0,8.0
[aws-cli/2.0.17 Python/3.7.4 Darwin/19.5.0 botocore/2.0.0dev21],0.00026838412,2.1972246,1.0,0.0,8.0
[aws-cli/1.14.46 Python/2.7.14 Darwin/17.4.0 botocore/1.8.50],0.00026838412,2.1972246,1.0,0.0,8.0
[aws-cli/1.16.105 Python/3.6.4 Darwin/18.2.0 botocore/1.12.95],0.00026838412,2.1972246,1.0,0.0,8.0
[aws-cli/1.15.80 Python/2.7.14 Linux/4.14.88-88.76.amzn2.x86_64 botocore/1.10.79],0.00026838412,2.1972246,1.0,0.0,8.0
[aws-cli/1.16.253 Python/3.6.0 Windows/10 botocore/1.12.243],0.00026838412,2.1972246,1.0,0.0,8.0
[aws-cli/1.14.9 Python/2.7.13 Linux/4.9.81-35.56.amzn1.x86_64 botocore/1.8.13],0.00026838412,2.1972246,1.0,0.0,8.0
[aws-cli/1.16.154 Python/3.7.2 Windows/10 botocore/1.12.144],0.00026838412,2.1972246,1.0,0.0,8.0
[aws-cli/1.16.200 Python/3.6.8 Linux/5.0.0-27-generic botocore/1.12.190],0.00026838412,2.1972246,1.0,0.0,8.0
[aws-cli/1.11.150 Python/2.7.10 Darwin/16.7.0 botocore/1.7.8],0.00026838412,2.1972246,1.0,0.0,8.0
[aws-cli/1.16.120 Python/3.7.2 Darwin/18.6.0 botocore/1.12.110],0.00026838412,2.1972246,1.0,0.0,8.0
[aws-cli/2.0.0dev2 Python/3.7.5 Windows/10 botocore/2.0.0dev1],0.00026838412,2.1972246,1.0,0.0,8.0
[aws-cli/1.11.105 Python/2.7.10 Darwin/16.5.0 botocore/1.5.68],0.00026838412,2.1972246,1.0,0.0,8.0
[aws-cli/1.16.170 Python/3.7.3 Darwin/18.2.0 botocore/1.12.160],0.00026838412,2.1972246,1.0,0.0,8.0
[aws-cli/1.16.106 Python/2.7.16 Darwin/18.6.0 botocore/1.12.96],0.00026838412,2.1972246,1.0,0.0,8.0
[aws-cli/1.15.19 Python/2.7.12 Linux/4.13.0-43-generic botocore/1.10.28],0.00026838412,2.1972246,1.0,0.0,8.0
[aws-cli/1.16.304 Python/3.6.0 Windows/10 botocore/1.13.40],0.00026838412,2.1972246,1.0,0.0,8.0
[aws-cli/1.16.166 Python/3.7.1 Windows/10 botocore/1.13.35],0.00026838412,2.1972246,1.0,0.0,8.0
[aws-cli/1.16.113 Python/3.6.6 Linux/4.17.0-kali1-amd64 botocore/1.12.103],0.00026838412,2.1972246,1.0,0.0,8.0
[aws-cli/1.16.152 Python/3.6.4 Darwin/18.5.0 botocore/1.12.142],0.00026838412,2.1972246,1.0,0.0,8.0
[aws-cli/1.14.44 Python/3.6.5 Linux/4.15.0-34-generic botocore/1.8.48],0.00026838412,2.1972246,1.0,0.0,8.0
[aws-cli/1.16.72 Python/2.7.10 Darwin/17.7.0 botocore/1.12.95],0.00026838412,2.1972246,1.0,0.0,8.0
[aws-cli/2.0.17 Python/3.7.4 Darwin/19.4.0 botocore/2.0.0dev21],0.00026838412,2.1972246,1.0,0.0,8.0
[aws-cli/2.0.50 Python/3.8.5 Darwin/19.6.0 source/x86_64 command/s3.ls],0.00026838412,2.1972246,1.0,0.0,8.0
[aws-cli/1.16.39 Python/2.7.10 Darwin/18.6.0 botocore/1.12.29],0.00026838412,2.1972246,1.0,0.0,8.0
[aws-cli/1.16.259 Python/2.7.13 Linux/4.19.69-166368-g6c4f8cbba24e botocore/1.12.249],0.00026838412,2.1972246,1.0,0.0,8.0
[aws-cli/1.16.140 Python/2.7.10 Darwin/18.5.0 botocore/1.12.130],0.00026838412,2.1972246,1.0,0.0,8.0
[aws-cli/1.11.180 Python/3.6.3 Darwin/17.3.0 botocore/1.7.38],0.00026838412,2.1972246,1.0,0.0,8.0
[aws-cli/1.16.96 Python/2.7.16 Linux/4.19.0-kali5-amd64 botocore/1.12.86],0.00026838412,2.1972246,1.0,0.0,8.0
[aws-cli/1.11.56 Python/3.6.0 Linux/4.9.11-1-ARCH botocore/1.5.19],0.00026838412,2.1972246,1.0,0.0,8.0
[aws-cli/1.15.40 Python/2.7.12 Linux/4.4.0-116-generic botocore/1.10.44],0.00026838412,2.1972246,1.0,0.0,8.0
[aws-cli/2.0.0 Python/3.7.4 Darwin/19.3.0 botocore/2.0.0dev4],0.00026838412,2.1972246,1.0,0.0,8.0
[aws-cli/1.16.125 Python/3.6.0 Windows/10 botocore/1.12.115],0.00026838412,2.1972246,1.0,0.0,8.0
[aws-cli/1.11.95 Python/2.7.10 Darwin/15.6.0 botocore/1.5.58],0.00026838412,2.1972246,1.0,0.0,8.0
[aws-cli/1.16.296 Python/2.7.17 Darwin/16.7.0 botocore/1.13.32],0.00026838412,2.1972246,1.0,0.0,8.0
[aws-cli/1.16.157 Python/3.7.3 Darwin/18.6.0 botocore/1.12.147],0.00026838412,2.1972246,1.0,0.0,8.0
[aws-cli/2.0.14 Python/3.7.4 Darwin/19.5.0 botocore/2.0.0dev18],0.00026838412,2.1972246,1.0,0.0,8.0
[aws-cli/1.11.13 Python/3.5.2 Linux/4.4.0-145-generic botocore/1.4.70],0.00026838412,2.1972246,1.0,0.0,8.0
[aws-cli/1.16.215 Python/3.7.4 Linux/5.2.9-arch1-1-ARCH botocore/1.12.205],0.00026838412,2.1972246,1.0,0.0,8.0
[aws-cli/1.16.220 Python/2.7.12 Linux/4.4.0-66-generic botocore/1.12.210],0.00026838412,2.1972246,1.0,0.0,8.0
[aws-cli/1.16.140 Python/3.7.3rc1 Linux/4.18.0-kali2-amd64 botocore/1.12.130],0.00026838412,2.1972246,1.0,0.0,8.0
[aws-cli/1.14.44 Python/3.6.9 Linux/4.15.0-1060-aws botocore/1.8.48],0.00026838412,2.1972246,1.0,0.0,8.0
[aws-cli/1.16.47 Python/3.5.2 Linux/4.4.0-157-generic botocore/1.12.37],0.00026838412,2.1972246,1.0,0.0,8.0
[aws-cli/1.16.208 Python/3.7.4 Linux/5.2.5-arch1-1-ARCH botocore/1.12.198],0.00026838412,2.1972246,1.0,0.0,8.0
[aws-cli/1.11.36 Python/2.7.10 Darwin/15.6.0 botocore/1.4.93],0.00026838412,2.1972246,1.0,0.0,8.0
[AWSPowerShell/3.3.542.0 .NET_Runtime/4.0 .NET_Framework/4.0 OS/Microsoft_Windows_NT_10.0.53329.0 WindowsPowerShell/5.0 ClientSync],0.00026838412,2.1972246,1.0,0.0,8.0
[aws-cli/1.11.91 Python/2.7.10 Darwin/17.3.0 botocore/1.5.54],0.00026838412,2.1972246,1.0,0.0,8.0
[aws-cli/1.16.127 Python/3.6.0 Windows/10 botocore/1.12.117],0.00026838412,2.1972246,1.0,0.0,8.0
[aws-cli/2.0.3 Python/3.7.4 Darwin/19.3.0 botocore/2.0.0dev7],0.00026838412,2.1972246,1.0,0.0,8.0
[aws-cli/1.16.81 Python/2.7.10 Darwin/14.5.0 botocore/1.12.71],0.00026838412,2.1972246,1.0,0.0,8.0
[aws-cli/1.11.51 Python/2.7.10 Darwin/16.4.0 botocore/1.5.14],0.00026838412,2.1972246,1.0,0.0,8.0
[aws-cli/1.16.106 Python/3.6.7 Linux/4.15.0-45-generic botocore/1.12.96],0.00026838412,2.1972246,1.0,0.0,8.0
[aws-cli/1.16.193 Python/2.7.10 Darwin/18.7.0 botocore/1.12.183],0.00026838412,2.1972246,1.0,0.0,8.0
[aws-cli/1.17.4 Python/3.7.6 Windows/10 botocore/1.14.4],0.00026838412,2.1972246,1.0,0.0,8.0
[aws-cli/1.11.13 Python/3.5.2 Linux/4.4.0-62-generic botocore/1.4.70],0.00026838412,2.1972246,1.0,0.0,8.0
[aws-cli/1.11.87 Python/2.7.12 Linux/4.4.0-77-generic botocore/1.5.50],0.00024114343,1.3862944,1.0,0.0,3.0
[aws-cli/1.18.111 Python/3.8.5 Linux/4.19.0-8-cloud-amd64 botocore/1.12.210],0.00024114343,1.3862944,1.0,0.0,3.0
aws-cli/2.0.45 Python/3.7.4 Darwin/19.6.0 exe/x86_64 command/ec2.describe-snapshots,0.00024114343,1.3862944,1.0,0.0,3.0
[Boto3/1.7.80 Python/3.6.5 Linux/4.15.0-1017-gcp Botocore/1.10.80],0.00024114343,1.3862944,1.0,0.0,3.0
[aws-cli/1.18.6 Python/3.6.9 Linux/4.4.0-039049-Microsoft botocore/1.15.6],0.00024114343,1.3862944,1.0,0.0,3.0
[aws-cli/1.11.42 Python/2.7.13 Darwin/16.5.0 botocore/1.4.93],0.00024114343,1.3862944,1.0,0.0,3.0
[aws-cli/1.11.44 Python/3.5.3+ Linux/4.9.0-kali3-amd64 botocore/1.5.7],0.00024114343,1.3862944,1.0,0.0,3.0
[AWSPowerShell/51.148.173.209 .NET_Core/103.8.217.217 OS/Darwin_16.6.0_Darwin_Kernel_Version_16.6.0:_Fri_Apr_14_16:21:16_PDT_2017;_root:xnu-3789.60.24~6/RELEASE_X86_64 PowerShellCore/6.-1 ClientAsync],0.00024114343,1.3862944,1.0,0.0,3.0
[aws-cli/1.11.57 Python/2.7.11 Darwin/16.6.0 botocore/1.5.20],0.00024114343,1.3862944,1.0,0.0,3.0
[aws-cli/1.11.60 Python/2.7.10 Darwin/16.4.0 botocore/1.5.23],0.00024114343,1.3862944,1.0,0.0,3.0
[aws-cli/1.11.13 Python/3.5.2 Linux/4.13.0-38-generic botocore/1.4.70],0.00024114343,1.3862944,1.0,0.0,3.0
[aws-cli/1.16.4 Python/2.7.9 Windows/8 botocore/1.11.4],0.00024114343,1.3862944,1.0,0.0,3.0
[aws-cli/1.11.66 Python/2.7.9 Windows/8 botocore/1.5.29],0.00024114343,1.3862944,1.0,0.0,3.0
[aws-cli/1.14.44 Python/3.6.9 Linux/4.15.0-74-generic botocore/1.8.48],0.00024114343,1.3862944,1.0,0.0,3.0
[aws-cli/1.16.274 Python/3.7.3 Darwin/19.2.0 botocore/1.13.10],0.00024114343,1.3862944,1.0,0.0,3.0
[aws-cli/1.16.310 Python/3.7.6 Darwin/19.2.0 botocore/1.13.46],0.00024114343,1.3862944,1.0,0.0,3.0
[aws-cli/1.16.166 Python/2.7.15+ Linux/4.4.0-039049-Microsoft botocore/1.12.163],0.00024114343,1.3862944,1.0,0.0,3.0
[aws-cli/1.15.1 Python/2.7.15rc1 Linux/4.15.0-30-generic botocore/1.10.1],0.00024114343,1.3862944,1.0,0.0,3.0
[aws-cli/1.14.9 Python/2.7.14 Linux/4.14.62-65.117.amzn1.x86_64 botocore/1.8.13],0.00024114343,1.3862944,1.0,0.0,3.0
[aws-cli/1.18.120 Python/3.6.9 Linux/5.4.0-42-generic botocore/1.17.43],0.00024114343,1.3862944,1.0,0.0,3.0
[aws-cli/1.14.30 Python/3.6.4 Darwin/16.6.0 botocore/1.8.34],0.00024114343,1.3862944,1.0,0.0,3.0
[aws-cli/1.17.5 Python/3.6.9 Linux/4.4.0-039049-Microsoft botocore/1.14.5],0.00024114343,1.3862944,1.0,0.0,3.0
[aws-cli/1.11.89 Python/2.7.9 Windows/7 botocore/1.5.52],0.00024114343,1.3862944,1.0,0.0,3.0
[aws-cli/1.14.44 Python/3.6.8 Linux/4.15.0-65-generic botocore/1.12.190],0.00024114343,1.3862944,1.0,0.0,3.0
[aws-cli/1.16.37 Python/2.7.6 Linux/3.13.0-43-generic botocore/1.12.27],0.00024114343,1.3862944,1.0,0.0,3.0
[aws-cli/1.16.6 Python/2.7.9 Windows/8 botocore/1.11.6],0.00024114343,1.3862944,1.0,0.0,3.0
[Boto3/1.9.20 Python/2.7.15 Linux/4.16.0-kali2-amd64 Botocore/1.12.20 Resource],0.00024114343,1.3862944,1.0,0.0,3.0
[aws-cli/1.11.13 Python/3.5.2 Linux/4.4.0-1052-aws botocore/1.4.70],0.00024114343,1.3862944,1.0,0.0,3.0
[aws-cli/1.7.19 Python/2.7.10 Darwin/16.4.0],0.00024114343,1.3862944,1.0,0.0,3.0
[aws-cli/1.14.43 Python/3.6.3 Darwin/16.7.0 botocore/1.8.47],0.00024114343,1.3862944,1.0,0.0,3.0
[aws-cli/1.11.46 Python/2.7.9 Windows/7 botocore/1.5.9],0.00024114343,1.3862944,1.0,0.0,3.0
[aws-cli/1.16.309 Python/3.6.0 Windows/10 botocore/1.13.45],0.00024114343,1.3862944,1.0,0.0,3.0
[aws-cli/1.16.67 Python/2.7.10 Darwin/18.2.0 botocore/1.12.57],0.00024114343,1.3862944,1.0,0.0,3.0
[aws-cli/1.16.215 Python/3.7.3rc1 Linux/4.19.0-kali4-amd64 botocore/1.12.205],0.00024114343,1.3862944,1.0,0.0,3.0
[aws-cli/1.14.30 Python/3.6.3 Linux/4.14.6-1-ARCH botocore/1.8.34],0.00024114343,1.3862944,1.0,0.0,3.0
[aws-cli/1.14.32 Python/3.6.4 Darwin/17.4.0 botocore/1.8.36],0.00024114343,1.3862944,1.0,0.0,3.0
[aws-cli/2.0.5 Python/3.8.2 Darwin/19.3.0 botocore/2.0.0dev9],0.00024114343,1.3862944,1.0,0.0,3.0
[aws-cli/1.16.286 Python/3.6.0 Windows/10 botocore/1.13.22],0.00024114343,1.3862944,1.0,0.0,3.0
[aws-cli/1.16.284 Python/3.7.0 Linux/4.15.0-65-generic botocore/1.13.20],0.00024114343,1.3862944,1.0,0.0,3.0
[aws-cli/1.15.63 Python/2.7.9 Windows/8 botocore/1.10.62],0.00024114343,1.3862944,1.0,0.0,3.0
[aws-cli/1.10.28 Python/2.7.6 Linux/4.2.0-42-generic botocore/1.4.19],0.00024114343,1.3862944,1.0,0.0,3.0
[aws-cli/1.11.52 Python/2.7.10 Darwin/16.4.0 botocore/1.5.15],0.00024114343,1.3862944,1.0,0.0,3.0
[aws-cli/1.15.66 Python/3.6.0 Windows/10 botocore/1.10.65],0.00024114343,1.3862944,1.0,0.0,3.0
[aws-cli/1.15.79 Python/3.6.6 Linux/4.15.0-kali2-amd64 botocore/1.10.78],0.00024114343,1.3862944,1.0,0.0,3.0
[aws-cli/1.16.48 Python/3.6.0 Windows/10 botocore/1.12.38],0.00024114343,1.3862944,1.0,0.0,3.0
[aws-cli/1.11.13 Python/3.5.2 Linux/4.4.0-1069-aws botocore/1.4.70],0.00024114343,1.3862944,1.0,0.0,3.0
[aws-cli/1.16.242 Python/2.7.10 Darwin/18.7.0 botocore/1.12.232],0.00024114343,1.3862944,1.0,0.0,3.0
[aws-cli/1.16.242 Python/3.6.0 Windows/10 botocore/1.12.232],0.00024114343,1.3862944,1.0,0.0,3.0
[aws-cli/2.0.39 Python/3.7.7 Windows/10 exe/AMD64 command/s3.ls],0.00024114343,1.3862944,1.0,0.0,3.0
[aws-cli/1.16.14 Python/2.7.9 Windows/8 botocore/1.12.4],0.00024114343,1.3862944,1.0,0.0,3.0
[aws-cli/1.16.7 Python/2.7.14+ Linux/4.15.0-kali2-amd64 botocore/1.11.7],0.00024114343,1.3862944,1.0,0.0,3.0
[aws-cli/1.18.111 Python/3.8.5 Linux/5.5.0-kali2-amd64 botocore/1.17.22],0.00024114343,1.3862944,1.0,0.0,3.0
[aws-cli/1.11.133 Python/3.6.4 Linux/4.14.16-300.fc27.x86_64 botocore/1.6.0],0.00024114343,1.3862944,1.0,0.0,3.0
[aws-cli/1.16.248 Python/3.7.4 Darwin/19.0.0 botocore/1.12.238],0.00024114343,1.3862944,1.0,0.0,3.0
[aws-cli/1.16.209 Python/3.7.1 Linux/4.15.0-65-generic botocore/1.12.199],0.00024114343,1.3862944,1.0,0.0,3.0
[aws-cli/1.16.251 Python/2.7.10 Darwin/18.5.0 botocore/1.12.241],0.00024114343,1.3862944,1.0,0.0,3.0
[aws-cli/2.0.12 Python/3.7.3 Linux/5.4.0-kali3-amd64 botocore/2.0.0dev16],0.00024114343,1.3862944,1.0,0.0,3.0
[aws-cli/1.16.45 Python/3.6.0 Windows/10 botocore/1.12.35],0.00024114343,1.3862944,1.0,0.0,3.0
[aws-cli/2.0.10 Python/3.7.3 Linux/4.19.0-kali3-amd64 botocore/2.0.0dev14],0.00024114343,1.3862944,1.0,0.0,3.0
[aws-cli/1.18.43 Python/2.7.17 Linux/5.3.0-46-generic botocore/1.15.43],0.00024114343,1.3862944,1.0,0.0,3.0
[aws-cli/1.14.30 Python/2.7.12 Linux/4.4.0-109-generic botocore/1.8.34],0.00024114343,1.3862944,1.0,0.0,3.0
[aws-cli/2.0.4 Python/3.8.2 Darwin/19.3.0 botocore/2.0.0dev8],0.00024114343,1.3862944,1.0,0.0,3.0
[aws-cli/1.16.150 Python/3.7.4 Darwin/18.7.0 botocore/1.12.140],0.00024114343,1.3862944,1.0,0.0,3.0
[aws-cli/1.16.60 Python/3.5.2 Linux/4.4.0-139-generic botocore/1.12.50],0.00024114343,1.3862944,1.0,0.0,3.0
[aws-cli/1.11.28 Python/2.7.12 Darwin/16.4.0 botocore/1.4.85],0.00024114343,1.3862944,1.0,0.0,3.0
[aws-cli/1.11.47 Python/2.7.13 Linux/4.3.0-kali1-amd64 botocore/1.5.10],0.00024114343,1.3862944,1.0,0.0,3.0
[aws-cli/1.10.44 Python/2.7.10 Darwin/18.2.0 botocore/1.4.34],0.00024114343,1.3862944,1.0,0.0,3.0
[aws-cli/1.18.26 Python/3.7.6 Linux/4.4.0-039049-Microsoft botocore/1.15.26],0.00024114343,1.3862944,1.0,0.0,3.0
[aws-cli/1.18.21 Python/3.7.4 Darwin/18.7.0 botocore/1.15.21],0.00024114343,1.3862944,1.0,0.0,3.0
[aws-cli/1.11.82 Python/2.7.6 Linux/4.4.0-66-generic botocore/1.5.45],0.00024114343,1.3862944,1.0,0.0,3.0
[aws-cli/1.15.15 Python/3.6.6 Linux/4.16.0-kali2-amd64 botocore/1.10.19],0.00024114343,1.3862944,1.0,0.0,3.0
[aws-cli/1.15.40 Python/2.7.12 Linux/4.4.0-116-generic botocore/1.10.50],0.00024114343,1.3862944,1.0,0.0,3.0
[aws-cli/1.11.63 Python/2.7.5 Linux/3.10.0-327.36.3.el7.x86_64 botocore/1.5.26],0.00024114343,1.3862944,1.0,0.0,3.0
[aws-cli/1.11.63 Python/2.7.12 Darwin/15.6.0 botocore/1.5.26],0.00024114343,1.3862944,1.0,0.0,3.0
[aws-cli/1.14.24 Python/2.7.14 CYGWIN_NT-10.0/2.9.0(0.318/5/3) botocore/1.8.28],0.00024114343,1.3862944,1.0,0.0,3.0
[aws-cli/1.11.13 Python/3.5.3 Linux/4.9.0-kali1-amd64 botocore/1.4.70],0.00024114343,1.3862944,1.0,0.0,3.0
[aws-cli/1.16.266 Python/3.5.2 Linux/5.3.0-42-generic botocore/1.13.2],0.00024114343,1.3862944,1.0,0.0,3.0
[aws-cli/1.16.67 Python/2.7.15+ Linux/4.18.0-kali2-amd64 botocore/1.12.57],0.00024114343,1.3862944,1.0,0.0,3.0
[aws-cli/1.14.66 Python/3.6.0 Darwin/17.5.0 botocore/1.9.19],0.00024114343,1.3862944,1.0,0.0,3.0
[aws-cli/1.15.54 Python/2.7.15 Darwin/17.6.0 botocore/1.10.53],0.00024114343,1.3862944,1.0,0.0,3.0
[aws-cli/1.18.69 Python/3.8.2 Linux/5.4.0-42-generic botocore/1.16.19],0.00024114343,1.3862944,1.0,0.0,3.0
[aws-cli/1.18.44 Python/3.7.7 Darwin/18.7.0 botocore/1.15.44],0.00024114343,1.3862944,1.0,0.0,3.0
[aws-cli/1.14.44 Python/3.6.7 Linux/4.4.0-01985-Microsoft botocore/1.8.48],0.00024114343,1.3862944,1.0,0.0,3.0
[aws-cli/1.16.67 Python/3.7.0 Darwin/18.7.0 botocore/1.12.57],0.00024114343,1.3862944,1.0,0.0,3.0
[aws-cli/1.16.217 Python/3.6.0 Windows/8.1 botocore/1.12.207],0.00024114343,1.3862944,1.0,0.0,3.0
[aws-cli/1.11.13 Python/3.5.2 Linux/4.13.0-32-generic botocore/1.4.70],0.00024114343,1.3862944,1.0,0.0,3.0
[aws-cli/1.15.63 Python/3.7.0 Windows/10 botocore/1.10.62],0.00024114343,1.3862944,1.0,0.0,3.0
[aws-cli/1.11.57 Python/2.7.10 Darwin/15.5.0 botocore/1.5.20],0.00024114343,1.3862944,1.0,0.0,3.0
[aws-cli/1.11.57 Python/2.7.13 Darwin/16.4.0 botocore/1.5.20],0.00024114343,1.3862944,1.0,0.0,3.0
[aws-cli/1.18.36 Python/3.7.4 Windows/10 botocore/1.15.36],0.00024114343,1.3862944,1.0,0.0,3.0
[aws-cli/1.18.36 Python/3.7.3 Windows/10 botocore/1.15.36],0.00024114343,1.3862944,1.0,0.0,3.0
[aws-cli/2.0.6 Python/3.8.2 Darwin/19.4.0 botocore/2.0.0dev10],0.00024114343,1.3862944,1.0,0.0,3.0
[aws-cli/1.18.35 Python/2.7.17 Linux/5.4.0-kali3-amd64 botocore/1.15.35],0.00024114343,1.3862944,1.0,0.0,3.0
[aws-cli/1.11.10 Python/3.5.2 Darwin/16.4.0 botocore/1.5.17],0.00024114343,1.3862944,1.0,0.0,3.0
[aws-cli/1.11.36 Python/2.7.10 Darwin/16.6.0 botocore/1.4.93],0.00024114343,1.3862944,1.0,0.0,3.0
[aws-cli/1.11.56 Python/2.7.10 Linux/4.1.13-19.30.amzn1.x86_64 botocore/1.4.93],0.00024114343,1.3862944,1.0,0.0,3.0
[aws-cli/1.11.44 Python/2.7.6 Linux/3.19.0-25-generic botocore/1.5.7],0.00024114343,1.3862944,1.0,0.0,3.0
[aws-cli/1.9.0 Python/2.7.10 Darwin/16.4.0 botocore/1.3.0],0.00024114343,1.3862944,1.0,0.0,3.0
[aws-cli/1.11.81 Python/2.7.9 Windows/7 botocore/1.5.44],0.00024114343,1.3862944,1.0,0.0,3.0
[aws-cli/1.11.81 Python/2.7.10 Darwin/16.3.0 botocore/1.5.44],0.00024114343,1.3862944,1.0,0.0,3.0
[aws-cli/2.0.0 Python/3.8.2 Darwin/19.3.0 botocore/2.0.0dev7],0.00024114343,1.3862944,1.0,0.0,3.0
[aws-cli/1.16.73 Python/3.7.1 Darwin/17.7.0 botocore/1.12.63],0.00024114343,1.3862944,1.0,0.0,3.0
[aws-cli/1.16.63 Python/3.6.7 Linux/4.18.0-kali1-amd64 botocore/1.12.53],0.00024114343,1.3862944,1.0,0.0,3.0
[aws-cli/1.11.86 Python/3.5.3 Windows/10 botocore/1.5.49],0.00024114343,1.3862944,1.0,0.0,3.0
[aws-cli/1.16.246 Python/3.7.3rc1 Linux/4.19.0-kali4-amd64 botocore/1.12.236],0.00024114343,1.3862944,1.0,0.0,3.0
[aws-cli/1.16.246 Python/3.7.4 Linux/5.2.0-kali2-amd64 botocore/1.12.236],0.00024114343,1.3862944,1.0,0.0,3.0
[aws-cli/1.16.247 Python/2.7.15+ Linux/4.15.0-55-generic botocore/1.12.237],0.00024114343,1.3862944,1.0,0.0,3.0
[Boto3/1.9.238 Python/2.7.16 Linux/4.19.0-kali4-amd64 Botocore/1.12.238 Resource],0.00024114343,1.3862944,1.0,0.0,3.0
[aws-cli/1.16.247 Python/3.7.4 Darwin/18.7.0 botocore/1.12.237],0.00024114343,1.3862944,1.0,0.0,3.0
[aws-cli/1.16.177 Python/2.7.16 Darwin/18.7.0 botocore/1.12.167],0.00024114343,1.3862944,1.0,0.0,3.0
[aws-cli/1.17.9 Python/3.7.7 Linux/5.4.0-kali4-amd64 botocore/1.14.9],0.00024114343,1.3862944,1.0,0.0,3.0
[aws-cli/2.0.36 Python/3.7.4 Darwin/19.5.0 exe/x86_64 command/s3.ls],0.00024114343,1.3862944,1.0,0.0,3.0
[aws-cli/1.11.100 Python/3.5.1 Darwin/15.6.0 botocore/1.5.63],0.00024114343,1.3862944,1.0,0.0,3.0
[aws-cli/2.0.31 Python/3.7.3 Linux/5.4.0-39-generic botocore/2.0.0dev35],0.00024114343,1.3862944,1.0,0.0,3.0
[aws-cli/1.16.11 Python/2.7.15 Linux/4.14.0-kali1-amd64 botocore/1.12.1],0.00024114343,1.3862944,1.0,0.0,3.0
[aws-cli/1.18.15 Python/3.6.9 Linux/4.4.0-039049-Microsoft botocore/1.15.15],0.00024114343,1.3862944,1.0,0.0,3.0
[Boto3/1.12.15 Python/2.7.17 Linux/4.4.0-039049-Microsoft Botocore/1.15.15],0.00024114343,1.3862944,1.0,0.0,3.0
[aws-cli/1.15.39 Python/2.7.13 CYGWIN_NT-10.0-WOW/2.8.2(0.313/5/3) botocore/1.10.39],0.00024114343,1.3862944,1.0,0.0,3.0
[aws-cli/1.14.11 Python/3.6.4 Darwin/16.7.0 botocore/1.8.15],0.00024114343,1.3862944,1.0,0.0,3.0
[aws-cli/1.16.81 Python/2.7.15+ Linux/4.18.0-kali3-amd64 botocore/1.12.71],0.00024114343,1.3862944,1.0,0.0,3.0
[aws-cli/1.18.14 Python/3.7.6 Linux/5.4.0-kali4-amd64 botocore/1.15.14],0.00024114343,1.3862944,1.0,0.0,3.0
[aws-cli/1.11.78 Python/2.7.10 Darwin/16.5.0 botocore/1.5.41],0.00024114343,1.3862944,1.0,0.0,3.0
[aws-cli/1.11.78 Python/2.7.13 Darwin/16.5.0 botocore/1.5.41],0.00024114343,1.3862944,1.0,0.0,3.0
[aws-cli/1.16.231 Python/3.6.9 Linux/4.15.0-23-generic botocore/1.12.221],0.00024114343,1.3862944,1.0,0.0,3.0
[aws-cli/1.16.210 Python/3.7.4 Darwin/19.0.0 botocore/1.12.200],0.00024114343,1.3862944,1.0,0.0,3.0
[aws-cli/1.15.84 Python/3.6.5rc1 Linux/4.13.0-kali1-amd64 botocore/1.10.83],0.00024114343,1.3862944,1.0,0.0,3.0
[aws-cli/1.14.17 Python/2.7.14 Darwin/17.3.0 botocore/1.8.21],0.00024114343,1.3862944,1.0,0.0,3.0
[aws-cli/1.11.13 Python/3.5.2 Linux/4.4.0-45-generic botocore/1.4.70],0.00024114343,1.3862944,1.0,0.0,3.0
[aws-cli/1.10.54 Python/2.7.6 Linux/3.19.0-32-generic botocore/1.4.44],0.00024114343,1.3862944,1.0,0.0,3.0
[aws-cli/1.16.88 Python/2.7.15+ Linux/4.18.0-kali3-amd64 botocore/1.12.78],0.00024114343,1.3862944,1.0,0.0,3.0
[aws-cli/1.11.14 Python/2.7.12 Linux/4.4.0-72-generic botocore/1.4.71],0.00024114343,1.3862944,1.0,0.0,3.0
[aws-cli/1.11.86 Python/2.7.10 Darwin/16.5.0 botocore/1.5.49],0.00024114343,1.3862944,1.0,0.0,3.0
[aws-cli/1.16.290 Python/3.7.5 Darwin/18.7.0 botocore/1.13.26],0.00024114343,1.3862944,1.0,0.0,3.0
[aws-cli/1.11.108 Python/2.7.10 Linux/2.6.32-642.15.1.el6.x86_64 botocore/1.5.71],0.00024114343,1.3862944,1.0,0.0,3.0
[aws-cli/1.14.61 Python/2.7.14 Darwin/16.7.0 botocore/1.9.14],0.00024114343,1.3862944,1.0,0.0,3.0
[aws-cli/1.16.84 Python/3.6.8 Linux/4.18.0-kali3-amd64 botocore/1.12.74],0.00024114343,1.3862944,1.0,0.0,3.0
[aws-cli/1.16.296 Python/3.7.4 Darwin/19.0.0 botocore/1.13.32],0.00024114343,1.3862944,1.0,0.0,3.0
[aws-cli/1.16.270 Python/3.7.2+ Linux/4.19.0-kali1-amd64 botocore/1.13.6],0.00024114343,1.3862944,1.0,0.0,3.0
[aws-cli/1.16.272 Python/3.6.0 Windows/10 botocore/1.13.8],0.00024114343,1.3862944,1.0,0.0,3.0
[aws-cli/1.16.278 Python/2.7.13 Linux/4.9.0-4-amd64 botocore/1.13.14],0.00024114343,1.3862944,1.0,0.0,3.0
[aws-cli/1.16.272 Python/2.7.9 Darwin/17.7.0 botocore/1.13.8],0.00024114343,1.3862944,1.0,0.0,3.0
[aws-cli/1.16.43 Python/3.6.0 Windows/10 botocore/1.12.33],0.00024114343,1.3862944,1.0,0.0,3.0
[aws-cli/1.16.33 Python/2.7.15+ Linux/4.18.0-kali2-amd64 botocore/1.12.23],0.00024114343,1.3862944,1.0,0.0,3.0
[aws-cli/1.11.87 Python/2.7.6 Linux/3.13.0-96-generic botocore/1.5.50],0.00024114343,1.3862944,1.0,0.0,3.0
[aws-cli/1.16.251 Python/3.6.6 Linux/4.17.0-kali1-686 botocore/1.12.241],0.00024114343,1.3862944,1.0,0.0,3.0
[aws-cli/2.0.46 Python/3.7.3 Linux/5.7.0-kali1-amd64 exe/x86_64.kali.2020 command/s3.ls],0.00024114343,1.3862944,1.0,0.0,3.0
[aws-cli/1.15.70 Python/2.7.15 Linux/4.15.0-kali3-amd64 botocore/1.10.69],0.00024114343,1.3862944,1.0,0.0,3.0
[AWSToolkitPackage.VS2015/67.6.49.120 .NET_Runtime/4.0 .NET_Framework/4.0 OS/Microsoft_Windows_NT_6.1.7601_Service_Pack_1 ClientSync AWSExplorerDescribeCall],0.00024114343,1.3862944,1.0,0.0,3.0
[aws-cli/1.15.68 Python/2.7.14+ Linux/4.15.0-kali2-amd64 botocore/1.10.67],0.00024114343,1.3862944,1.0,0.0,3.0
[aws-cli/2.0.7 Python/3.7.4 Darwin/18.7.0 botocore/2.0.0dev11],0.00024114343,1.3862944,1.0,0.0,3.0
[aws-cli/1.14.9 Python/2.7.10 Darwin/17.6.0 botocore/1.8.13],0.00024114343,1.3862944,1.0,0.0,3.0
[aws-cli/1.11.2 Python/2.7.10 Darwin/16.4.0 botocore/1.4.60],0.00024114343,1.3862944,1.0,0.0,3.0
[aws-cli/1.16.237 Python/3.6.8 Linux/5.0.21-1-pve botocore/1.12.227],0.00024114343,1.3862944,1.0,0.0,3.0
[aws-cli/1.16.238 Python/3.6.8 Linux/4.15.0-54-generic botocore/1.12.228],0.00024114343,1.3862944,1.0,0.0,3.0
aws-cli/2.0.42 Python/3.7.3 Linux/5.2.0-kali2-amd64 exe/x86_64.kali.2019 command/ec2.describe-snapshots,0.00024114343,1.3862944,1.0,0.0,3.0
[aws-cli/1.16.261 Python/3.6.0 Windows/10 botocore/1.12.251],0.00024114343,1.3862944,1.0,0.0,3.0
[aws-cli/2.0.8 Python/3.7.3 Linux/5.5.0-kali1-amd64 botocore/2.0.0dev12],0.00024114343,1.3862944,1.0,0.0,3.0
[aws-cli/1.16.252 Python/3.7.7 Darwin/18.7.0 botocore/1.14.3],0.00024114343,1.3862944,1.0,0.0,3.0
[aws-cli/1.16.198 Python/2.7.12 Linux/4.15.0-54-generic botocore/1.12.188],0.00024114343,1.3862944,1.0,0.0,3.0
[aws-cli/1.11.14 Python/2.7.11 Darwin/16.4.0 botocore/1.4.71],0.00024114343,1.3862944,1.0,0.0,3.0
[aws-cli/1.14.44 Python/3.6.9 Linux/4.15.0-1057-aws botocore/1.8.48],0.00024114343,1.3862944,1.0,0.0,3.0
[aws-cli/1.15.21 Python/2.7.10 Darwin/18.6.0 botocore/1.10.21],0.00024114343,1.3862944,1.0,0.0,3.0
[aws-cli/1.16.190 Python/2.7.16 Darwin/19.3.0 botocore/1.12.180],0.00024114343,1.3862944,1.0,0.0,3.0
[aws-cli/1.15.31 Python/2.7.13 Linux/4.9.0-4-amd64 botocore/1.10.31],0.00024114343,1.3862944,1.0,0.0,3.0
[aws-cli/1.14.10 Python/3.6.4 Darwin/16.7.0 botocore/1.8.14],0.00024114343,1.3862944,1.0,0.0,3.0
[aws-cli/1.14.7 Python/3.5.3 Linux/2.6.32-042stab123.9 botocore/1.8.11],0.00024114343,1.3862944,1.0,0.0,3.0
[aws-cli/1.16.181 Python/3.6.0 Windows/10 botocore/1.12.171],0.00024114343,1.3862944,1.0,0.0,3.0
[aws-cli/1.16.171 Python/3.7.3 Windows/10 botocore/1.12.161],0.00024114343,1.3862944,1.0,0.0,3.0
[aws-cli/1.11.114 Python/2.7.10 Darwin/16.6.0 botocore/1.5.77],0.00024114343,1.3862944,1.0,0.0,3.0
[aws-cli/1.11.56 Python/3.6.1 Linux/4.11.7-1-ARCH botocore/1.5.19],0.00024114343,1.3862944,1.0,0.0,3.0
[aws-cli/1.11.13 Python/3.5.2 Linux/4.11.2-349825-generic botocore/1.4.70],0.00024114343,1.3862944,1.0,0.0,3.0
[aws-cli/1.14.44 Python/3.6.7 Linux/4.15.0-29-generic botocore/1.8.48],0.00024114343,1.3862944,1.0,0.0,3.0
[aws-cli/1.18.97 Python/3.8.2 Linux/5.4.0-40-generic botocore/1.15.49],0.00024114343,1.3862944,1.0,0.0,3.0
[aws-cli/1.16.221 Python/3.7.3 Darwin/18.7.0 botocore/1.12.211],0.00024114343,1.3862944,1.0,0.0,3.0
[aws-cli/1.16.174 Python/2.7.15+ Linux/5.0.0-27-generic botocore/1.12.164],0.00024114343,1.3862944,1.0,0.0,3.0
[aws-cli/1.11.69 Python/2.7.9 Windows/8 botocore/1.5.32],0.00024114343,1.3862944,1.0,0.0,3.0
[aws-cli/1.18.3 Python/2.7.16 Darwin/19.4.0 botocore/1.15.3],0.00024114343,1.3862944,1.0,0.0,3.0
[Boto3/1.13.16 Python/3.7.6 Linux/5.4.0-kali3-amd64 Botocore/1.16.16],0.00024114343,1.3862944,1.0,0.0,3.0
[aws-cli/1.18.66 Python/2.7.17 Linux/5.4.0-kali3-amd64 botocore/1.16.16],0.00024114343,1.3862944,1.0,0.0,3.0
[aws-cli/1.18.21 Python/2.7.16 Darwin/19.4.0 botocore/1.15.21],0.00024114343,1.3862944,1.0,0.0,3.0
[aws-cli/2.0.16 Python/3.7.3 Linux/5.5.0-1parrot1-amd64 botocore/2.0.0dev20],0.00024114343,1.3862944,1.0,0.0,3.0
[aws-cli/1.16.42 Python/2.7.5 Linux/4.9.93-linuxkit-aufs botocore/1.12.32],0.00024114343,1.3862944,1.0,0.0,3.0
[aws-cli/1.16.9 Python/3.7.0 Windows/10 botocore/1.11.9],0.00024114343,1.3862944,1.0,0.0,3.0
[aws-cli/1.11.13 Python/3.5.2 Linux/4.4.0-97-generic botocore/1.4.70],0.00024114343,1.3862944,1.0,0.0,3.0
[aws-cli/1.11.154 Python/2.7.10 Darwin/16.7.0 botocore/1.7.12],0.00024114343,1.3862944,1.0,0.0,3.0
[aws-cli/1.11.36 Python/2.7.12 Linux/4.4.0-79-generic botocore/1.5.80],0.00024114343,1.3862944,1.0,0.0,3.0
[aws-cli/1.11.115 Python/2.7.9 Windows/8 botocore/1.5.78],0.00024114343,1.3862944,1.0,0.0,3.0
[aws-cli/1.17.14 Python/3.7.5 Linux/5.3.0-kali2-amd64 botocore/1.14.14],0.00024114343,1.3862944,1.0,0.0,3.0
[aws-cli/1.14.44 Python/3.6.9 Linux/4.4.0-039049-Microsoft botocore/1.14.6],0.00024114343,1.3862944,1.0,0.0,3.0
[aws-cli/1.16.305 Python/2.7.10 Darwin/18.7.0 botocore/1.13.41],0.00024114343,1.3862944,1.0,0.0,3.0
[aws-cli/1.16.304 Python/3.7.3 Linux/4.19.0-6-amd64 botocore/1.13.40],0.00024114343,1.3862944,1.0,0.0,3.0
[aws-cli/1.16.294 Python/3.6.0 Windows/10 botocore/1.13.30],0.00024114343,1.3862944,1.0,0.0,3.0
[aws-cli/1.16.87 Python/2.7.15 Darwin/18.2.0 botocore/1.12.77],0.00024114343,1.3862944,1.0,0.0,3.0
[aws-cli/1.16.96 Python/3.6.0 Windows/7 botocore/1.12.86],0.00024114343,1.3862944,1.0,0.0,3.0
[aws-cli/1.11.170 Python/2.7.10 Darwin/16.7.0 botocore/1.7.28],0.00024114343,1.3862944,1.0,0.0,3.0
[aws-cli/1.14.51 Python/2.7.16 Darwin/19.3.0 botocore/1.9.4],0.00024114343,1.3862944,1.0,0.0,3.0
[aws-cli/1.16.85 Python/3.7.1 Linux/4.14.77-81.59.amzn2.x86_64 botocore/1.12.75],0.00024114343,1.3862944,1.0,0.0,3.0
[aws-cli/1.16.70 Python/3.7.1 Darwin/17.7.0 botocore/1.12.60],0.00024114343,1.3862944,1.0,0.0,3.0
[aws-cli/1.14.39 Python/2.7.12 Darwin/18.0.0 botocore/1.8.43],0.00024114343,1.3862944,1.0,0.0,3.0
aws-cli/2.0.37 Python/3.7.4 Darwin/19.6.0 exe/x86_64 command/sts.get-caller-identity,0.00024114343,1.3862944,1.0,0.0,3.0
[aws-cli/1.11.24 Python/2.7.14 Linux/4.13.0-kali1-amd64 botocore/1.7.28],0.00024114343,1.3862944,1.0,0.0,3.0
[aws-cli/1.15.28 Python/2.7.15rc1 Linux/4.15.0-kali3-amd64 botocore/1.10.28],0.00024114343,1.3862944,1.0,0.0,3.0
[aws-cli/1.16.17 Python/3.6.0 Windows/10 botocore/1.12.7],0.00024114343,1.3862944,1.0,0.0,3.0
[aws-cli/1.15.67 Python/2.7.9 Windows/8 botocore/1.10.66],0.00024114343,1.3862944,1.0,0.0,3.0
[aws-cli/1.16.19 Python/3.6.4 Darwin/17.7.0 botocore/1.12.9],0.00024114343,1.3862944,1.0,0.0,3.0
[aws-cli/1.18.86 Python/3.8.2 Linux/5.5.0-kali1-amd64 botocore/1.17.9],0.00024114343,1.3862944,1.0,0.0,3.0
[aws-cli/1.11.97 Python/2.7.10 Darwin/16.6.0 botocore/1.5.60],0.00024114343,1.3862944,1.0,0.0,3.0
[aws-cli/1.16.43 Python/2.7.12 Linux/4.10.0-42-generic botocore/1.12.33],0.00024114343,1.3862944,1.0,0.0,3.0
[aws-cli/1.18.97 Python/2.7.18 Linux/4.4.0-76667-Microsoft botocore/1.17.20],0.00024114343,1.3862944,1.0,0.0,3.0
[aws-cli/2.0.19 Python/3.7.3 Linux/5.3.0-61-generic botocore/2.0.0dev23],0.00024114343,1.3862944,1.0,0.0,3.0
[aws-cli/1.16.224 Python/3.7.4 Darwin/18.7.0 botocore/1.12.214],0.00024114343,1.3862944,1.0,0.0,3.0
[aws-cli/1.18.38 Python/3.6.10 Linux/4.12.14-lp151.28.44-default botocore/1.15.38],0.00024114343,1.3862944,1.0,0.0,3.0
[aws-cli/1.16.41 Python/3.6.6 Linux/4.18.14-arch1-1-ARCH botocore/1.12.31],0.00024114343,1.3862944,1.0,0.0,3.0
[aws-cli/1.14.44 Python/3.6.6 Linux/4.15.0-36-generic botocore/1.8.48],0.00024114343,1.3862944,1.0,0.0,3.0
[aws-cli/1.11.97 Python/2.7.13 Darwin/16.5.0 botocore/1.5.60],0.00024114343,1.3862944,1.0,0.0,3.0
[aws-cli/1.16.202 Python/3.7.4 Linux/4.19.69-1-MANJARO botocore/1.12.192],0.00024114343,1.3862944,1.0,0.0,3.0
[aws-cli/1.14.32 Python/3.6.4 Linux/4.9.79-1-MANJARO botocore/1.8.36],0.00024114343,1.3862944,1.0,0.0,3.0
[aws-cli/1.11.38 Python/3.6.0 Darwin/18.2.0 botocore/1.5.1],0.00024114343,1.3862944,1.0,0.0,3.0
[aws-cli/1.16.81 Python/3.6.8 Linux/4.19.0-kali1-amd64 botocore/1.12.71],0.00024114343,1.3862944,1.0,0.0,3.0
[aws-cli/1.15.31 Python/2.7.12 Linux/4.4.0-127-generic botocore/1.10.31],0.00024114343,1.3862944,1.0,0.0,3.0
[aws-cli/1.11.38 Python/2.7.9 Windows/7 botocore/1.5.1],0.00024114343,1.3862944,1.0,0.0,3.0
[Boto3/1.4.0 Python/2.7.12 Darwin/16.6.0 Botocore/1.4.47],0.00024114343,1.3862944,1.0,0.0,3.0
aws-cli/2.0.42 Python/3.7.7 Windows/10 exe/AMD64 command/sts.get-caller-identity,0.00024114343,1.3862944,1.0,0.0,3.0
[aws-cli/1.16.96 Python/2.7.15 Windows/10 botocore/1.12.86],0.00024114343,1.3862944,1.0,0.0,3.0
[aws-cli/1.15.15 Python/3.6.5rc1 Linux/4.15.0-kali3-amd64 botocore/1.10.15],0.00024114343,1.3862944,1.0,0.0,3.0
[aws-cli/1.15.20 Python/3.6.5 Darwin/17.4.0 botocore/1.10.20],0.00024114343,1.3862944,1.0,0.0,3.0
[aws-cli/1.11.126 Python/2.7.12 Linux/4.4.0-1090-aws botocore/1.12.176],0.00024114343,1.3862944,1.0,0.0,3.0
[aws-cli/1.16.264 Python/3.7.6 Darwin/18.7.0 botocore/1.13.0],0.00024114343,1.3862944,1.0,0.0,3.0
[aws-cli/1.17.5 Python/3.6.9 Linux/4.4.0-039049-Microsoft botocore/1.14.9],0.00024114343,1.3862944,1.0,0.0,3.0
[aws-cli/1.11.168 Python/3.6.2 Linux/4.13.5-1-ARCH botocore/1.7.26],0.00024114343,1.3862944,1.0,0.0,3.0
aws-cli/2.0.50 Python/3.7.4 Darwin/19.6.0 exe/x86_64 command/sts.get-caller-identity,0.00024114343,1.3862944,1.0,0.0,3.0
aws-cli/2.0.51 Python/3.7.3 Linux/5.7.0-kali1-amd64 exe/x86_64.kali.2020 command/sts.get-caller-identity,0.00024114343,1.3862944,1.0,0.0,3.0
aws-cli/2.0.50 Python/3.7.3 Linux/5.5.0-kali2-amd64 exe/x86_64.kali.2020 command/sts.get-caller-identity,0.00024114343,1.3862944,1.0,0.0,3.0
[aws-cli/1.10.46 Python/2.7.6 Linux/3.19.0-77-generic botocore/1.7.16],0.00024114343,1.3862944,1.0,0.0,3.0
[aws-cli/1.11.169 Python/2.7.5 Linux/3.10.0-514.21.1.el7.x86_64 botocore/1.7.27],0.00024114343,1.3862944,1.0,0.0,3.0
aws-cli/2.0.49 Python/3.7.4 Darwin/19.6.0 exe/x86_64 command/sts.get-caller-identity,0.00024114343,1.3862944,1.0,0.0,3.0
[aws-cli/1.16.67 Python/2.7.12 Linux/4.4.0-170-generic botocore/1.12.57],0.00024114343,1.3862944,1.0,0.0,3.0
[aws-cli/1.16.309 Python/2.7.17 Linux/4.4.0-039049-Microsoft botocore/1.13.45],0.00024114343,1.3862944,1.0,0.0,3.0
[aws-cli/1.11.13 Python/3.5.3 Linux/4.4.0-039049-Microsoft botocore/1.4.70],0.00024114343,1.3862944,1.0,0.0,3.0
[aws-cli/1.18.86 Python/3.8.3rc1 Linux/5.6.0-kali1-amd64 botocore/1.17.16],0.00024114343,1.3862944,1.0,0.0,3.0
[aws-cli/1.18.69 Python/3.6.9 Linux/5.4.0-42-generic botocore/1.16.19],0.00024114343,1.3862944,1.0,0.0,3.0
[aws-cli/2.0.46 Python/3.7.7 Windows/10 exe/AMD64 command/s3.ls],0.00024114343,1.3862944,1.0,0.0,3.0
[aws-cli/1.15.81 Python/3.6.4 Darwin/17.7.0 botocore/1.10.80],0.00024114343,1.3862944,1.0,0.0,3.0
[aws-cli/1.16.184 Python/3.7.4 Linux/5.2.9-200.fc30.x86_64 botocore/1.12.174],0.00024114343,1.3862944,1.0,0.0,3.0
[aws-cli/1.16.225 Python/3.6.0 Windows/10 botocore/1.12.215],0.00024114343,1.3862944,1.0,0.0,3.0
[aws-cli/2.0.35 Python/3.8.5 Darwin/19.6.0 botocore/2.0.0dev39],0.00024114343,1.3862944,1.0,0.0,3.0
[aws-cli/1.16.303 Python/3.7.5 Linux/5.3.0-kali3-amd64 botocore/1.13.39],0.00024114343,1.3862944,1.0,0.0,3.0
[aws-cli/1.16.297 Python/3.7.6 Darwin/19.3.0 botocore/1.13.33],0.00024114343,1.3862944,1.0,0.0,3.0
[aws-cli/1.16.53 Python/2.7.14+ Linux/4.14.0-kali3-amd64 botocore/1.12.43],0.00024114343,1.3862944,1.0,0.0,3.0
[aws-cli/1.16.159 Python/2.7.15 Linux/4.20.15-200.fc29.x86_64 botocore/1.12.149],0.00024114343,1.3862944,1.0,0.0,3.0
[aws-cli/1.16.166 Python/3.6.0 Windows/10 botocore/1.12.156],0.00024114343,1.3862944,1.0,0.0,3.0
[Boto3/1.15.2 Python/2.7.16 Darwin/17.7.0 Botocore/1.18.2],0.00024114343,1.3862944,1.0,0.0,3.0
[aws-cli/1.18.142 Python/3.8.5 Darwin/19.4.0 botocore/1.18.1],0.00024114343,1.3862944,1.0,0.0,3.0
[aws-cli/1.15.60 Python/2.7.15 Darwin/17.7.0 botocore/1.10.59],0.00024114343,1.3862944,1.0,0.0,3.0
[aws-cli/1.11.13 Python/3.5.2 Linux/4.8.0-58-generic botocore/1.4.70],0.00024114343,1.3862944,1.0,0.0,3.0
[aws-cli/1.11.96 Python/2.7.10 Darwin/16.6.0 botocore/1.5.59],0.00024114343,1.3862944,1.0,0.0,3.0
[aws-cli/1.15.10 Python/3.6.5 Darwin/16.7.0 botocore/1.10.10],0.00024114343,1.3862944,1.0,0.0,3.0
[aws-cli/1.15.24 Python/2.7.9 Windows/8 botocore/1.10.24],0.00024114343,1.3862944,1.0,0.0,3.0
[aws-cli/1.17.1 Python/3.7.5 Linux/5.3.0-26-generic botocore/1.14.1],0.00024114343,1.3862944,1.0,0.0,3.0
[aws-cli/1.17.9 Python/3.6.0 Windows/2012ServerR2 botocore/1.14.9],0.00024114343,1.3862944,1.0,0.0,3.0
[aws-cli/1.16.314 Python/3.7.5 Darwin/18.7.0 botocore/1.13.50],0.00024114343,1.3862944,1.0,0.0,3.0
[aws-cli/1.14.46 Python/3.6.4 Linux/4.15.5-1-ARCH botocore/1.8.50],0.00024114343,1.3862944,1.0,0.0,3.0
[aws-cli/1.16.111 Python/3.7.4 Linux/5.2.18-200.fc30.x86_64 botocore/1.12.101],0.00024114343,1.3862944,1.0,0.0,3.0
[aws-cli/1.18.23 Python/3.7.6 Darwin/19.4.0 botocore/1.15.23],0.00024114343,1.3862944,1.0,0.0,3.0
[aws-cli/1.18.39 Python/3.6.9 Linux/4.4.0-039049-Microsoft botocore/1.12.253],0.00024114343,1.3862944,1.0,0.0,3.0
[aws-cli/2.0.17 Python/3.7.3 Linux/5.5.0-1parrot1-amd64 botocore/2.0.0dev21],0.00024114343,1.3862944,1.0,0.0,3.0
[aws-cli/1.16.41 Python/2.7.14+ Linux/4.14.0-kali3-686-pae botocore/1.12.31],0.00024114343,1.3862944,1.0,0.0,3.0
[aws-cli/1.11.35 Python/2.7.10 Darwin/16.3.0 botocore/1.4.92],0.00024114343,1.3862944,1.0,0.0,3.0
[aws-cli/1.11.68 Python/2.7.9 Windows/7 botocore/1.5.31],0.00024114343,1.3862944,1.0,0.0,3.0
[aws-cli/1.10.65 Python/2.7.12 Windows/10 botocore/1.4.55],0.00024114343,1.3862944,1.0,0.0,3.0
[aws-cli/1.11.102 Python/2.7.9 Windows/8 botocore/1.5.65],0.00024114343,1.3862944,1.0,0.0,3.0
[aws-cli/1.11.117 Python/2.7.13 Darwin/16.6.0 botocore/1.5.80],0.00024114343,1.3862944,1.0,0.0,3.0
[aws-cli/1.15.0 Python/3.6.5 Darwin/17.5.0 botocore/1.10.0],0.00024114343,1.3862944,1.0,0.0,3.0
[aws-cli/1.15.6 Python/2.7.14+ Linux/4.14.0-kali3-amd64 botocore/1.10.6],0.00024114343,1.3862944,1.0,0.0,3.0
[aws-cli/1.11.139 Python/3.5.4 Linux/4.11.0-kali1-686-pae botocore/1.8.28],0.00024114343,1.3862944,1.0,0.0,3.0
[aws-cli/1.15.19 Python/2.7.15rc1 Linux/4.15.0-kali3-amd64 botocore/1.10.19],0.00024114343,1.3862944,1.0,0.0,3.0
[aws-cli/1.14.44 Python/3.6.7 Linux/4.4.0-039049-Microsoft botocore/1.8.48],0.00024114343,1.3862944,1.0,0.0,3.0
[aws-cli/1.15.4 Python/2.7.14 Linux/4.13.0-kali1-amd64 botocore/1.10.4],0.00024114343,1.3862944,1.0,0.0,3.0
[aws-cli/1.12.2 Python/3.5.1 Darwin/15.6.0 botocore/1.8.2],0.00024114343,1.3862944,1.0,0.0,3.0
[aws-cli/1.16.280 Python/3.6.9 Linux/4.16.7-12879-generic botocore/1.14.9],0.00024114343,1.3862944,1.0,0.0,3.0
[aws-cli/1.11.139 Python/3.5.4 Linux/4.12.0-kali1-amd64 botocore/1.6.6],0.00024114343,1.3862944,1.0,0.0,3.0
[aws-cli/1.16.21 Python/3.7.0 Darwin/18.0.0 botocore/1.12.11],0.00024114343,1.3862944,1.0,0.0,3.0
[aws-cli/1.18.46 Python/3.7.7 Linux/5.4.0-kali4-amd64 botocore/1.15.46],0.00024114343,1.3862944,1.0,0.0,3.0
[aws-cli/2.0.24 Python/3.7.4 Darwin/18.7.0 botocore/2.0.0dev28],0.00024114343,1.3862944,1.0,0.0,3.0
[aws-cli/1.16.32 Python/3.6.0 Windows/10 botocore/1.12.22],0.00024114343,1.3862944,1.0,0.0,3.0
[aws-cli/1.11.29 Python/2.7.12 Linux/4.4.19-29.55.amzn1.x86_64 botocore/1.4.86],0.00024114343,1.3862944,1.0,0.0,3.0
[aws-cli/1.11.104 Python/3.5.2 Linux/3.4.0+ botocore/1.5.67],0.00024114343,1.3862944,1.0,0.0,3.0
Boto3/1.15.13 Python/3.8.5 Darwin/19.6.0 Botocore/1.18.13,0.00024114343,1.3862944,1.0,0.0,3.0
[aws-cli/1.14.53 Python/2.7.14 Linux/4.13.0-kali1-amd64 botocore/1.9.6],0.00024114343,1.3862944,1.0,0.0,3.0
[aws-cli/1.11.103 Python/2.7.13 Darwin/16.7.0 botocore/1.5.66],0.00024114343,1.3862944,1.0,0.0,3.0
[aws-cli/1.11.44 Python/3.5.3+ Linux/4.9.0-kali4-amd64 botocore/1.5.75],0.00024114343,1.3862944,1.0,0.0,3.0
[aws-cli/1.14.50 Python/3.6.4 Darwin/17.4.0 botocore/1.9.3],0.00024114343,1.3862944,1.0,0.0,3.0
[aws-cli/1.16.311 Python/2.7.16 Linux/4.14.138-89.102.amzn1.x86_64 botocore/1.14.2],0.00024114343,1.3862944,1.0,0.0,3.0
[aws-cli/1.11.133 Python/3.6.4 Linux/4.15.7-300.fc27.x86_64 botocore/1.6.0],0.00024114343,1.3862944,1.0,0.0,3.0
Boto3/1.14.46 Python/3.8.5 Linux/5.7.0-kali1-amd64 Botocore/1.17.46,0.00024114343,1.3862944,1.0,0.0,3.0
[aws-cli/1.11.129 Python/2.7.13 CYGWIN_NT-10.0/2.8.0(0.309/5/3) botocore/1.6.2],0.00024114343,1.3862944,1.0,0.0,3.0
[aws-cli/1.11.133 Python/2.7.12 Linux/4.4.0-83-generic botocore/1.6.0],0.00024114343,1.3862944,1.0,0.0,3.0
[aws-cli/1.14.53 Python/2.7.9 Windows/8 botocore/1.9.6],0.00024114343,1.3862944,1.0,0.0,3.0
aws-sdk-ruby3/3.30.0 ruby/2.5.1 x86_64-linux-gnu aws-sdk-elasticsearchservice/1.5.0,0.00024114343,1.3862944,1.0,0.0,3.0
[aws-cli/1.15.14 Python/2.7.9 Windows/8 botocore/1.10.14],0.00024114343,1.3862944,1.0,0.0,3.0
[aws-cli/1.15.10 Python/2.7.14+ Linux/4.14.0-kali3-amd64 botocore/1.10.10],0.00024114343,1.3862944,1.0,0.0,3.0
[aws-cli/1.14.44 Python/3.6.4+ Linux/4.14.0-kali3-amd64 botocore/1.8.48],0.00024114343,1.3862944,1.0,0.0,3.0
[aws-cli/2.0.0dev3 Python/3.7.3 Linux/4.10.0-38-generic botocore/2.0.0dev2],0.00024114343,1.3862944,1.0,0.0,3.0
[aws-cli/1.11.87 Python/3.5.0 Darwin/16.5.0 botocore/1.5.50],0.00024114343,1.3862944,1.0,0.0,3.0
[aws-cli/1.11.82 Python/2.7.9 Linux/3.16.0-4-amd64 botocore/1.5.49],0.00024114343,1.3862944,1.0,0.0,3.0
[aws-cli/1.11.64 Python/2.7.13 Linux/4.7.0-kali1-amd64 botocore/1.5.27],0.00024114343,1.3862944,1.0,0.0,3.0
[aws-cli/1.16.254 Python/3.6.8 Linux/5.0.0-31-generic botocore/1.12.244],0.00024114343,1.3862944,1.0,0.0,3.0
[aws-cli/1.14.44 Python/3.6.6 Linux/4.4.0-53329-Microsoft botocore/1.8.48],0.00024114343,1.3862944,1.0,0.0,3.0
[aws-cli/2.0.5 Python/3.7.3 Linux/4.18.0-147.8.1.el8_1.x86_64 botocore/2.0.0dev9],0.00024114343,1.3862944,1.0,0.0,3.0
[aws-cli/1.18.69 Python/2.7.18rc1 Linux/5.4.0-4parrot1-amd64 botocore/1.16.19],0.00024114343,1.3862944,1.0,0.0,3.0
[aws-cli/1.15.40 Python/2.7.10 Darwin/18.7.0 botocore/1.10.40],0.00024114343,1.3862944,1.0,0.0,3.0
[aws-cli/1.16.238 Python/3.7.4 Darwin/18.7.0 botocore/1.12.228],0.00024114343,1.3862944,1.0,0.0,3.0
[aws-cli/1.16.240 Python/3.7.4 Darwin/19.0.0 botocore/1.12.230],0.00024114343,1.3862944,1.0,0.0,3.0
[aws-cli/1.16.261 Python/3.7.4 Darwin/18.7.0 botocore/1.12.251],0.00024114343,1.3862944,1.0,0.0,3.0
[aws-cli/1.16.278 Python/3.7.5 Darwin/18.6.0 botocore/1.13.14],0.00024114343,1.3862944,1.0,0.0,3.0
[aws-cli/1.17.2 Python/3.6.0 Windows/10 botocore/1.14.2],0.00024114343,1.3862944,1.0,0.0,3.0
[aws-cli/1.17.3 Python/3.8.1 Windows/10 botocore/1.14.3],0.00024114343,1.3862944,1.0,0.0,3.0
[aws-cli/1.11.129 Python/2.7.13 CYGWIN_NT-10.0/2.8.0(0.309/5/3) botocore/1.5.92],0.00024114343,1.3862944,1.0,0.0,3.0
[aws-cli/1.15.4 Python/2.7.14+ Linux/4.14.0-kali1-amd64 botocore/1.10.4],0.00024114343,1.3862944,1.0,0.0,3.0
[aws-cli/1.14.8 Python/2.7.10 Darwin/16.7.0 botocore/1.10.0],0.00024114343,1.3862944,1.0,0.0,3.0
[aws-cli/1.11.45 Python/3.5.2 Darwin/15.6.0 botocore/1.5.11],0.00022988497,2.0794415,1.0,0.0,7.0
[aws-cli/1.14.44 Python/3.6.6 Linux/4.15.0-38-generic botocore/1.8.48],0.00022988497,2.0794415,1.0,0.0,7.0
[aws-cli/1.16.58 Python/2.7.15+ Linux/4.18.0-kali2-amd64 botocore/1.12.48],0.00022988497,2.0794415,1.0,0.0,7.0
[aws-cli/1.16.73 Python/2.7.15 Darwin/18.2.0 botocore/1.12.63],0.00022988497,2.0794415,1.0,0.0,7.0
[aws-cli/1.18.5 Python/3.7.0 Windows/10 botocore/1.15.5],0.00022988497,2.0794415,1.0,0.0,7.0
[aws-cli/1.16.300 Python/2.7.16 Linux/4.14.177-139.254.amzn2.x86_64 botocore/1.13.36],0.00022988497,2.0794415,1.0,0.0,7.0
[aws-cli/1.16.266 Python/3.7.4 Darwin/19.2.0 botocore/1.13.2],0.00022988497,2.0794415,1.0,0.0,7.0
[aws-cli/2.0.28 Python/3.7.3 Linux/5.6.0-kali2-amd64 botocore/2.0.0dev32],0.00022988497,2.0794415,1.0,0.0,7.0
[aws-cli/1.18.9 Python/3.7.1 Darwin/19.3.0 botocore/1.15.9],0.00022988497,2.0794415,1.0,0.0,7.0
[aws-cli/1.16.124 Python/3.6.0 Windows/10 botocore/1.12.114],0.00022988497,2.0794415,1.0,0.0,7.0
[aws-cli/1.16.299 Python/3.7.5 Darwin/18.7.0 botocore/1.13.44],0.00022988497,2.0794415,1.0,0.0,7.0
[aws-cli/1.16.263 Python/3.6.0 Windows/10 botocore/1.12.253],0.00022988497,2.0794415,1.0,0.0,7.0
[aws-cli/1.16.283 Python/3.7.1 Darwin/19.0.0 botocore/1.13.19],0.00022988497,2.0794415,1.0,0.0,7.0
[aws-cli/1.14.44 Python/3.6.9 Linux/4.4.0-039049-Microsoft botocore/1.8.48],0.00022988497,2.0794415,1.0,0.0,7.0
[aws-cli/1.16.263 Python/3.7.5 Linux/5.3.0-kali1-amd64 botocore/1.12.253],0.00022988497,2.0794415,1.0,0.0,7.0
[aws-cli/1.17.9 Python/3.6.0 Windows/10 botocore/1.14.9],0.00022988497,2.0794415,1.0,0.0,7.0
[aws-cli/1.11.141 Python/2.7.12 Linux/4.4.0-87-generic botocore/1.6.8],0.00022988497,2.0794415,1.0,0.0,7.0
[aws-cli/1.17.5 Python/2.7.15 Darwin/18.7.0 botocore/1.14.5],0.00022988497,2.0794415,1.0,0.0,7.0
[aws-cli/2.0.15 Python/3.7.4 Darwin/19.5.0 botocore/2.0.0dev19],0.00022988497,2.0794415,1.0,0.0,7.0
[aws-cli/1.18.69 Python/3.8.3 Linux/5.6.0-kali2-amd64 botocore/1.16.19],0.00022988497,2.0794415,1.0,0.0,7.0
[aws-cli/1.18.87 Python/3.8.2 Darwin/19.5.0 botocore/1.17.10],0.00022988497,2.0794415,1.0,0.0,7.0
[aws-cli/1.11.63 Python/3.6.0 Linux/4.10.3-1-ARCH botocore/1.5.26],0.00022988497,2.0794415,1.0,0.0,7.0
[aws-cli/1.18.5 Python/3.7.4 Darwin/19.3.0 botocore/1.15.5],0.00022988497,2.0794415,1.0,0.0,7.0
[aws-cli/1.16.280 Python/3.7.5 Linux/4.19.0-kali4-amd64 botocore/1.13.17],0.00022988497,2.0794415,1.0,0.0,7.0
[aws-cli/1.16.300 Python/2.7.16 Linux/4.14.165-131.185.amzn2.x86_64 botocore/1.13.36],0.00022988497,2.0794415,1.0,0.0,7.0
[aws-cli/1.14.44 Python/3.6.8 Linux/4.15.0-1051-aws botocore/1.8.48],0.00022988497,2.0794415,1.0,0.0,7.0
[aws-cli/1.16.230 Python/3.7.4 Darwin/18.6.0 botocore/1.12.220],0.00022988497,2.0794415,1.0,0.0,7.0
[aws-cli/1.11.51 Python/3.5.2 Darwin/16.4.0 botocore/1.5.14],0.00022988497,2.0794415,1.0,0.0,7.0
[aws-cli/1.15.80 Python/2.7.14 Linux/4.14.70-72.55.amzn2.x86_64 botocore/1.10.79],0.00022988497,2.0794415,1.0,0.0,7.0
[aws-cli/1.16.260 Python/3.7.4 Darwin/18.7.0 botocore/1.12.250],0.00022988497,2.0794415,1.0,0.0,7.0
[aws-cli/1.16.28 Python/3.6.0 Windows/10 botocore/1.12.18],0.00022988497,2.0794415,1.0,0.0,7.0
[aws-cli/1.16.15 Python/2.7.16 Darwin/19.4.0 botocore/1.12.5],0.00022988497,2.0794415,1.0,0.0,7.0
[aws-cli/2.0.37 Python/3.7.4 Darwin/17.7.0 exe/x86_64 command/s3.ls],0.00022988497,2.0794415,1.0,0.0,7.0
[aws-cli/1.11.13 Python/3.5.2 Linux/4.4.0-134-generic botocore/1.4.70],0.00022988497,2.0794415,1.0,0.0,7.0
[aws-cli/1.16.183 Python/2.7.15+ Linux/4.18.0-22-generic botocore/1.12.173],0.00022988497,2.0794415,1.0,0.0,7.0
[aws-cli/1.16.102 Python/2.7.16 Linux/4.14.138-89.102.amzn1.x86_64 botocore/1.12.92],0.00022988497,2.0794415,1.0,0.0,7.0
[aws-cli/1.11.86 Python/2.7.10 Darwin/16.7.0 botocore/1.8.22],0.00022988497,2.0794415,1.0,0.0,7.0
[aws-cli/1.14.32 Python/2.7.14 Darwin/17.3.0 botocore/1.8.36],0.00022988497,2.0794415,1.0,0.0,7.0
[aws-cli/1.11.190 Python/2.7.12 Linux/2.6.32-042stab108.8 botocore/1.7.48],0.00022988497,2.0794415,1.0,0.0,7.0
[aws-cli/1.11.13 Python/3.5.2 Linux/4.13.0-26-generic botocore/1.4.70],0.00022988497,2.0794415,1.0,0.0,7.0
[aws-cli/1.14.44 Python/3.6.8 Linux/4.4.0-01985-Microsoft botocore/1.8.48],0.00022988497,2.0794415,1.0,0.0,7.0
[aws-cli/1.16.198 Python/3.6.0 Windows/10 botocore/1.12.188],0.00022988497,2.0794415,1.0,0.0,7.0
[aws-cli/1.11.151 Python/2.7.6 Linux/3.13.0-128-generic botocore/1.7.9],0.00022988497,2.0794415,1.0,0.0,7.0
[PostmanRuntime/7.1.5],0.00022988497,2.0794415,1.0,0.0,7.0
[aws-cli/1.16.194 Python/3.6.0 Windows/10 botocore/1.12.184],0.00022988497,2.0794415,1.0,0.0,7.0
aws-cli/2.0.44 Python/3.7.4 Darwin/19.5.0 exe/x86_64 command/sts.get-caller-identity,0.00022988497,2.0794415,1.0,0.0,7.0
[aws-cli/1.16.102 Python/2.7.16 Linux/4.14.123-111.109.amzn2.x86_64 botocore/1.12.92],0.00022988497,2.0794415,1.0,0.0,7.0
[aws-cli/1.11.166 Python/3.6.2 Darwin/16.7.0 botocore/1.7.24],0.00022988497,2.0794415,1.0,0.0,7.0
[aws-cli/1.11.13 Python/3.5.2 Linux/4.4.0-43-Microsoft botocore/1.4.70],0.00022988497,2.0794415,1.0,0.0,7.0
[aws-cli/1.17.0 Python/3.8.1 Darwin/19.2.0 botocore/1.14.0],0.00022988497,2.0794415,1.0,0.0,7.0
[aws-cli/2.0.0dev3 Python/3.7.3 Linux/5.3.0-kali3-amd64 botocore/2.0.0dev2],0.00022988497,2.0794415,1.0,0.0,7.0
[aws-cli/1.11.13 Python/3.5.3 Linux/4.4.0-43-Microsoft botocore/1.4.70],8.079891e-05,1.0986123,1.0,0.0,2.0
[aws-cli/1.7.11 Python/2.7.14 Linux/4.13.0-24-generic],8.079891e-05,1.0986123,1.0,0.0,2.0
[aws-cli/1.11.122 Python/2.7.10 Darwin/16.6.0 botocore/1.5.85],8.079891e-05,1.0986123,1.0,0.0,2.0
[aws-cli/1.11.94 Python/2.7.10 Darwin/16.6.0 botocore/1.5.57],8.079891e-05,1.0986123,1.0,0.0,2.0
[aws-cli/1.11.119 Python/2.7.8 Linux/4.4.20-0.1.fm.237.49.326.metal1.x86_64 botocore/1.5.82],8.079891e-05,1.0986123,1.0,0.0,2.0
[aws-cli/1.11.132 Python/2.7.12 Darwin/16.5.0 botocore/1.5.95],8.079891e-05,1.0986123,1.0,0.0,2.0
[aws-cli/1.10.60 Python/2.7.13 Darwin/16.7.0 botocore/1.4.50],8.079891e-05,1.0986123,1.0,0.0,2.0
aws-sdk-go/2.0.0-preview.5 (go1.11; darwin; amd64),8.079891e-05,1.0986123,1.0,0.0,2.0
[aws-cli/1.16.106 Python/3.6.0 Windows/7 botocore/1.12.96],8.079891e-05,1.0986123,1.0,0.0,2.0
[aws-cli/1.16.106 Python/3.6.8 Windows/10 botocore/1.12.96],8.079891e-05,1.0986123,1.0,0.0,2.0
[aws-cli/1.16.105 Python/3.6.0 Windows/10 botocore/1.12.95],8.079891e-05,1.0986123,1.0,0.0,2.0
[aws-cli/1.16.114 Python/2.7.15 Darwin/18.2.0 botocore/1.12.104],8.079891e-05,1.0986123,1.0,0.0,2.0
[aws-cli/1.16.113 Python/2.7.15+ Linux/4.19.0-kali3-amd64 botocore/1.12.103],8.079891e-05,1.0986123,1.0,0.0,2.0
[aws-cli/1.15.83 Python/2.7.15 Linux/4.14.77-70.59.amzn1.x86_64 botocore/1.10.82],8.079891e-05,1.0986123,1.0,0.0,2.0
[aws-cli/1.16.58 Python/3.6.7 Linux/4.18.0-kali2-amd64 botocore/1.12.48],8.079891e-05,1.0986123,1.0,0.0,2.0
[aws-cli/1.16.104 Python/2.7.15+ Linux/4.18.0-kali2-amd64 botocore/1.12.94],8.079891e-05,1.0986123,1.0,0.0,2.0
[aws-cli/1.16.106 Python/2.7.15+ Linux/4.20.12-14517-generic botocore/1.12.96],8.079891e-05,1.0986123,1.0,0.0,2.0
[aws-cli/1.16.41 Python/3.6.6 Linux/4.15.0-45-generic botocore/1.12.31],8.079891e-05,1.0986123,1.0,0.0,2.0
[aws-cli/1.16.65 Python/3.5.2 Linux/4.4.0-116-generic botocore/1.12.55],8.079891e-05,1.0986123,1.0,0.0,2.0
[aws-cli/1.16.111 Python/2.7.15rc1 Linux/4.15.0-43-generic botocore/1.12.101],8.079891e-05,1.0986123,1.0,0.0,2.0
[aws-cli/1.17.5 Python/3.6.9 Linux/4.4.0-356839-Microsoft botocore/1.14.5],8.079891e-05,1.0986123,1.0,0.0,2.0
[aws-cli/1.17.7 Python/2.7.17 Linux/5.3.0-kali2-amd64 botocore/1.14.7],8.079891e-05,1.0986123,1.0,0.0,2.0
[aws-cli/1.17.1 Python/3.6.0 Windows/10 botocore/1.14.1],8.079891e-05,1.0986123,1.0,0.0,2.0
[aws-cli/1.16.301 Python/3.7.5 Linux/4.4.0-01985-Microsoft botocore/1.13.37],8.079891e-05,1.0986123,1.0,0.0,2.0
[aws-cli/1.17.5 Python/3.7.5 Linux/5.3.0-kali2-amd64 botocore/1.14.5],8.079891e-05,1.0986123,1.0,0.0,2.0
[aws-cli/1.11.83 Python/2.7.12 Linux/4.4.41-36.55.amzn1.x86_64 botocore/1.5.46],8.079891e-05,1.0986123,1.0,0.0,2.0
[aws-cli/1.11.68 Python/2.7.10 Darwin/16.5.0 botocore/1.5.31],8.079891e-05,1.0986123,1.0,0.0,2.0
[aws-cli/1.11.56 Python/3.6.1 Linux/4.10.13-1-ARCH botocore/1.5.19],8.079891e-05,1.0986123,1.0,0.0,2.0
[aws-cli/1.7.46 Python/2.7.13 Darwin/16.5.0],8.079891e-05,1.0986123,1.0,0.0,2.0
[aws-cli/1.14.44 Python/3.6.9 Linux/4.18.0-16-lowlatency botocore/1.8.48],8.079891e-05,1.0986123,1.0,0.0,2.0
[aws-cli/1.16.310 Python/3.6.0 Windows/10 botocore/1.13.46],8.079891e-05,1.0986123,1.0,0.0,2.0
[aws-cli/1.16.301 Python/3.7.5 Linux/5.3.0-kali3-amd64 botocore/1.13.37],8.079891e-05,1.0986123,1.0,0.0,2.0
[aws-cli/1.11.13 Python/3.5.2 Linux/4.10.0-38-generic botocore/1.4.70],8.079891e-05,1.0986123,1.0,0.0,2.0
[aws-cli/1.16.24 Python/2.7.10 Darwin/17.7.0 botocore/1.12.14],8.079891e-05,1.0986123,1.0,0.0,2.0
[aws-cli/1.2.9 Python/3.4.3 Linux/4.4.0-31-generic],8.079891e-05,1.0986123,1.0,0.0,2.0
[aws-cli/1.15.4 Python/2.7.10 Darwin/18.0.0 botocore/1.10.4],8.079891e-05,1.0986123,1.0,0.0,2.0
[aws-cli/1.16.106 Python/2.7.15+ Linux/4.18.0-14-generic botocore/1.12.96],8.079891e-05,1.0986123,1.0,0.0,2.0
[aws-cli/1.14.63 Python/2.7.15rc1 Linux/4.15.0-45-generic botocore/1.9.16],8.079891e-05,1.0986123,1.0,0.0,2.0
[aws-cli/1.16.106 Python/2.7.15+ Linux/4.18.0-kali2-amd64 botocore/1.12.96],8.079891e-05,1.0986123,1.0,0.0,2.0
[aws-cli/1.16.81 Python/3.7.2 Windows/7 botocore/1.12.71],8.079891e-05,1.0986123,1.0,0.0,2.0
[aws-cli/1.11.88 Python/2.7.9 Windows/8 botocore/1.5.51],8.079891e-05,1.0986123,1.0,0.0,2.0
[aws-cli/1.15.71 Python/3.7.2 Linux/4.20.13-200.fc29.x86_64 botocore/1.10.41],8.079891e-05,1.0986123,1.0,0.0,2.0
[aws-cli/1.16.29 Python/2.7.13 Darwin/18.2.0 botocore/1.12.19],8.079891e-05,1.0986123,1.0,0.0,2.0
[aws-cli/1.16.81 Python/3.7.0 Windows/10 botocore/1.12.71],8.079891e-05,1.0986123,1.0,0.0,2.0
[aws-cli/1.16.309 Python/3.7.5 Darwin/18.7.0 botocore/1.13.45],8.079891e-05,1.0986123,1.0,0.0,2.0
[aws-cli/1.14.44 Python/3.6.9 Linux/5.3.0-28-generic botocore/1.13.34],8.079891e-05,1.0986123,1.0,0.0,2.0
[aws-cli/1.17.9 Python/3.7.6 Linux/5.4.0-kali3-amd64 botocore/1.14.9],8.079891e-05,1.0986123,1.0,0.0,2.0
[aws-cli/1.14.44 Python/3.6.8 Linux/4.15.0-1057-aws botocore/1.8.48],8.079891e-05,1.0986123,1.0,0.0,2.0
[aws-cli/1.16.286 Python/3.6.8 Linux/4.4.0-039049-Microsoft botocore/1.13.22],8.079891e-05,1.0986123,1.0,0.0,2.0
[aws-cli/1.16.301 Python/3.7.5rc1 Linux/5.2.0-kali3-amd64 botocore/1.13.37],8.079891e-05,1.0986123,1.0,0.0,2.0
[aws-cli/1.14.44 Python/3.6.9 Linux/5.3.0-26-generic botocore/1.8.48],8.079891e-05,1.0986123,1.0,0.0,2.0
[aws-cli/1.16.314 Python/2.7.17 Linux/5.3.0-kali2-amd64 botocore/1.13.50],8.079891e-05,1.0986123,1.0,0.0,2.0
[aws-cli/1.17.7 Python/3.6.9 Linux/4.15.0-66-generic botocore/1.14.7],8.079891e-05,1.0986123,1.0,0.0,2.0
[aws-cli/2.0.0 Python/3.7.3 Linux/5.3.0-26-generic botocore/2.0.0dev4],8.079891e-05,1.0986123,1.0,0.0,2.0
[aws-cli/1.15.71 Python/3.5.2 Linux/4.15.0-45-generic botocore/1.10.70],8.079891e-05,1.0986123,1.0,0.0,2.0
[aws-cli/1.16.99 Python/3.6.0 Windows/7 botocore/1.12.89],8.079891e-05,1.0986123,1.0,0.0,2.0
[aws-cli/1.16.101 Python/2.7.10 Darwin/17.7.0 botocore/1.12.91],8.079891e-05,1.0986123,1.0,0.0,2.0
[aws-cli/1.16.102 Python/3.5.3 Linux/4.9.0-8-amd64 botocore/1.12.92],8.079891e-05,1.0986123,1.0,0.0,2.0
[Boto3/1.7.48 Python/3.6.2 Darwin/17.7.0 Botocore/1.10.48],8.079891e-05,1.0986123,1.0,0.0,2.0
[aws-cli/1.16.110 Python/2.7.15rc1 Linux/4.9.184-linuxkit botocore/1.12.100],8.079891e-05,1.0986123,1.0,0.0,2.0
[aws-cli/1.16.309 Python/3.7.4 Darwin/18.7.0 botocore/1.13.45],8.079891e-05,1.0986123,1.0,0.0,2.0
[aws-cli/1.16.258 Python/2.7.10 Darwin/18.5.0 botocore/1.12.248],8.079891e-05,1.0986123,1.0,0.0,2.0
[aws-cli/1.14.9 Python/2.7.15 Darwin/18.0.0 botocore/1.12.97],8.079891e-05,1.0986123,1.0,0.0,2.0
[aws-cli/1.16.75 Python/3.6.7 Linux/4.18.0-16-generic botocore/1.12.65],8.079891e-05,1.0986123,1.0,0.0,2.0
[aws-cli/2.0.0 Python/3.8.1 Darwin/18.7.0 botocore/2.0.0dev4],8.079891e-05,1.0986123,1.0,0.0,2.0
[aws-cli/1.17.17 Python/3.7.5 Linux/5.3.0-kali2-amd64 botocore/1.14.17],8.079891e-05,1.0986123,1.0,0.0,2.0
[aws-cli/2.0.0 Python/3.8.1 Darwin/19.2.0 botocore/2.0.0dev4],8.079891e-05,1.0986123,1.0,0.0,2.0
[aws-cli/1.15.45 Python/2.7.14 Darwin/18.2.0 botocore/1.10.45],8.079891e-05,1.0986123,1.0,0.0,2.0
[aws-cli/1.11.13 Python/3.5.2 Linux/4.4.0-127-generic botocore/1.4.70],8.079891e-05,1.0986123,1.0,0.0,2.0
[aws-cli/1.16.99 Python/2.7.15rc1 Linux/4.9.93-boot2docker botocore/1.12.89],8.079891e-05,1.0986123,1.0,0.0,2.0
[aws-cli/1.16.96 Python/2.7.10 Darwin/18.2.0 botocore/1.12.86],8.079891e-05,1.0986123,1.0,0.0,2.0
[aws-cli/1.14.44 Python/3.6.7 Linux/4.15.0-44-generic botocore/1.8.48],8.079891e-05,1.0986123,1.0,0.0,2.0
[aws-cli/1.16.121 Python/3.7.2 Darwin/17.7.0 botocore/1.12.111],8.079891e-05,1.0986123,1.0,0.0,2.0
[aws-cli/1.16.81 Python/3.7.2+ Linux/4.19.0-kali1-amd64 botocore/1.12.71],8.079891e-05,1.0986123,1.0,0.0,2.0
[aws-cli/1.16.263 Python/3.7.5 Linux/5.3.16-300.fc31.x86_64 botocore/1.12.253],8.079891e-05,1.0986123,1.0,0.0,2.0
[aws-cli/1.16.310 Python/3.7.5rc1 Linux/5.2.0-kali2-amd64 botocore/1.13.46],8.079891e-05,1.0986123,1.0,0.0,2.0
[aws-cli/1.16.256 Python/2.7.16 Linux/4.19.0-6-amd64 botocore/1.12.246],8.079891e-05,1.0986123,1.0,0.0,2.0
[aws-cli/1.16.309 Python/2.7.16 Windows/10 botocore/1.13.45],8.079891e-05,1.0986123,1.0,0.0,2.0
[aws-cli/1.16.95 Python/3.6.0 Windows/7 botocore/1.12.85],8.079891e-05,1.0986123,1.0,0.0,2.0
[aws-cli/1.17.11 Python/3.8.1 Linux/5.5.2-zen2-2-zen botocore/1.14.11],8.079891e-05,1.0986123,1.0,0.0,2.0
[aws-cli/1.17.14 Python/3.7.6 Linux/5.4.0-3parrot1-amd64 botocore/1.14.14],8.079891e-05,1.0986123,1.0,0.0,2.0
[aws-cli/1.16.260 Python/3.7.5 Darwin/17.7.0 botocore/1.12.250],8.079891e-05,1.0986123,1.0,0.0,2.0
[aws-cli/1.16.81 Python/2.7.15 Darwin/18.2.0 botocore/1.12.71],8.079891e-05,1.0986123,1.0,0.0,2.0
[aws-cli/1.16.91 Python/3.7.0 Darwin/18.0.0 botocore/1.12.81],8.079891e-05,1.0986123,1.0,0.0,2.0
[aws-cli/1.14.58 Python/3.6.3 Windows/10 botocore/1.9.11],8.079891e-05,1.0986123,1.0,0.0,2.0
[aws-cli/1.15.66 Python/3.7.2 Darwin/18.2.0 botocore/1.10.65],8.079891e-05,1.0986123,1.0,0.0,2.0
[aws-cli/1.17.16 Python/2.7.17 Linux/5.3.0-kali2-amd64 botocore/1.14.16],8.079891e-05,1.0986123,1.0,0.0,2.0
[aws-cli/1.16.306 Python/3.8.0 Windows/10 botocore/1.13.44],8.079891e-05,1.0986123,1.0,0.0,2.0
[aws-cli/1.16.309 Python/2.7.17 Darwin/19.2.0 botocore/1.13.45],8.079891e-05,1.0986123,1.0,0.0,2.0
[aws-cli/1.16.266 Python/3.7.3rc1 Darwin/19.0.0 botocore/1.13.2],8.079891e-05,1.0986123,1.0,0.0,2.0
[aws-cli/1.16.308 Python/3.8.1 Windows/10 botocore/1.13.44],8.079891e-05,1.0986123,1.0,0.0,2.0
[Boto3/1.7.4 Python/3.7.2+ Linux/4.4.0-01985-Microsoft Botocore/1.12.110 Resource],8.079891e-05,1.0986123,1.0,0.0,2.0
[Boto3/1.7.4 Python/3.7.2+ Linux/4.4.0-01985-Microsoft Botocore/1.12.110],8.079891e-05,1.0986123,1.0,0.0,2.0
[aws-cli/1.18.0 Python/3.8.1 Darwin/19.3.0 botocore/1.15.0],8.079891e-05,1.0986123,1.0,0.0,2.0
[aws-cli/1.14.11 Python/3.6.7 Linux/4.15.0-43-generic botocore/1.8.15],8.079891e-05,1.0986123,1.0,0.0,2.0
[aws-cli/1.14.50 Python/2.7.12 Linux/4.15.0-43-generic botocore/1.9.3],8.079891e-05,1.0986123,1.0,0.0,2.0
[aws-cli/1.16.33 Python/2.7.15+ Linux/4.18.0-13-generic botocore/1.12.23],8.079891e-05,1.0986123,1.0,0.0,2.0
[aws-cli/1.16.80 Python/3.7.2 Darwin/18.2.0 botocore/1.12.70],8.079891e-05,1.0986123,1.0,0.0,2.0
[aws-cli/1.16.94 Python/2.7.13 Linux/4.9.0-kali4-amd64 botocore/1.12.84],8.079891e-05,1.0986123,1.0,0.0,2.0
[aws-cli/1.16.125 Python/3.6.7 Linux/4.18.0-16-generic botocore/1.12.115],8.079891e-05,1.0986123,1.0,0.0,2.0
[aws-cli/1.16.124 Python/3.7.2+ Linux/4.19.0-kali1-amd64 botocore/1.12.114],8.079891e-05,1.0986123,1.0,0.0,2.0
[aws-cli/1.16.121 Python/2.7.3 Darwin/16.7.0 botocore/1.12.111],8.079891e-05,1.0986123,1.0,0.0,2.0
[aws-cli/1.14.44 Python/3.6.7 Linux/4.18.0-16-generic botocore/1.8.48],8.079891e-05,1.0986123,1.0,0.0,2.0
[aws-cli/1.16.116 Python/2.7.15rc1 Linux/4.18.0-15-generic botocore/1.12.106],8.079891e-05,1.0986123,1.0,0.0,2.0
[aws-cli/1.10.11 Python/2.7.13 Linux/4.5.0-kali1-amd64 botocore/1.4.2],8.079891e-05,1.0986123,1.0,0.0,2.0
[aws-cli/1.16.144 Python/3.7.3 Darwin/19.0.0 botocore/1.13.23],8.079891e-05,1.0986123,1.0,0.0,2.0
[aws-cli/1.16.284 Python/3.6.9 Linux/4.15.0-72-generic botocore/1.13.20],8.079891e-05,1.0986123,1.0,0.0,2.0
[aws-cli/1.16.289 Python/3.7.5 Linux/5.3.0-kali2-amd64 botocore/1.13.25],8.079891e-05,1.0986123,1.0,0.0,2.0
[Boto3/1.5.32 Python/3.6.9 Linux/4.19.86-gentoo Botocore/1.14.16],8.079891e-05,1.0986123,1.0,0.0,2.0
[aws-cli/1.17.14 Python/3.7.6 Linux/5.4.0-4parrot1-amd64 botocore/1.14.14],8.079891e-05,1.0986123,1.0,0.0,2.0
[aws-cli/1.16.210 Python/3.7.5 Darwin/19.3.0 botocore/1.12.200],8.079891e-05,1.0986123,1.0,0.0,2.0
[aws-cli/1.18.3 Python/3.8.1 Linux/5.4.11-arch1-1 botocore/1.15.3],8.079891e-05,1.0986123,1.0,0.0,2.0
[aws-cli/2.0.0 Python/3.7.4 Darwin/18.7.0 botocore/2.0.0dev4],8.079891e-05,1.0986123,1.0,0.0,2.0
[aws-cli/1.18.3 Python/2.7.16 Darwin/19.3.0 botocore/1.15.3],8.079891e-05,1.0986123,1.0,0.0,2.0
[aws-cli/2.0.1 Python/3.7.3 Linux/5.4.0-kali3-amd64 botocore/2.0.0dev5],8.079891e-05,1.0986123,1.0,0.0,2.0
[aws-cli/1.16.294 Python/2.7.17 Darwin/19.2.0 botocore/1.13.30],8.079891e-05,1.0986123,1.0,0.0,2.0
[aws-cli/1.16.292 Python/3.7.3 Darwin/19.2.0 botocore/1.13.28],8.079891e-05,1.0986123,1.0,0.0,2.0
[aws-cli/1.16.281 Python/3.6.0 Windows/10 botocore/1.13.17],8.079891e-05,1.0986123,1.0,0.0,2.0
[aws-cli/1.16.124 Python/3.5.2 Linux/4.15.0-29-generic botocore/1.12.114],8.079891e-05,1.0986123,1.0,0.0,2.0
[aws-cli/1.16.123 Python/2.7.15+ Linux/4.19.0-kali1-amd64 botocore/1.12.113],8.079891e-05,1.0986123,1.0,0.0,2.0
[aws-cli/1.16.122 Python/3.6.0 Windows/10 botocore/1.12.112],8.079891e-05,1.0986123,1.0,0.0,2.0
[aws-cli/1.16.81 Python/3.7.2+ Linux/4.14.0-kali3-amd64 botocore/1.12.71],8.079891e-05,1.0986123,1.0,0.0,2.0
[aws-cli/1.16.122 Python/3.6.7 Linux/4.15.0-46-generic botocore/1.12.112],8.079891e-05,1.0986123,1.0,0.0,2.0
[aws-cli/1.11.28 Python/2.7.10 Darwin/16.4.0 botocore/1.5.21],8.079891e-05,1.0986123,1.0,0.0,2.0
[aws-cli/1.2.9 Python/3.4.3 Linux/3.13.0-170-generic],8.079891e-05,1.0986123,1.0,0.0,2.0
[aws-cli/1.11.24 Python/2.7.13 Darwin/16.6.0 botocore/1.4.81],8.079891e-05,1.0986123,1.0,0.0,2.0
[aws-cli/1.11.90 Python/2.7.10 Darwin/16.5.0 botocore/1.5.53],8.079891e-05,1.0986123,1.0,0.0,2.0
[aws-cli/1.11.89 Python/3.4.1 Windows/8 botocore/1.5.52],8.079891e-05,1.0986123,1.0,0.0,2.0
[aws-cli/1.15.51 Python/2.7.6 Linux/3.13.0-153-generic botocore/1.12.63],8.079891e-05,1.0986123,1.0,0.0,2.0
[aws-cli/1.18.6 Python/3.8.1 Darwin/19.2.0 botocore/1.15.6],8.079891e-05,1.0986123,1.0,0.0,2.0
[aws-cli/1.11.57 Python/2.7.12 Linux/4.8.0-39-generic botocore/1.5.20],8.079891e-05,1.0986123,1.0,0.0,2.0
[aws-cli/1.11.56 Python/2.7.13 Linux/4.9.9-200.fc25.x86_64 botocore/1.5.19],8.079891e-05,1.0986123,1.0,0.0,2.0
[aws-cli/1.11.56 Python/2.7.12+ Linux/4.6.0-kali1-amd64 botocore/1.5.19],8.079891e-05,1.0986123,1.0,0.0,2.0
[aws-cli/1.16.298 Python/3.6.0 Windows/10 botocore/1.13.34],8.079891e-05,1.0986123,1.0,0.0,2.0
[aws-cli/1.16.266 Python/3.5.2 Linux/5.3.0-23-generic botocore/1.13.2],8.079891e-05,1.0986123,1.0,0.0,2.0
[aws-cli/1.11.86 Python/3.6.1 Linux/4.10.13-1-ARCH botocore/1.5.49],8.079891e-05,1.0986123,1.0,0.0,2.0
[aws-cli/1.16.292 Python/3.6.0 Windows/10 botocore/1.13.28],8.079891e-05,1.0986123,1.0,0.0,2.0
[aws-cli/1.16.283 Python/3.8.0 Linux/5.3.13-arch1-1 botocore/1.13.19],8.079891e-05,1.0986123,1.0,0.0,2.0
[aws-cli/2.0.0dev1 Python/3.7.3 Linux/5.3.12-300.fc31.x86_64 botocore/2.0.0dev1],8.079891e-05,1.0986123,1.0,0.0,2.0
[aws-cli/1.18.14 Python/2.7.17 Linux/5.4.0-kali4-amd64 botocore/1.15.14],8.079891e-05,1.0986123,1.0,0.0,2.0
[aws-cli/1.15.33 Python/2.7.9 Windows/8 botocore/1.10.33],8.079891e-05,1.0986123,1.0,0.0,2.0
[aws-cli/1.11.82 Python/2.7.10 Darwin/17.7.0 botocore/1.5.45],8.079891e-05,1.0986123,1.0,0.0,2.0
[aws-cli/1.18.9 Python/3.7.6 Linux/5.2.0-kali3-amd64 botocore/1.15.9],8.079891e-05,1.0986123,1.0,0.0,2.0
[aws-cli/1.16.52 Python/3.7.0 Darwin/19.0.0 botocore/1.12.148],8.079891e-05,1.0986123,1.0,0.0,2.0
[aws-cli/1.16.300 Python/3.6.8 Linux/4.18.0-80.11.2.el8_0.x86_64 botocore/1.13.36],8.079891e-05,1.0986123,1.0,0.0,2.0
[aws-cli/1.11.46 Python/2.7.6 Linux/3.13.0-110-generic botocore/1.5.9],8.079891e-05,1.0986123,1.0,0.0,2.0
[aws-cli/1.16.116 Python/3.7.2 Darwin/18.2.0 botocore/1.12.106],8.079891e-05,1.0986123,1.0,0.0,2.0
[aws-cli/1.16.119 Python/2.7.10 Darwin/17.7.0 botocore/1.12.109],8.079891e-05,1.0986123,1.0,0.0,2.0
[aws-cli/1.16.96 Python/2.7.14 Darwin/18.2.0 botocore/1.12.86],8.079891e-05,1.0986123,1.0,0.0,2.0
[aws-cli/1.16.128 Python/3.7.2+ Linux/4.19.0-parrot1-20t-amd64 botocore/1.12.118],8.079891e-05,1.0986123,1.0,0.0,2.0
[aws-cli/1.15.60 Python/2.7.10 Darwin/16.7.0 botocore/1.10.59],8.079891e-05,1.0986123,1.0,0.0,2.0
[aws-cli/2.0.0 Python/3.7.3 Linux/4.16.0-kali2-amd64 botocore/2.0.0dev4],8.079891e-05,1.0986123,1.0,0.0,2.0
[aws-cli/2.0.2 Python/3.7.4 Darwin/19.2.0 botocore/2.0.0dev6],8.079891e-05,1.0986123,1.0,0.0,2.0
[aws-cli/1.16.77 Python/3.6.0 Windows/10 botocore/1.12.67],8.079891e-05,1.0986123,1.0,0.0,2.0
[aws-cli/1.16.40 Python/3.7.0 Darwin/18.2.0 botocore/1.12.30],8.079891e-05,1.0986123,1.0,0.0,2.0
[aws-cli/1.16.81 Python/3.6.7 Linux/4.15.0-29-generic botocore/1.12.71],8.079891e-05,1.0986123,1.0,0.0,2.0
[aws-cli/1.16.79 Python/2.7.15rc1 Linux/4.15.0-43-generic botocore/1.12.71],8.079891e-05,1.0986123,1.0,0.0,2.0
[aws-cli/1.16.26 Python/3.6.7 Linux/4.18.0-13-generic botocore/1.12.16],8.079891e-05,1.0986123,1.0,0.0,2.0
[aws-cli/1.16.126 Python/3.7.2 Linux/4.4.0-53329-Microsoft botocore/1.12.116],8.079891e-05,1.0986123,1.0,0.0,2.0
[aws-cli/1.14.47 Python/2.7.12 Linux/4.4.0-53329-Microsoft botocore/1.10.68],8.079891e-05,1.0986123,1.0,0.0,2.0
[aws-cli/1.16.230 Python/3.7.5 Darwin/19.0.0 botocore/1.12.233],8.079891e-05,1.0986123,1.0,0.0,2.0
[aws-cli/1.16.292 Python/3.7.5rc1 Linux/5.2.0-kali3-amd64 botocore/1.13.28],8.079891e-05,1.0986123,1.0,0.0,2.0
[aws-cli/1.16.292 Python/3.7.4 Linux/4.19.0-kali5-amd64 botocore/1.13.28],8.079891e-05,1.0986123,1.0,0.0,2.0
[aws-cli/1.16.62 Python/2.7.10 Darwin/17.7.0 botocore/1.12.52],8.079891e-05,1.0986123,1.0,0.0,2.0
[aws-cli/1.16.75 Python/3.6.0 Windows/10 botocore/1.12.65],8.079891e-05,1.0986123,1.0,0.0,2.0
[aws-cli/1.16.69 Python/2.7.10 Darwin/17.7.0 botocore/1.12.59],8.079891e-05,1.0986123,1.0,0.0,2.0
[aws-cli/1.16.79 Python/2.7.15 Darwin/18.2.0 botocore/1.12.69],8.079891e-05,1.0986123,1.0,0.0,2.0
[aws-cli/1.16.78 Python/2.7.10 Darwin/18.2.0 botocore/1.12.68],8.079891e-05,1.0986123,1.0,0.0,2.0
[aws-cli/1.16.78 Python/2.7.15 Darwin/17.7.0 botocore/1.12.68],8.079891e-05,1.0986123,1.0,0.0,2.0
[Boto3/1.7.4 Python/3.7.1 Darwin/18.2.0 Botocore/1.10.4 Resource],8.079891e-05,1.0986123,1.0,0.0,2.0
[Boto3/1.7.4 Python/3.7.1 Darwin/18.2.0 Botocore/1.10.4],8.079891e-05,1.0986123,1.0,0.0,2.0
[aws-cli/1.16.78 Python/2.7.12 Linux/4.4.0-53329-Microsoft botocore/1.12.68],8.079891e-05,1.0986123,1.0,0.0,2.0
[aws-cli/1.10.22 Python/2.7.13 Darwin/16.5.0 botocore/1.4.13],8.079891e-05,1.0986123,1.0,0.0,2.0
[aws-cli/1.11.83 Python/2.7.10 Darwin/16.6.0 botocore/1.5.46],8.079891e-05,1.0986123,1.0,0.0,2.0
[aws-cli/1.18.16 Python/3.6.9 Linux/4.15.0-74-generic botocore/1.15.16],8.079891e-05,1.0986123,1.0,0.0,2.0
[aws-cli/1.18.6 Python/3.6.9 Linux/4.4.0-01985-Microsoft botocore/1.15.6],8.079891e-05,1.0986123,1.0,0.0,2.0
[aws-cli/1.16.125 Python/3.7.2+ Linux/4.4.0-53329-Microsoft botocore/1.12.115],8.079891e-05,1.0986123,1.0,0.0,2.0
[aws-cli/1.11.37 Python/3.5.2 Darwin/16.4.0 botocore/1.5.0],8.079891e-05,1.0986123,1.0,0.0,2.0
[aws-cli/1.11.36 Python/2.7.13 Darwin/15.6.0 botocore/1.4.93],8.079891e-05,1.0986123,1.0,0.0,2.0
[aws-cli/1.11.58 Python/2.7.10 Darwin/16.0.0 botocore/1.5.21],8.079891e-05,1.0986123,1.0,0.0,2.0
[aws-cli/1.14.44 Python/3.6.8 Linux/5.0.0-36-generic botocore/1.13.12],8.079891e-05,1.0986123,1.0,0.0,2.0
[aws-cli/1.16.210 Python/3.7.3 Darwin/18.7.0 botocore/1.12.238],8.079891e-05,1.0986123,1.0,0.0,2.0
[aws-cli/1.11.13 Python/3.5.2 Linux/4.4.0-1066-aws botocore/1.4.70],8.079891e-05,1.0986123,1.0,0.0,2.0
[aws-cli/1.18.6 Python/3.6.9 Linux/4.15.0-88-generic botocore/1.15.6],8.079891e-05,1.0986123,1.0,0.0,2.0
[aws-cli/1.18.11 Python/2.7.17 Linux/5.0.0-32-generic botocore/1.15.11],8.079891e-05,1.0986123,1.0,0.0,2.0
[aws-cli/1.16.72 Python/2.7.15+ Linux/4.17.0-kali3-amd64 botocore/1.12.62],8.079891e-05,1.0986123,1.0,0.0,2.0
[aws-cli/1.16.60 Python/3.6.5 Darwin/17.6.0 botocore/1.12.50],8.079891e-05,1.0986123,1.0,0.0,2.0
[aws-cli/1.16.63 Python/3.6.4 Linux/4.13.0-kali1-amd64 botocore/1.12.53],8.079891e-05,1.0986123,1.0,0.0,2.0
[aws-cli/1.16.61 Python/2.7.12 Linux/4.4.0-53329-Microsoft botocore/1.12.51],8.079891e-05,1.0986123,1.0,0.0,2.0
[aws-cli/1.18.6 Python/3.6.9 Linux/5.3.0-40-generic botocore/1.15.6],8.079891e-05,1.0986123,1.0,0.0,2.0
[aws-cli/1.18.16 Python/2.7.17 Linux/5.3.0-40-generic botocore/1.15.16],8.079891e-05,1.0986123,1.0,0.0,2.0
[Boto3/1.12.24 Python/2.7.17 Linux/5.4.0-kali3-amd64 Botocore/1.15.24],8.079891e-05,1.0986123,1.0,0.0,2.0
[aws-cli/1.11.13 Python/3.5.2 Linux/4.4.0-77-generic botocore/1.4.70],8.079891e-05,1.0986123,1.0,0.0,2.0
[aws-cli/1.11.83 Python/2.7.13 CYGWIN_NT-6.3/2.8.0(0.309/5/3) botocore/1.5.46],8.079891e-05,1.0986123,1.0,0.0,2.0
[aws-cli/1.11.82 Python/3.6.1 Linux/4.10.13-1-ARCH botocore/1.5.45],8.079891e-05,1.0986123,1.0,0.0,2.0
[aws-cli/1.16.292 Python/3.6.9 Linux/4.4.0-039049-Microsoft botocore/1.13.28],8.079891e-05,1.0986123,1.0,0.0,2.0
[aws-cli/1.16.69 Python/3.6.4 Darwin/18.2.0 botocore/1.12.59],8.079891e-05,1.0986123,1.0,0.0,2.0
[aws-cli/1.16.63 Python/2.7.15+ Linux/4.18.0-kali2-amd64 botocore/1.12.53],8.079891e-05,1.0986123,1.0,0.0,2.0
[aws-cli/1.11.13 Python/3.5.2 Linux/4.15.0-34-generic botocore/1.4.70],8.079891e-05,1.0986123,1.0,0.0,2.0
[aws-cli/1.15.59 Python/2.7.15rc1 Linux/4.15.0-39-generic botocore/1.10.58],8.079891e-05,1.0986123,1.0,0.0,2.0
[aws-cli/1.15.33 Python/2.7.15 Linux/4.18.16-100.fc27.x86_64 botocore/1.10.48],8.079891e-05,1.0986123,1.0,0.0,2.0
[aws-cli/1.18.5 Python/3.7.6 Darwin/19.3.0 botocore/1.15.5],8.079891e-05,1.0986123,1.0,0.0,2.0
[aws-cli/1.16.130 Python/3.7.2 Darwin/18.2.0 botocore/1.12.120],8.079891e-05,1.0986123,1.0,0.0,2.0
[aws-cli/1.16.130 Python/3.6.0 Windows/10 botocore/1.12.120],8.079891e-05,1.0986123,1.0,0.0,2.0
[aws-cli/1.16.130 Python/3.6.2 Darwin/17.7.0 botocore/1.12.120],8.079891e-05,1.0986123,1.0,0.0,2.0
[aws-cli/1.10.1 Python/3.5.2 Linux/4.8.0-36-generic botocore/1.13.27],8.079891e-05,1.0986123,1.0,0.0,2.0
[aws-cli/1.16.290 Python/3.7.5 Darwin/19.0.0 botocore/1.13.26],8.079891e-05,1.0986123,1.0,0.0,2.0
[aws-cli/1.14.44 Python/3.6.8 Linux/5.0.0-36-generic botocore/1.8.48],8.079891e-05,1.0986123,1.0,0.0,2.0
[aws-cli/1.11.129 Python/3.4.3 Windows/8 botocore/1.5.92],8.079891e-05,1.0986123,1.0,0.0,2.0
[aws-cli/1.16.289 Python/3.6.8 Linux/4.9.184-linuxkit botocore/1.13.25],8.079891e-05,1.0986123,1.0,0.0,2.0
[aws-cli/1.16.283 Python/3.6.8 Linux/4.15.0-70-generic botocore/1.13.19],8.079891e-05,1.0986123,1.0,0.0,2.0
[aws-cli/1.16.252 Python/3.6.9 Linux/4.15.0-91-generic botocore/1.13.12],8.079891e-05,1.0986123,1.0,0.0,2.0
[aws-cli/2.0.5 Python/3.7.5 Windows/10 botocore/2.0.0dev9],8.079891e-05,1.0986123,1.0,0.0,2.0
[aws-cli/2.0.5 Python/3.7.3 Linux/4.4.0-53-generic botocore/2.0.0dev9],8.079891e-05,1.0986123,1.0,0.0,2.0
[aws-cli/2.0.5 Python/3.7.3 Linux/5.0.0-23-generic botocore/2.0.0dev9],8.079891e-05,1.0986123,1.0,0.0,2.0
[aws-cli/1.18.26 Python/3.6.0 Windows/10 botocore/1.15.26],8.079891e-05,1.0986123,1.0,0.0,2.0
[aws-cli/2.0.4 Python/3.7.3 Linux/5.4.0-kali4-amd64 botocore/2.0.0dev8],8.079891e-05,1.0986123,1.0,0.0,2.0
[aws-cli/1.16.24 Python/2.7.15 Windows/10 botocore/1.12.14],8.079891e-05,1.0986123,1.0,0.0,2.0
[aws-cli/1.16.282 Python/2.7.17rc1 Linux/5.2.0-kali3-amd64 botocore/1.13.18],8.079891e-05,1.0986123,1.0,0.0,2.0
[aws-cli/1.16.144 Python/3.7.3 Darwin/19.0.0 botocore/1.12.134],8.079891e-05,1.0986123,1.0,0.0,2.0
[aws-cli/2.0.0dev0 Python/3.7.3 Linux/5.0.0-36-generic botocore/2.0.0dev0],8.079891e-05,1.0986123,1.0,0.0,2.0
[aws-cli/1.16.123 Python/2.7.15 Darwin/18.0.0 botocore/1.12.113],8.079891e-05,1.0986123,1.0,0.0,2.0
[aws-cli/1.16.125 Python/3.7.2 Windows/10 botocore/1.12.115],8.079891e-05,1.0986123,1.0,0.0,2.0
[aws-cli/1.16.125 Python/3.6.8 Windows/10 botocore/1.12.115],8.079891e-05,1.0986123,1.0,0.0,2.0
[aws-cli/1.18.33 Python/3.7.0 Darwin/19.3.0 botocore/1.15.33],8.079891e-05,1.0986123,1.0,0.0,2.0
[aws-cli/2.0.6 Python/3.7.3 Linux/5.3.0-40-generic botocore/2.0.0dev10],8.079891e-05,1.0986123,1.0,0.0,2.0
[aws-cli/1.18.33 Python/2.7.10 Darwin/18.6.0 botocore/1.15.33],8.079891e-05,1.0986123,1.0,0.0,2.0
[aws-cli/2.0.6 Python/3.7.4 Darwin/19.3.0 botocore/2.0.0dev10],8.079891e-05,1.0986123,1.0,0.0,2.0
[aws-cli/2.0.5 Python/3.7.3 Linux/4.19.0-kali4-amd64 botocore/2.0.0dev9],8.079891e-05,1.0986123,1.0,0.0,2.0
[aws-cli/1.16.212 Python/2.7.10 Darwin/18.7.0 botocore/1.12.202],8.079891e-05,1.0986123,1.0,0.0,2.0
[aws-cli/1.11.56 Python/3.4.6 Darwin/16.4.0 botocore/1.5.19],8.079891e-05,1.0986123,1.0,0.0,2.0
[aws-cli/1.10.64 Python/2.7.6 Linux/3.4.0+ botocore/1.4.54],8.079891e-05,1.0986123,1.0,0.0,2.0
[aws-cli/1.16.269 Python/3.7.4 Linux/5.2.0-kali2-amd64 botocore/1.12.253],8.079891e-05,1.0986123,1.0,0.0,2.0
[aws-cli/1.14.44 Python/3.6.9 Linux/4.4.0-039049-Microsoft botocore/1.14.9],8.079891e-05,1.0986123,1.0,0.0,2.0
[aws-cli/1.16.210 Python/2.7.15+ Linux/5.0.0-32-generic botocore/1.12.200],8.079891e-05,1.0986123,1.0,0.0,2.0
[aws-cli/2.0.6 Python/3.7.3 Linux/4.19.0-kali4-amd64 botocore/2.0.0dev10],8.079891e-05,1.0986123,1.0,0.0,2.0
[aws-cli/1.16.125 Python/3.6.8 Darwin/17.7.0 botocore/1.12.115],8.079891e-05,1.0986123,1.0,0.0,2.0
[aws-cli/1.16.136 Python/2.7.15+ Linux/4.19.0-kali3-amd64 botocore/1.12.126],8.079891e-05,1.0986123,1.0,0.0,2.0
[aws-cli/1.16.113 Python/3.7.2+ Linux/4.18.0-kali3-amd64 botocore/1.12.103],8.079891e-05,1.0986123,1.0,0.0,2.0
[aws-cli/1.16.283 Python/3.6.8 Linux/4.15.0-1051-aws botocore/1.13.19],8.079891e-05,1.0986123,1.0,0.0,2.0
[aws-cli/1.16.273 Python/3.5.2 Linux/4.17.4-365354-generic botocore/1.13.9],8.079891e-05,1.0986123,1.0,0.0,2.0
[aws-cli/1.16.259 Python/2.7.16 Windows/10 botocore/1.12.249],8.079891e-05,1.0986123,1.0,0.0,2.0
[aws-cli/1.11.75 Python/3.6.0 Linux/4.4.61-1-MANJARO botocore/1.5.38],8.079891e-05,1.0986123,1.0,0.0,2.0
[aws-cli/2.0.6 Python/3.8.2 Darwin/19.3.0 botocore/2.0.0dev10],8.079891e-05,1.0986123,1.0,0.0,2.0
[aws-cli/2.0.7 Python/3.7.3 Linux/5.5.0-kali1-amd64 botocore/2.0.0dev11],8.079891e-05,1.0986123,1.0,0.0,2.0
[aws-cli/1.16.35 Python/3.7.0 Linux/4.18.14-arch1-1-ARCH botocore/1.12.25],8.079891e-05,1.0986123,1.0,0.0,2.0
[Boto3/1.7.4 Python/3.6.5 Linux/4.15.0-39-generic Botocore/1.10.4 Resource],8.079891e-05,1.0986123,1.0,0.0,2.0
[Boto3/1.7.4 Python/3.6.5 Linux/4.15.0-39-generic Botocore/1.10.4],8.079891e-05,1.0986123,1.0,0.0,2.0
[aws-cli/1.16.54 Python/3.6.0 Windows/7 botocore/1.12.44],8.079891e-05,1.0986123,1.0,0.0,2.0
[aws-cli/1.15.22 Python/2.7.15 Windows/10 botocore/1.10.22],8.079891e-05,1.0986123,1.0,0.0,2.0
[aws-cli/1.16.51 Python/2.7.15+ Linux/4.4.0-53329-Microsoft botocore/1.12.41],8.079891e-05,1.0986123,1.0,0.0,2.0
[aws-cli/1.11.38 Python/2.7.5 Linux/3.10.0-514.2.2.el7.x86_64 botocore/1.5.1],8.079891e-05,1.0986123,1.0,0.0,2.0
[aws-cli/1.11.44 Python/2.7.12 Linux/4.4.0-72-generic botocore/1.5.7],8.079891e-05,1.0986123,1.0,0.0,2.0
[aws-cli/1.16.60 Python/3.7.2 Darwin/18.5.0 botocore/1.12.50],8.079891e-05,1.0986123,1.0,0.0,2.0
[aws-cli/1.15.80 Python/3.7.0 Darwin/18.2.0 botocore/1.10.79],8.079891e-05,1.0986123,1.0,0.0,2.0
[aws-cli/1.16.134 Python/2.7.12 Linux/4.4.0-143-generic botocore/1.12.124],8.079891e-05,1.0986123,1.0,0.0,2.0
[aws-cli/1.15.76 Python/3.6.5 Linux/4.15.0-34-generic botocore/1.12.23],8.079891e-05,1.0986123,1.0,0.0,2.0
[aws-cli/1.16.133 Python/3.7.2 Darwin/16.7.0 botocore/1.12.123],8.079891e-05,1.0986123,1.0,0.0,2.0
[aws-cli/1.16.102 Python/2.7.16 Linux/4.14.77-70.59.amzn1.x86_64 botocore/1.12.92],8.079891e-05,1.0986123,1.0,0.0,2.0
[aws-cli/1.15.71 Python/3.7.2 Linux/4.20.16-200.fc29.x86_64 botocore/1.10.41],8.079891e-05,1.0986123,1.0,0.0,2.0
[aws-cli/1.15.75 Python/2.7.10 Darwin/18.2.0 botocore/1.10.74],8.079891e-05,1.0986123,1.0,0.0,2.0
[aws-cli/1.16.47 Python/2.7.10 Darwin/17.7.0 botocore/1.12.37],8.079891e-05,1.0986123,1.0,0.0,2.0
[aws-cli/1.16.47 Python/2.7.13 Linux/4.9.0-5-amd64 botocore/1.12.37],8.079891e-05,1.0986123,1.0,0.0,2.0
[aws-cli/1.16.47 Python/3.7.1 Darwin/17.7.0 botocore/1.12.37],8.079891e-05,1.0986123,1.0,0.0,2.0
[aws-cli/1.16.39 Python/2.7.15 Linux/4.14.78-coreos botocore/1.12.29],8.079891e-05,1.0986123,1.0,0.0,2.0
[aws-cli/1.16.294 Python/3.6.9 Linux/4.15.0-76-generic botocore/1.13.50],8.079891e-05,1.0986123,1.0,0.0,2.0
[Boto3/1.12.39 Python/3.7.3rc1 Linux/4.19.0-kali4-amd64 Botocore/1.15.39 Resource],8.079891e-05,1.0986123,1.0,0.0,2.0
[aws-cli/1.16.130 Python/3.5.2 Linux/4.10.0-42-generic botocore/1.12.120],8.079891e-05,1.0986123,1.0,0.0,2.0
[aws-cli/1.16.139 Python/3.6.3rc1+ Linux/4.16.18-128_fbk11_4092_g8238c296cc13 botocore/1.12.129],8.079891e-05,1.0986123,1.0,0.0,2.0
[aws-cli/1.16.261 Python/3.7.1 Darwin/18.7.0 botocore/1.12.251],8.079891e-05,1.0986123,1.0,0.0,2.0
[aws-cli/1.16.251 Python/3.7.2 Darwin/19.0.0 botocore/1.12.241],8.079891e-05,1.0986123,1.0,0.0,2.0
[aws-cli/1.16.87 Python/2.7.15 Darwin/19.0.0 botocore/1.12.77],8.079891e-05,1.0986123,1.0,0.0,2.0
[aws-cli/1.18.41 Python/2.7.17 Linux/5.4.0-kali3-amd64 botocore/1.15.41],8.079891e-05,1.0986123,1.0,0.0,2.0
[aws-cli/1.14.44 Python/3.6.8 Linux/5.3.0-45-generic botocore/1.8.48],8.079891e-05,1.0986123,1.0,0.0,2.0
[aws-cli/1.16.280 Python/3.7.5 Darwin/19.2.0 botocore/1.13.16],8.079891e-05,1.0986123,1.0,0.0,2.0
[aws-cli/1.18.36 Python/3.6.9 Linux/4.15.0-1065-aws botocore/1.15.36],8.079891e-05,1.0986123,1.0,0.0,2.0
[aws-cli/2.0.0 Python/3.7.3 Linux/5.3.0-51-generic botocore/2.0.0dev4],8.079891e-05,1.0986123,1.0,0.0,2.0
[aws-cli/1.16.230 Python/3.6.9 Linux/5.3.0-45-generic botocore/1.12.220],8.079891e-05,1.0986123,1.0,0.0,2.0
[aws-cli/1.16.16 Python/3.6.5 Darwin/19.4.0 botocore/1.12.6],8.079891e-05,1.0986123,1.0,0.0,2.0
[aws-cli/1.14.44 Python/3.6.9 Linux/5.3.0-46-generic botocore/1.8.48],8.079891e-05,1.0986123,1.0,0.0,2.0
[aws-cli/1.18.46 Python/3.7.5 Linux/5.4.0-kali2-amd64 botocore/1.15.46],8.079891e-05,1.0986123,1.0,0.0,2.0
[aws-cli/1.16.265 Python/3.6.8 Linux/4.4.0-039049-Microsoft botocore/1.13.1],8.079891e-05,1.0986123,1.0,0.0,2.0
[aws-cli/1.16.259 Python/3.7.4 Windows/10 botocore/1.12.249],8.079891e-05,1.0986123,1.0,0.0,2.0
[aws-cli/1.16.283 Python/3.6.8 Linux/4.4.0-039049-Microsoft botocore/1.13.19],8.079891e-05,1.0986123,1.0,0.0,2.0
[aws-cli/1.16.111 Python/3.6.8 Linux/4.15.0-66-generic botocore/1.12.101],8.079891e-05,1.0986123,1.0,0.0,2.0
[aws-cli/1.16.189 Python/3.6.7 Darwin/18.7.0 botocore/1.12.179],8.079891e-05,1.0986123,1.0,0.0,2.0
[aws-cli/1.16.120 Python/3.6.8 Linux/4.15.0-66-generic botocore/1.12.110],8.079891e-05,1.0986123,1.0,0.0,2.0
[aws-cli/2.0.12 Python/3.7.4 Darwin/19.3.0 botocore/2.0.0dev16],8.079891e-05,1.0986123,1.0,0.0,2.0
[aws-cli/2.0.12 Python/3.7.3 Linux/5.3.0-kali1-amd64 botocore/2.0.0dev16],8.079891e-05,1.0986123,1.0,0.0,2.0
[aws-cli/2.0.12 Python/3.7.3 Linux/5.4.0-kali4-amd64 botocore/2.0.0dev16],8.079891e-05,1.0986123,1.0,0.0,2.0
[aws-cli/1.16.26 Python/3.6.7 Linux/4.4.0-01985-Microsoft botocore/1.12.16],8.079891e-05,1.0986123,1.0,0.0,2.0
[aws-cli/1.16.26 Python/3.6.6 Linux/4.18.0-2-amd64 botocore/1.12.16],8.079891e-05,1.0986123,1.0,0.0,2.0
[aws-cli/1.16.40 Python/3.7.0 Darwin/17.7.0 botocore/1.12.30],8.079891e-05,1.0986123,1.0,0.0,2.0
[aws-cli/1.18.46 Python/3.6.9 Linux/5.3.0-46-generic botocore/1.15.26],8.079891e-05,1.0986123,1.0,0.0,2.0
[aws-cli/1.14.44 Python/3.6.9 Linux/5.3.0-51-generic botocore/1.8.48],8.079891e-05,1.0986123,1.0,0.0,2.0
[aws-cli/1.18.53 Python/3.6.9 Linux/5.3.0-51-generic botocore/1.16.3],8.079891e-05,1.0986123,1.0,0.0,2.0
[aws-cli/1.16.200 Python/3.7.4 Darwin/19.0.0 botocore/1.12.190],8.079891e-05,1.0986123,1.0,0.0,2.0
[aws-cli/1.16.113 Python/3.6.7 Linux/4.18.0-kali2-amd64 botocore/1.12.103],8.079891e-05,1.0986123,1.0,0.0,2.0
[Boto3/1.7.4 Python/3.6.7 Linux/4.15.0-47-generic Botocore/1.10.4],8.079891e-05,1.0986123,1.0,0.0,2.0
[aws-cli/1.16.132 Python/3.6.0 Windows/10 botocore/1.12.122],8.079891e-05,1.0986123,1.0,0.0,2.0
[aws-cli/1.16.135 Python/2.7.10 Darwin/18.5.0 botocore/1.12.125],8.079891e-05,1.0986123,1.0,0.0,2.0
[aws-cli/1.16.131 Python/3.7.3 Windows/10 botocore/1.12.121],8.079891e-05,1.0986123,1.0,0.0,2.0
[aws-cli/1.16.113 Python/3.7.2+ Linux/4.18.0-kali2-amd64 botocore/1.12.103],8.079891e-05,1.0986123,1.0,0.0,2.0
[aws-cli/1.16.140 Python/3.7.3rc1 Linux/4.19.0-kali4-amd64 botocore/1.12.130],8.079891e-05,1.0986123,1.0,0.0,2.0
[aws-cli/1.16.266 Python/2.7.16 Darwin/19.0.0 botocore/1.13.2],8.079891e-05,1.0986123,1.0,0.0,2.0
[aws-cli/1.16.271 Python/3.6.0 Windows/10 botocore/1.13.7],8.079891e-05,1.0986123,1.0,0.0,2.0
[aws-cli/1.16.273 Python/3.6.0 Windows/10 botocore/1.13.9],8.079891e-05,1.0986123,1.0,0.0,2.0
[aws-cli/1.16.274 Python/2.7.5 Linux/3.10.0-514.10.2.el7.x86_64 botocore/1.13.10],8.079891e-05,1.0986123,1.0,0.0,2.0
[aws-cli/1.16.266 Python/3.8.0 Windows/10 botocore/1.13.2],8.079891e-05,1.0986123,1.0,0.0,2.0
[aws-cli/1.16.266 Python/3.6.0 Windows/7 botocore/1.13.2],8.079891e-05,1.0986123,1.0,0.0,2.0
[aws-cli/1.16.140 Python/2.7.16rc1 Linux/4.19.0-kali4-amd64 botocore/1.12.130],8.079891e-05,1.0986123,1.0,0.0,2.0
[aws-cli/1.16.40 Python/3.7.0 Darwin/18.0.0 botocore/1.12.30],8.079891e-05,1.0986123,1.0,0.0,2.0
[aws-cli/1.16.44 Python/2.7.12 Linux/4.10.0-28-generic botocore/1.12.34],8.079891e-05,1.0986123,1.0,0.0,2.0
[aws-cli/1.16.42 Python/2.7.13 Linux/4.9.9-200.fc25.x86_64 botocore/1.12.32],8.079891e-05,1.0986123,1.0,0.0,2.0
[aws-cli/1.16.3 Python/2.7.15rc1 Linux/4.15.0-36-generic botocore/1.11.3],8.079891e-05,1.0986123,1.0,0.0,2.0
[aws-cli/1.16.43 Python/2.7.15+ Linux/4.18.0-kali1-amd64 botocore/1.12.33],8.079891e-05,1.0986123,1.0,0.0,2.0
[aws-cli/1.16.13 Python/2.7.9 Windows/7 botocore/1.12.3],8.079891e-05,1.0986123,1.0,0.0,2.0
[aws-cli/1.18.51 Python/3.7.3rc1 Linux/4.19.0-kali1-amd64 botocore/1.16.1],8.079891e-05,1.0986123,1.0,0.0,2.0
[aws-cli/2.0.10 Python/3.7.4 Darwin/19.4.0 botocore/2.0.0dev14],8.079891e-05,1.0986123,1.0,0.0,2.0
[aws-cli/1.16.257 Python/3.7.6 Linux/3.16.0-7-amd64 botocore/1.16.1],8.079891e-05,1.0986123,1.0,0.0,2.0
[aws-cli/2.0.0 Python/3.8.2 Darwin/18.7.0 botocore/2.0.0dev7],8.079891e-05,1.0986123,1.0,0.0,2.0
[aws-cli/2.0.10 Python/3.7.3 Linux/5.5.0-kali2-amd64 botocore/2.0.0dev14],8.079891e-05,1.0986123,1.0,0.0,2.0
[aws-cli/1.11.100 Python/2.7.13 Linux/4.9.0-kali4-amd64 botocore/1.5.63],8.079891e-05,1.0986123,1.0,0.0,2.0
[aws-cli/1.11.98 Python/2.7.12 Linux/4.4.0-75-generic botocore/1.5.61],8.079891e-05,1.0986123,1.0,0.0,2.0
[aws-cli/1.18.57 Python/3.8.2 Linux/5.5.0-kali2-amd64 botocore/1.16.7],8.079891e-05,1.0986123,1.0,0.0,2.0
[aws-cli/1.16.278 Python/3.6.0 Windows/10 botocore/1.13.14],8.079891e-05,1.0986123,1.0,0.0,2.0
[aws-cli/2.0.9 Python/3.7.4 Darwin/18.7.0 botocore/2.0.0dev13],8.079891e-05,1.0986123,1.0,0.0,2.0
[aws-cli/2.0.14 Python/3.7.3 Linux/5.4.0-kali3-amd64 botocore/2.0.0dev18],8.079891e-05,1.0986123,1.0,0.0,2.0
[aws-cli/2.0.1 Python/3.7.3 Linux/4.19.0-8-amd64 botocore/2.0.0dev5],8.079891e-05,1.0986123,1.0,0.0,2.0
[aws-cli/2.0.9 Python/3.8.2 Darwin/19.4.0 botocore/2.0.0dev13],8.079891e-05,1.0986123,1.0,0.0,2.0
[aws-cli/1.16.35 Python/2.7.15 Darwin/17.7.0 botocore/1.12.25],8.079891e-05,1.0986123,1.0,0.0,2.0
[aws-cli/1.16.60 Python/2.7.16 Linux/4.19.0-2-amd64 botocore/1.12.50],8.079891e-05,1.0986123,1.0,0.0,2.0
[aws-sdk-java/2.5.25 Mac_OS_X/10.13.6 Java_HotSpot_TM__64-Bit_Server_VM/25.191-b12 Java/1.8.0_191 vendor/Oracle_Corporation],8.079891e-05,1.0986123,1.0,0.0,2.0
[aws-cli/1.16.129 Python/3.6.7 Linux/4.15.0-47-generic botocore/1.12.119],8.079891e-05,1.0986123,1.0,0.0,2.0
[aws-cli/1.16.37 Python/2.7.12 Linux/4.4.0-133-generic botocore/1.12.27],8.079891e-05,1.0986123,1.0,0.0,2.0
[aws-cli/1.16.72 Python/3.7.1 Windows/10 botocore/1.12.113],8.079891e-05,1.0986123,1.0,0.0,2.0
aws-cli/2.0.38 Python/3.7.4 Darwin/19.6.0 exe/x86_64 command/iam.list-user-tags,8.079891e-05,1.0986123,1.0,0.0,2.0
[aws-cli/1.16.226 Python/3.7.4 Darwin/18.7.0 botocore/1.12.216],8.079891e-05,1.0986123,1.0,0.0,2.0
[aws-cli/1.16.140 Python/2.7.15rc1 Linux/4.15.0-46-generic botocore/1.12.130],8.079891e-05,1.0986123,1.0,0.0,2.0
[aws-cli/1.16.139 Python/3.6.0 Windows/10 botocore/1.12.129],8.079891e-05,1.0986123,1.0,0.0,2.0
[aws-cli/1.16.139 Python/3.7.3 Darwin/18.2.0 botocore/1.12.129],8.079891e-05,1.0986123,1.0,0.0,2.0
[aws-cli/1.16.140 Python/3.7.3 Linux/4.19.32-1-MANJARO botocore/1.12.130],8.079891e-05,1.0986123,1.0,0.0,2.0
[aws-cli/1.16.140 Python/3.7.1 Darwin/18.2.0 botocore/1.12.130],8.079891e-05,1.0986123,1.0,0.0,2.0
[aws-cli/1.16.140 Python/2.7.15+ Linux/4.18.0-kali2-amd64 botocore/1.12.130],8.079891e-05,1.0986123,1.0,0.0,2.0
[aws-cli/1.16.140 Python/2.7.12 Linux/4.4.0-145-generic botocore/1.12.130],8.079891e-05,1.0986123,1.0,0.0,2.0
[aws-cli/1.16.136 Python/2.7.15rc1 Linux/4.15.0-47-generic botocore/1.12.126],8.079891e-05,1.0986123,1.0,0.0,2.0
[aws-cli/1.16.303 Python/3.6.9 Linux/5.3.0-1017-aws botocore/1.13.39],8.079891e-05,1.0986123,1.0,0.0,2.0
[aws-cli/1.18.61 Python/3.7.6 Darwin/18.7.0 botocore/1.16.11],8.079891e-05,1.0986123,1.0,0.0,2.0
[aws-cli/2.0.14 Python/3.7.3 Linux/5.3.0-46-generic botocore/2.0.0dev18],8.079891e-05,1.0986123,1.0,0.0,2.0
[aws-cli/1.16.43 Python/2.7.14 Linux/4.13.0-kali1-amd64 botocore/1.12.33],8.079891e-05,1.0986123,1.0,0.0,2.0
[aws-cli/1.16.43 Python/3.6.0 Windows/8.1 botocore/1.12.33],8.079891e-05,1.0986123,1.0,0.0,2.0
[aws-cli/1.16.8 Python/2.7.12 Linux/4.4.0-53329-Microsoft botocore/1.11.8],8.079891e-05,1.0986123,1.0,0.0,2.0
[aws-cli/1.16.6 Python/3.7.0 Darwin/18.0.0 botocore/1.11.6],8.079891e-05,1.0986123,1.0,0.0,2.0
[aws-cli/1.16.6 Python/2.7.10 Darwin/17.5.0 botocore/1.11.6],8.079891e-05,1.0986123,1.0,0.0,2.0
[aws-cli/1.16.29 Python/3.6.0 Windows/10 botocore/1.12.19],8.079891e-05,1.0986123,1.0,0.0,2.0
[aws-cli/1.16.41 Python/3.7.0 Darwin/17.7.0 botocore/1.12.31],8.079891e-05,1.0986123,1.0,0.0,2.0
[aws-cli/1.16.42 Python/3.6.6 Linux/4.15.0-36-generic botocore/1.12.32],8.079891e-05,1.0986123,1.0,0.0,2.0
[aws-cli/1.14.44 Python/3.6.7 Linux/4.15.0-47-generic botocore/1.8.48],8.079891e-05,1.0986123,1.0,0.0,2.0
[aws-cli/1.16.144 Python/3.7.2 Darwin/18.0.0 botocore/1.12.134],8.079891e-05,1.0986123,1.0,0.0,2.0
[aws-cli/1.16.140 Python/3.6.7 Linux/5.0.0-13-generic botocore/1.12.75],8.079891e-05,1.0986123,1.0,0.0,2.0
[aws-cli/1.16.121 Python/3.7.2 Darwin/16.7.0 botocore/1.12.111],8.079891e-05,1.0986123,1.0,0.0,2.0
[aws-cli/1.11.124 Python/3.6.1 Darwin/16.7.0 botocore/1.12.39],8.079891e-05,1.0986123,1.0,0.0,2.0
[aws-cli/1.16.251 Python/3.7.5rc1 Linux/5.2.0-kali3-amd64 botocore/1.12.241],8.079891e-05,1.0986123,1.0,0.0,2.0
[aws-cli/1.16.269 Python/3.6.0 Windows/10 botocore/1.13.5],8.079891e-05,1.0986123,1.0,0.0,2.0
[aws-cli/1.14.44 Python/3.6.5 Linux/4.4.0-039049-Microsoft botocore/1.8.48],8.079891e-05,1.0986123,1.0,0.0,2.0
[aws-cli/1.16.266 Python/3.7.3 Linux/4.19.0-kali5-amd64 botocore/1.13.2],8.079891e-05,1.0986123,1.0,0.0,2.0
[aws-cli/1.16.212 Python/2.7.5 Linux/3.10.0-957.21.2.el7.x86_64 botocore/1.12.202],8.079891e-05,1.0986123,1.0,0.0,2.0
[aws-cli/1.11.13 Python/3.5.2 Linux/4.15.0-66-generic botocore/1.4.70],8.079891e-05,1.0986123,1.0,0.0,2.0
[aws-cli/2.0.10 Python/3.7.4 Darwin/19.5.0 botocore/2.0.0dev14],8.079891e-05,1.0986123,1.0,0.0,2.0
[aws-cli/1.18.66 Python/2.7.18 Linux/5.4.0-kali4-amd64 botocore/1.16.16],8.079891e-05,1.0986123,1.0,0.0,2.0
[aws-cli/1.18.46 Python/3.8.3rc1 Linux/5.6.0-kali1-amd64 botocore/1.15.46],8.079891e-05,1.0986123,1.0,0.0,2.0
[aws-cli/1.18.24 Python/3.7.5 Darwin/19.4.0 botocore/1.12.253],8.079891e-05,1.0986123,1.0,0.0,2.0
[aws-cli/1.14.44 Python/3.6.5 Linux/4.15.0-36-generic botocore/1.8.48],8.079891e-05,1.0986123,1.0,0.0,2.0
[aws-cli/1.16.42 Python/2.7.14 Windows/10 botocore/1.12.32],8.079891e-05,1.0986123,1.0,0.0,2.0
[aws-cli/1.16.41 Python/2.7.13 Linux/4.12.0-kali2-686 botocore/1.12.31],8.079891e-05,1.0986123,1.0,0.0,2.0
[aws-cli/2.0.7 Python/3.7.3 Linux/5.3.0-53-generic botocore/2.0.0dev11],8.079891e-05,1.0986123,1.0,0.0,2.0
[aws-cli/2.0.0 Python/3.7.3 Linux/4.4.0-179-generic botocore/2.0.0dev4],8.079891e-05,1.0986123,1.0,0.0,2.0
[aws-cli/1.16.251 Python/3.7.4 Linux/5.2.0-kali2-amd64 botocore/1.12.241],8.079891e-05,1.0986123,1.0,0.0,2.0
[aws-cli/1.16.113 Python/3.7.3rc1 Linux/4.19.0-4-amd64 botocore/1.12.103],8.079891e-05,1.0986123,1.0,0.0,2.0
[aws-cli/1.16.136 Python/3.7.3 Linux/5.0.7-arch1-1-ARCH botocore/1.12.126],8.079891e-05,1.0986123,1.0,0.0,2.0
[aws-cli/1.16.140 Python/3.4.7 Linux/4.9.137-0.1.ac.218.74.329.metal1.x86_64 botocore/1.12.130],8.079891e-05,1.0986123,1.0,0.0,2.0
[aws-cli/1.16.140 Python/3.7.3rc1 Linux/4.19.0-kali1-amd64 botocore/1.12.130],8.079891e-05,1.0986123,1.0,0.0,2.0
[aws-cli/1.18.71 Python/3.8.2 Linux/5.4.0-33-generic botocore/1.16.21],8.079891e-05,1.0986123,1.0,0.0,2.0
[aws-cli/1.17.14 Python/3.8.2 Linux/5.4.0-33-generic botocore/1.14.14],8.079891e-05,1.0986123,1.0,0.0,2.0
[aws-cli/1.16.40 Python/2.7.14 Windows/10 botocore/1.12.30],8.079891e-05,1.0986123,1.0,0.0,2.0
[aws-cli/1.16.37 Python/2.7.13 Linux/4.14.0-0.bpo.3-amd64 botocore/1.12.28],8.079891e-05,1.0986123,1.0,0.0,2.0
[aws-cli/1.16.37 Python/2.7.13 Linux/4.14.0-0.bpo.3-amd64 botocore/1.12.27],8.079891e-05,1.0986123,1.0,0.0,2.0
[aws-cli/2.0.8 Python/3.7.4 Darwin/19.4.0 botocore/2.0.0dev12],8.079891e-05,1.0986123,1.0,0.0,2.0
[aws-cli/1.16.148 Python/3.7.2+ Linux/4.19.0-kali1-amd64 botocore/1.12.138],8.079891e-05,1.0986123,1.0,0.0,2.0
[aws-cli/1.16.102 Python/2.7.14 Linux/4.14.106-97.85.amzn2.x86_64 botocore/1.12.92],8.079891e-05,1.0986123,1.0,0.0,2.0
[Boto3/1.9.210 Python/2.7.10 Darwin/18.7.0 Botocore/1.12.210],8.079891e-05,1.0986123,1.0,0.0,2.0
[aws-cli/1.16.8 Python/2.7.10 Darwin/17.7.0 botocore/1.11.8],8.079891e-05,1.0986123,1.0,0.0,2.0
[aws-cli/1.16.258 Python/2.7.16 Darwin/18.7.0 botocore/1.12.248],8.079891e-05,1.0986123,1.0,0.0,2.0
[aws-cli/2.0.10 Python/3.7.5 Windows/10 botocore/2.0.0dev14],8.079891e-05,1.0986123,1.0,0.0,2.0
[aws-cli/1.18.18 Python/3.6.0 Windows/10 botocore/1.15.18],8.079891e-05,1.0986123,1.0,0.0,2.0
[aws-cli/2.0.19 Python/3.7.4 Darwin/19.4.0 botocore/2.0.0dev23],8.079891e-05,1.0986123,1.0,0.0,2.0
[aws-cli/1.18.73 Python/2.7.17 Linux/5.4.0-kali4-amd64 botocore/1.16.23],8.079891e-05,1.0986123,1.0,0.0,2.0
[Boto3/1.13.24 Python/3.8.2 Linux/4.19.0-9-amd64 Botocore/1.16.24],8.079891e-05,1.0986123,1.0,0.0,2.0
[aws-cli/1.18.69 Python/3.7.3 Linux/4.19.0-9-amd64 botocore/1.16.19],8.079891e-05,1.0986123,1.0,0.0,2.0
[aws-cli/1.18.43 Python/3.7.5 Darwin/18.7.0 botocore/1.15.43],8.079891e-05,1.0986123,1.0,0.0,2.0
[aws-cli/1.16.261 Python/2.7.16 Darwin/19.0.0 botocore/1.12.251],8.079891e-05,1.0986123,1.0,0.0,2.0
[aws-cli/1.11.0 Python/2.7.9 Windows/8 botocore/1.4.58],8.079891e-05,1.0986123,1.0,0.0,2.0
[aws-cli/1.16.220 Python/3.6.4 Darwin/19.0.0 botocore/1.12.210],8.079891e-05,1.0986123,1.0,0.0,2.0
[aws-cli/1.16.147 Python/2.7.15 Darwin/18.5.0 botocore/1.12.137],8.079891e-05,1.0986123,1.0,0.0,2.0
[aws-cli/1.16.147 Python/3.6.7 Linux/4.15.0-48-generic botocore/1.12.137],8.079891e-05,1.0986123,1.0,0.0,2.0
[aws-cli/1.16.147 Python/3.7.1 Windows/10 botocore/1.12.137],8.079891e-05,1.0986123,1.0,0.0,2.0
[aws-cli/1.16.140 Python/3.7.1 Windows/10 botocore/1.12.130],8.079891e-05,1.0986123,1.0,0.0,2.0
[aws-cli/1.16.140 Python/3.7.3 Darwin/18.2.0 botocore/1.12.130],8.079891e-05,1.0986123,1.0,0.0,2.0
[aws-cli/1.16.113 Python/2.7.10 Darwin/18.5.0 botocore/1.12.103],8.079891e-05,1.0986123,1.0,0.0,2.0
[aws-cli/1.16.144 Python/3.6.0 Windows/7 botocore/1.12.134],8.079891e-05,1.0986123,1.0,0.0,2.0
[aws-cli/1.16.3 Python/2.7.9 Windows/8 botocore/1.11.3],8.079891e-05,1.0986123,1.0,0.0,2.0
[aws-cli/1.16.34 Python/2.7.15+ Linux/4.18.0-kali1-amd64 botocore/1.12.24],8.079891e-05,1.0986123,1.0,0.0,2.0
[aws-cli/1.16.26 Python/2.7.15 Windows/10 botocore/1.12.16],8.079891e-05,1.0986123,1.0,0.0,2.0
[aws-cli/1.16.32 Python/2.7.15+ Linux/4.18.0-kali1-amd64 botocore/1.12.22],8.079891e-05,1.0986123,1.0,0.0,2.0
[Boto3/1.7.48 Python/3.5.3 Linux/4.9.0-7-amd64 Botocore/1.10.48],8.079891e-05,1.0986123,1.0,0.0,2.0
[aws-cli/1.16.2 Python/2.7.12 Linux/4.8.0-36-generic botocore/1.11.2],8.079891e-05,1.0986123,1.0,0.0,2.0
[aws-cli/1.16.144 Python/2.7.14+ Linux/4.14.0-kali3-amd64 botocore/1.12.134],8.079891e-05,1.0986123,1.0,0.0,2.0
[aws-cli/1.16.38 Python/2.7.16rc1 Linux/4.19.0-kali1-amd64 botocore/1.12.28],8.079891e-05,1.0986123,1.0,0.0,2.0
[aws-cli/1.11.66 Python/2.7.12+ Linux/4.6.0-kali1-amd64 botocore/1.5.29],8.079891e-05,1.0986123,1.0,0.0,2.0
[aws-cli/1.2.9 Python/3.4.0 Linux/3.13.0-48-generic],8.079891e-05,1.0986123,1.0,0.0,2.0
[aws-cli/1.16.202 Python/3.7.3 Linux/5.0.0-31-generic botocore/1.12.193],8.079891e-05,1.0986123,1.0,0.0,2.0
[aws-cli/1.18.83 Python/3.8.3 Linux/5.5.2-arch1-1 botocore/1.17.6],8.079891e-05,1.0986123,1.0,0.0,2.0
[aws-cli/2.0.24 Python/3.7.3 Linux/5.4.0-37-generic botocore/2.0.0dev28],8.079891e-05,1.0986123,1.0,0.0,2.0
[aws-cli/2.0.8 Python/3.7.4 Darwin/18.7.0 botocore/2.0.0dev12],8.079891e-05,1.0986123,1.0,0.0,2.0
[aws-cli/2.0.8 Python/3.7.3 Linux/5.4.44-1-MANJARO botocore/2.0.0dev12],8.079891e-05,1.0986123,1.0,0.0,2.0
[aws-cli/1.17.14 Python/3.8.2 Linux/5.4.0-37-generic botocore/1.14.14],8.079891e-05,1.0986123,1.0,0.0,2.0
[aws-cli/2.0.19 Python/3.8.3 Darwin/19.5.0 botocore/2.0.0dev23],8.079891e-05,1.0986123,1.0,0.0,2.0
[aws-cli/1.18.84 Python/3.8.3 Linux/5.6.15-1-MANJARO botocore/1.17.7],8.079891e-05,1.0986123,1.0,0.0,2.0
[aws-cli/1.16.30 Python/2.7.15+ Linux/4.18.0-kali1-amd64 botocore/1.12.20],8.079891e-05,1.0986123,1.0,0.0,2.0
[aws-cli/1.18.86 Python/2.7.16 Linux/4.19.0-kali4-amd64 botocore/1.17.9],8.079891e-05,1.0986123,1.0,0.0,2.0
[aws-cli/1.16.27 Python/3.6.6 Linux/4.15.0-36-generic botocore/1.12.17],8.079891e-05,1.0986123,1.0,0.0,2.0
[aws-cli/1.16.28 Python/2.7.10 Darwin/17.7.0 botocore/1.12.18],8.079891e-05,1.0986123,1.0,0.0,2.0
[aws-cli/1.16.258 Python/3.6.0 Windows/10 botocore/1.12.248],8.079891e-05,1.0986123,1.0,0.0,2.0
[aws-cli/1.16.251 Python/3.7.4+ Linux/5.2.0-kali2-amd64 botocore/1.12.208],8.079891e-05,1.0986123,1.0,0.0,2.0
[aws-cli/1.16.246 Python/3.7.4 Linux/5.2.17-200.fc30.x86_64 botocore/1.12.236],8.079891e-05,1.0986123,1.0,0.0,2.0
[aws-cli/1.16.225 Python/3.6.8 Linux/4.4.0-039049-Microsoft botocore/1.12.227],8.079891e-05,1.0986123,1.0,0.0,2.0
[aws-cli/1.11.68 Python/2.7.12 Linux/4.4.0-66-generic botocore/1.5.31],8.079891e-05,1.0986123,1.0,0.0,2.0
[aws-cli/1.16.152 Python/3.6.8 Linux/4.19.0-kali3-amd64 botocore/1.12.142],8.079891e-05,1.0986123,1.0,0.0,2.0
[aws-cli/1.16.141 Python/3.7.3 Darwin/18.5.0 botocore/1.12.131],8.079891e-05,1.0986123,1.0,0.0,2.0
[aws-cli/1.16.148 Python/2.7.10 Darwin/17.5.0 botocore/1.12.138],8.079891e-05,1.0986123,1.0,0.0,2.0
[aws-cli/1.16.148 Python/3.7.3 Linux/5.0.9-200.fc29.x86_64 botocore/1.12.138],8.079891e-05,1.0986123,1.0,0.0,2.0
[aws-cli/1.11.85 Python/2.7.10 Darwin/16.5.0 botocore/1.5.48],8.079891e-05,1.0986123,1.0,0.0,2.0
[aws-cli/1.11.108 Python/3.6.0 Darwin/16.5.0 botocore/1.5.71],8.079891e-05,1.0986123,1.0,0.0,2.0
[aws-cli/1.11.104 Python/2.7.10 Darwin/16.6.0 botocore/1.5.67],8.079891e-05,1.0986123,1.0,0.0,2.0
[aws-cli/1.11.13 Python/3.5.3 Linux/4.6.0-kali1-amd64 botocore/1.4.70],8.079891e-05,1.0986123,1.0,0.0,2.0
[aws-cli/1.16.26 Python/2.7.15 Darwin/17.6.0 botocore/1.12.16],8.079891e-05,1.0986123,1.0,0.0,2.0
[aws-cli/1.16.6 Python/2.7.15rc1 Linux/4.15.0-36-generic botocore/1.11.6],8.079891e-05,1.0986123,1.0,0.0,2.0
[aws-cli/1.11.151 Python/2.7.10 Darwin/17.4.0 botocore/1.7.9],8.079891e-05,1.0986123,1.0,0.0,2.0
[aws-cli/1.16.154 Python/2.7.10 Darwin/17.7.0 botocore/1.12.144],8.079891e-05,1.0986123,1.0,0.0,2.0
[aws-cli/1.14.44 Python/3.6.7 Linux/4.18.0-18-generic botocore/1.8.48],8.079891e-05,1.0986123,1.0,0.0,2.0
[aws-cli/1.16.218 Python/3.7.4+ Linux/4.19.0-kali1-amd64 botocore/1.12.208],8.079891e-05,1.0986123,1.0,0.0,2.0
[aws-cli/1.16.255 Python/3.7.3 Linux/5.0.0-31-generic botocore/1.12.245],8.079891e-05,1.0986123,1.0,0.0,2.0
[aws-cli/1.16.251 Python/3.6.0 Windows/7 botocore/1.12.241],8.079891e-05,1.0986123,1.0,0.0,2.0
[aws-cli/1.16.253 Python/2.7.15 Darwin/16.7.0 botocore/1.12.243],8.079891e-05,1.0986123,1.0,0.0,2.0
[aws-cli/1.16.235 Python/3.6.2 Windows/10 botocore/1.12.225],8.079891e-05,1.0986123,1.0,0.0,2.0
[aws-cli/2.0.19 Python/3.7.4 Darwin/19.5.0 botocore/2.0.0dev23],8.079891e-05,1.0986123,1.0,0.0,2.0
[aws-cli/2.0.26 Python/3.7.7 Windows/10 botocore/2.0.0dev30],8.079891e-05,1.0986123,1.0,0.0,2.0
[aws-cli/1.14.8 Python/2.7.9 Windows/8 botocore/1.8.12],8.079891e-05,1.0986123,1.0,0.0,2.0
[aws-cli/1.16.24 Python/3.7.0 Darwin/16.7.0 botocore/1.12.14],8.079891e-05,1.0986123,1.0,0.0,2.0
[aws-cli/1.16.20 Python/3.7.0 Darwin/18.0.0 botocore/1.12.10],8.079891e-05,1.0986123,1.0,0.0,2.0
[aws-cli/1.10.12 Python/2.7.12 Linux/4.4.0-79-generic botocore/1.4.3],8.079891e-05,1.0986123,1.0,0.0,2.0
[aws-cli/1.11.13 Python/3.5.2 Linux/4.7.0-20879-generic botocore/1.4.70],8.079891e-05,1.0986123,1.0,0.0,2.0
[aws-cli/1.16.148 Python/3.7.2 Linux/5.0.2-arch1-1-ARCH botocore/1.12.138],8.079891e-05,1.0986123,1.0,0.0,2.0
[aws-cli/1.14.22 Python/2.7.15 Darwin/17.7.0 botocore/1.8.26],8.079891e-05,1.0986123,1.0,0.0,2.0
[aws-cli/1.16.149 Python/2.7.16 Darwin/17.7.0 botocore/1.12.139],8.079891e-05,1.0986123,1.0,0.0,2.0
[aws-cli/1.16.148 Python/3.7.3 Linux/5.0.12-arch2-1-ARCH botocore/1.12.138],8.079891e-05,1.0986123,1.0,0.0,2.0
[aws-cli/2.0.28 Python/3.8.3 Darwin/19.6.0 botocore/2.0.0dev32],8.079891e-05,1.0986123,1.0,0.0,2.0
[aws-cli/1.18.13 Python/2.7.16 Linux/4.14.177-107.254.amzn1.x86_64 botocore/1.15.13],8.079891e-05,1.0986123,1.0,0.0,2.0
[aws-cli/2.0.27 Python/3.7.4 Darwin/19.5.0 botocore/2.0.0dev31],8.079891e-05,1.0986123,1.0,0.0,2.0
[aws-cli/1.18.76 Python/3.7.3 Linux/4.4.0-76667-Microsoft botocore/1.16.26],8.079891e-05,1.0986123,1.0,0.0,2.0
[aws-cli/1.16.177 Python/3.4.10 Linux/3.10.0-1062.12.1.el7.x86_64 botocore/1.12.167],8.079891e-05,1.0986123,1.0,0.0,2.0
[aws-cli/1.18.97 Python/3.7.1 Darwin/18.7.0 botocore/1.17.20],8.079891e-05,1.0986123,1.0,0.0,2.0
[aws-cli/2.0.25 Python/3.8.3 Darwin/19.5.0 botocore/2.0.0dev29],8.079891e-05,1.0986123,1.0,0.0,2.0
[aws-cli/1.16.262 Python/3.7.7 Darwin/19.5.0 botocore/1.12.252],8.079891e-05,1.0986123,1.0,0.0,2.0
[aws-cli/1.16.19 Python/2.7.10 Darwin/17.7.0 botocore/1.12.9],8.079891e-05,1.0986123,1.0,0.0,2.0
[aws-cli/1.16.17 Python/2.7.10 Darwin/16.7.0 botocore/1.12.7],8.079891e-05,1.0986123,1.0,0.0,2.0
[aws-cli/1.15.75 Python/2.7.15 Darwin/17.7.0 botocore/1.10.74],8.079891e-05,1.0986123,1.0,0.0,2.0
[aws-cli/1.11.13 Python/3.5.3 Linux/4.19.60-43360-g54aa645572 botocore/1.4.70],8.079891e-05,1.0986123,1.0,0.0,2.0
[aws-cli/1.16.240 Python/3.7.0 Darwin/17.7.0 botocore/1.12.230],8.079891e-05,1.0986123,1.0,0.0,2.0
[aws-cli/1.16.255 Python/3.7.4 Linux/5.3.1-arch1-1-ARCH botocore/1.12.245],8.079891e-05,1.0986123,1.0,0.0,2.0
[aws-cli/1.16.138 Python/3.6.8 Linux/5.0.0-31-generic botocore/1.12.128],8.079891e-05,1.0986123,1.0,0.0,2.0
[aws-cli/1.16.253 Python/2.7.15+ Linux/4.18.0-kali2-amd64 botocore/1.12.243],8.079891e-05,1.0986123,1.0,0.0,2.0
[aws-cli/1.16.251 Python/3.7.3rc1 Linux/4.19.0-kali4-amd64 botocore/1.12.208],8.079891e-05,1.0986123,1.0,0.0,2.0
[aws-cli/2.0.31 Python/3.7.7 Windows/10 botocore/2.0.0dev35],8.079891e-05,1.0986123,1.0,0.0,2.0
[aws-cli/1.16.19 Python/2.7.14 Windows/10 botocore/1.12.9],8.079891e-05,1.0986123,1.0,0.0,2.0
[aws-cli/1.15.33 Python/3.5.2 Darwin/17.7.0 botocore/1.10.33],8.079891e-05,1.0986123,1.0,0.0,2.0
[aws-cli/1.16.18 Python/3.5.2 Linux/4.15.0-34-generic botocore/1.12.8],8.079891e-05,1.0986123,1.0,0.0,2.0
[aws-cli/1.11.160 Python/2.7.10 Darwin/17.7.0 botocore/1.7.18],8.079891e-05,1.0986123,1.0,0.0,2.0
[aws-cli/1.15.79 Python/3.6.4 Linux/4.9.0-kali3-amd64 botocore/1.10.78],8.079891e-05,1.0986123,1.0,0.0,2.0
[aws-cli/1.14.7 Python/3.6.3 Linux/4.4.0-43-Microsoft botocore/1.8.11],8.079891e-05,1.0986123,1.0,0.0,2.0
[aws-cli/1.14.59 Python/2.7.14+ Linux/4.14.0-kali3-amd64 botocore/1.9.12],8.079891e-05,1.0986123,1.0,0.0,2.0
[aws-cli/1.16.10 Python/3.7.0 Darwin/16.7.0 botocore/1.12.0],8.079891e-05,1.0986123,1.0,0.0,2.0
[aws-cli/1.16.10 Python/2.7.10 Darwin/17.7.0 botocore/1.12.0],8.079891e-05,1.0986123,1.0,0.0,2.0
[aws-cli/1.15.84 Python/2.7.12 Linux/4.4.0-43-Microsoft botocore/1.10.83],8.079891e-05,1.0986123,1.0,0.0,2.0
[aws-cli/1.16.251 Python/3.6.8 Linux/4.15.0-64-generic botocore/1.12.241],8.079891e-05,1.0986123,1.0,0.0,2.0
[aws-cli/1.16.200 Python/3.7.4 Darwin/18.7.0 botocore/1.12.190],8.079891e-05,1.0986123,1.0,0.0,2.0
[Boto3/1.9.231 Python/2.7.15+ Linux/4.15.0-64-generic Botocore/1.12.231],8.079891e-05,1.0986123,1.0,0.0,2.0
[aws-cli/1.16.236 Python/3.7.4 Darwin/18.7.0 botocore/1.12.226],8.079891e-05,1.0986123,1.0,0.0,2.0
[aws-cli/1.16.243 Python/2.7.15+ Linux/4.18.0-22-generic botocore/1.12.233],8.079891e-05,1.0986123,1.0,0.0,2.0
[aws-cli/1.16.120 Python/3.7.4 Darwin/18.7.0 botocore/1.12.110],8.079891e-05,1.0986123,1.0,0.0,2.0
[aws-cli/2.0.35 Python/3.7.4 Darwin/18.7.0 botocore/2.0.0dev39],8.079891e-05,1.0986123,1.0,0.0,2.0
[aws-cli/2.0.34 Python/3.7.3 Linux/5.6.0-2parrot1-amd64 botocore/2.0.0dev38],8.079891e-05,1.0986123,1.0,0.0,2.0
[aws-cli/1.18.44 Python/2.7.18rc1 Linux/5.4.0-42-generic botocore/1.15.44],8.079891e-05,1.0986123,1.0,0.0,2.0
[aws-cli/2.0.34 Python/3.7.3 Linux/4.15.0-101-generic botocore/2.0.0dev38],8.079891e-05,1.0986123,1.0,0.0,2.0
[aws-cli/2.0.34 Python/3.7.7 Windows/10 botocore/2.0.0dev38],8.079891e-05,1.0986123,1.0,0.0,2.0
[aws-cli/1.16.247 Python/2.7.16 Darwin/18.7.0 botocore/1.12.237],8.079891e-05,1.0986123,1.0,0.0,2.0
[aws-cli/1.16.238 Python/3.6.8 Linux/4.15.0-64-generic botocore/1.12.228],8.079891e-05,1.0986123,1.0,0.0,2.0
[aws-cli/1.16.242 Python/3.7.4+ Linux/5.2.0-kali2-amd64 botocore/1.12.232],8.079891e-05,1.0986123,1.0,0.0,2.0
[aws-cli/1.15.68 Python/2.7.10 Darwin/18.5.0 botocore/1.10.67],8.079891e-05,1.0986123,1.0,0.0,2.0
[aws-cli/1.16.43 Python/3.6.3 Darwin/17.7.0 botocore/1.12.57],8.079891e-05,1.0986123,1.0,0.0,2.0
[aws-cli/1.16.157 Python/2.7.16 Linux/4.19.0-kali4-amd64 botocore/1.12.147],8.079891e-05,1.0986123,1.0,0.0,2.0
[aws-cli/1.16.147 Python/3.7.3 Darwin/18.5.0 botocore/1.12.137],8.079891e-05,1.0986123,1.0,0.0,2.0
[aws-cli/1.16.93 Python/2.7.10 Darwin/18.6.0 botocore/1.12.83],8.079891e-05,1.0986123,1.0,0.0,2.0
[aws-cli/1.16.157 Python/3.5.3 Linux/4.9.0-8-amd64 botocore/1.12.147],8.079891e-05,1.0986123,1.0,0.0,2.0
[aws-cli/1.14.44 Python/3.6.8 Linux/5.0.0-31-generic botocore/1.8.48],8.079891e-05,1.0986123,1.0,0.0,2.0
[aws-cli/2.0.37 Python/3.7.4 Darwin/19.3.0 exe/x86_64 command/s3.ls],8.079891e-05,1.0986123,1.0,0.0,2.0
[aws-cli/2.0.37 Python/3.8.5 Darwin/19.6.0 source/x86_64 command/s3.ls],8.079891e-05,1.0986123,1.0,0.0,2.0
[aws-cli/1.16.6 Python/2.7.10 Darwin/17.7.0 botocore/1.11.6],8.079891e-05,1.0986123,1.0,0.0,2.0
[aws-cli/1.14.44 Python/3.6.3 Linux/4.13.0-kali1-amd64 botocore/1.8.48],8.079891e-05,1.0986123,1.0,0.0,2.0
[aws-cli/1.15.20 Python/3.6.5 Darwin/17.7.0 botocore/1.10.20],8.079891e-05,1.0986123,1.0,0.0,2.0
[aws-cli/1.14.35 Python/2.7.10 Darwin/17.4.0 botocore/1.8.39],8.079891e-05,1.0986123,1.0,0.0,2.0
[aws-cli/1.18.109 Python/3.8.5 Linux/5.7.10-201.fc32.x86_64 botocore/1.17.32],8.079891e-05,1.0986123,1.0,0.0,2.0
[aws-cli/1.14.32 Python/2.7.15+ Linux/4.17.0-kali3-amd64 botocore/1.8.36],8.079891e-05,1.0986123,1.0,0.0,2.0
[aws-cli/1.15.63 Python/3.5.2 Windows/7 botocore/1.10.62],8.079891e-05,1.0986123,1.0,0.0,2.0
[aws-cli/1.16.9 Python/3.6.6 Linux/4.15.0-33-generic botocore/1.11.9],8.079891e-05,1.0986123,1.0,0.0,2.0
[aws-cli/1.18.113 Python/2.7.16 Darwin/19.6.0 botocore/1.17.36],8.079891e-05,1.0986123,1.0,0.0,2.0
[aws-cli/2.0.38 Python/3.7.3 Linux/5.4.0-kali3-amd64 exe/x86_64.kali.2020 command/s3.ls],8.079891e-05,1.0986123,1.0,0.0,2.0
[aws-cli/1.16.19 Python/3.7.4 Darwin/18.7.0 botocore/1.12.9],8.079891e-05,1.0986123,1.0,0.0,2.0
[aws-cli/1.16.227 Python/3.7.3 Linux/4.4.0-039049-Microsoft botocore/1.12.218],8.079891e-05,1.0986123,1.0,0.0,2.0
[aws-cli/1.16.89 Python/3.7.4 Darwin/18.7.0 botocore/1.12.79],8.079891e-05,1.0986123,1.0,0.0,2.0
[aws-cli/1.16.233 Python/3.6.0 Windows/10 botocore/1.12.223],8.079891e-05,1.0986123,1.0,0.0,2.0
[aws-cli/1.11.104 Python/2.7.13 Linux/4.9.0-kali4-amd64 botocore/1.5.67],8.079891e-05,1.0986123,1.0,0.0,2.0
[aws-cli/1.11.44 Python/3.5.3+ Linux/4.11.6-towo.2-siduction-amd64 botocore/1.5.7],8.079891e-05,1.0986123,1.0,0.0,2.0
[aws-cli/1.11.128 Python/2.7.14 Linux/4.13.0-46-generic botocore/1.8.18],8.079891e-05,1.0986123,1.0,0.0,2.0
[aws-cli/1.16.5 Python/2.7.15 Linux/4.17.0-kali1-amd64 botocore/1.11.5],8.079891e-05,1.0986123,1.0,0.0,2.0
[aws-cli/1.16.5 Python/2.7.13 Linux/4.9.0-7-amd64 botocore/1.11.5],8.079891e-05,1.0986123,1.0,0.0,2.0
[aws-cli/1.16.1 Python/3.6.2 Windows/10 botocore/1.11.1],8.079891e-05,1.0986123,1.0,0.0,2.0
[aws-cli/1.11.57 Python/3.5.2 Linux/4.8.15-300.fc25.x86_64 botocore/1.5.20],8.079891e-05,1.0986123,1.0,0.0,2.0
[aws-cli/1.16.249 Python/2.7.16 Darwin/19.6.0 botocore/1.12.239],8.079891e-05,1.0986123,1.0,0.0,2.0
[Boto3/1.14.43 Python/3.7.3 Darwin/19.5.0 Botocore/1.17.43 Resource],8.079891e-05,1.0986123,1.0,0.0,2.0
[aws-cli/1.16.190 Python/3.7.3 Darwin/17.7.0 botocore/1.12.180],8.079891e-05,1.0986123,1.0,0.0,2.0
[aws-cli/1.16.93 Python/2.7.13 Linux/4.9.0-8-amd64 botocore/1.12.83],8.079891e-05,1.0986123,1.0,0.0,2.0
[aws-cli/1.16.148 Python/3.7.3 Linux/5.0.13-arch1-1-ARCH botocore/1.12.138],8.079891e-05,1.0986123,1.0,0.0,2.0
[aws-cli/1.16.161 Python/2.7.6 Linux/4.4.0-53329-Microsoft botocore/1.12.151],8.079891e-05,1.0986123,1.0,0.0,2.0
[aws-cli/1.16.158 Python/3.6.6 Darwin/17.7.0 botocore/1.12.148],8.079891e-05,1.0986123,1.0,0.0,2.0
[aws-cli/1.16.113 Python/3.6.5rc1 Linux/4.15.0-kali2-amd64 botocore/1.12.103],8.079891e-05,1.0986123,1.0,0.0,2.0
[aws-cli/1.16.160 Python/3.6.7 Linux/4.4.0-01985-Microsoft botocore/1.12.150],8.079891e-05,1.0986123,1.0,0.0,2.0
[aws-cli/1.11.64 Python/2.7.10 Darwin/15.6.0 botocore/1.5.27],8.079891e-05,1.0986123,1.0,0.0,2.0
[aws-cli/1.11.142 Python/2.7.12 Linux/4.4.0-38-generic botocore/1.7.0],8.079891e-05,1.0986123,1.0,0.0,2.0
[aws-cli/1.16.1 Python/2.7.12 Linux/4.4.0-53329-Microsoft botocore/1.11.1],8.079891e-05,1.0986123,1.0,0.0,2.0
[aws-cli/1.11.167 Python/3.6.4 Darwin/17.7.0 botocore/1.7.25],8.079891e-05,1.0986123,1.0,0.0,2.0
[aws-cli/1.11.53 Python/3.5.2 Darwin/16.4.0 botocore/1.5.16],8.079891e-05,1.0986123,1.0,0.0,2.0
[Boto3/1.3.1 Python/2.7.11 Darwin/15.6.0 Botocore/1.4.36],8.079891e-05,1.0986123,1.0,0.0,2.0
[aws-cli/1.11.16 Python/2.7.13 Darwin/16.4.0 botocore/1.4.73],8.079891e-05,1.0986123,1.0,0.0,2.0
[aws-cli/1.18.69 Python/3.6.9 Linux/4.15.0-112-generic botocore/1.16.19],8.079891e-05,1.0986123,1.0,0.0,2.0
[aws-cli/1.16.166 Python/2.7.15+ Linux/4.19.0-kali3-amd64 botocore/1.12.156],8.079891e-05,1.0986123,1.0,0.0,2.0
[aws-cli/1.16.185 Python/2.7.16 Darwin/19.0.0 botocore/1.12.175],8.079891e-05,1.0986123,1.0,0.0,2.0
aws-cli/2.0.52 Python/3.7.7 Windows/10 exe/AMD64 command/lightsail.create-instances-from-snapshot,8.079891e-05,1.0986123,1.0,0.0,2.0
[aws-cli/1.16.234 Python/2.7.16+ Linux/5.2.0-kali2-amd64 botocore/1.12.224],8.079891e-05,1.0986123,1.0,0.0,2.0
[aws-cli/1.16.236 Python/2.7.15 Darwin/18.7.0 botocore/1.12.226],8.079891e-05,1.0986123,1.0,0.0,2.0
[aws-cli/1.16.140 Python/2.7.10 Darwin/18.7.0 botocore/1.12.130],8.079891e-05,1.0986123,1.0,0.0,2.0
[aws-cli/2.0.42 Python/3.7.7 Windows/10 exe/AMD64 command/s3api.list-buckets],8.079891e-05,1.0986123,1.0,0.0,2.0
[aws-cli/1.16.139 Python/3.6.9 Linux/5.4.0-45-generic botocore/1.12.141],8.079891e-05,1.0986123,1.0,0.0,2.0
[aws-cli/1.17.14 Python/3.8.2 Linux/5.4.0-42-generic botocore/1.17.47],8.079891e-05,1.0986123,1.0,0.0,2.0
[aws-cli/2.0.44 Python/3.8.5 Darwin/19.6.0 source/x86_64 command/s3api.list-buckets],8.079891e-05,1.0986123,1.0,0.0,2.0
[aws-cli/1.11.111 Python/2.7.13 Linux/4.4.38 botocore/1.5.74],8.079891e-05,1.0986123,1.0,0.0,2.0
[aws-cli/1.11.47 Python/2.7.10 Darwin/16.6.0 botocore/1.5.10],8.079891e-05,1.0986123,1.0,0.0,2.0
[aws-cli/1.11.38 Python/2.7.10 Darwin/16.6.0 botocore/1.5.1],8.079891e-05,1.0986123,1.0,0.0,2.0
[aws-cli/1.16.166 Python/3.7.3 Darwin/18.2.0 botocore/1.12.156],8.079891e-05,1.0986123,1.0,0.0,2.0
[aws-cli/1.11.13 Python/3.5.2 Linux/4.4.0-01985-Microsoft botocore/1.4.70],8.079891e-05,1.0986123,1.0,0.0,2.0
[aws-cli/1.16.152 Python/2.7.15 Darwin/18.5.0 botocore/1.12.142],8.079891e-05,1.0986123,1.0,0.0,2.0
[aws-cli/1.16.163 Python/3.7.3 Linux/4.19.42-1-MANJARO botocore/1.12.153],8.079891e-05,1.0986123,1.0,0.0,2.0
[aws-cli/1.16.161 Python/2.7.16 Linux/4.18.0-kali3-amd64 botocore/1.12.151],8.079891e-05,1.0986123,1.0,0.0,2.0
[aws-cli/1.16.113 Python/3.6.8 Linux/4.19.0-kali3-686-pae botocore/1.12.103],8.079891e-05,1.0986123,1.0,0.0,2.0
[aws-cli/1.16.71 Python/3.7.0 Darwin/18.6.0 botocore/1.12.61],8.079891e-05,1.0986123,1.0,0.0,2.0
[aws-cli/1.15.81 Python/3.6.5 Linux/4.15.0-1017-gcp botocore/1.10.80],8.079891e-05,1.0986123,1.0,0.0,2.0
[aws-cli/1.15.35 Python/3.6.5 Darwin/17.4.0 botocore/1.10.35],8.079891e-05,1.0986123,1.0,0.0,2.0
[aws-cli/1.11.112 Python/2.7.10 Darwin/17.7.0 botocore/1.5.75],8.079891e-05,1.0986123,1.0,0.0,2.0
[aws-cli/1.14.28 Python/2.7.5 Linux/5.7.8-1.el7.elrepo.x86_64 botocore/1.8.35],8.079891e-05,1.0986123,1.0,0.0,2.0
[aws-cli/2.0.44 Python/3.7.3 Linux/5.7.0-kali1-amd64 exe/x86_64.kali.2020 command/s3.ls],8.079891e-05,1.0986123,1.0,0.0,2.0
[aws-cli/1.18.128 Python/3.8.5 Linux/4.19.76-linuxkit botocore/1.17.51],8.079891e-05,1.0986123,1.0,0.0,2.0
[aws-cli/1.18.136 Python/3.8.5 Linux/5.7.0-kali1-amd64 botocore/1.17.59],8.079891e-05,1.0986123,1.0,0.0,2.0
[aws-cli/2.0.42 Python/3.7.4 Darwin/19.6.0 exe/x86_64 command/s3.ls],8.079891e-05,1.0986123,1.0,0.0,2.0
[aws-cli/2.0.42 Python/3.7.4 Darwin/18.7.0 exe/x86_64 command/s3.ls],8.079891e-05,1.0986123,1.0,0.0,2.0
[aws-cli/1.18.125 Python/2.7.17 Windows/10 botocore/1.17.48],8.079891e-05,1.0986123,1.0,0.0,2.0
[aws-cli/2.0.46 Python/3.7.3 Linux/5.2.0-kali3-amd64 exe/x86_64.kali.2020 command/s3.ls],8.079891e-05,1.0986123,1.0,0.0,2.0
[aws-cli/1.16.173 Python/2.7.16 Darwin/19.6.0 botocore/1.12.163],8.079891e-05,1.0986123,1.0,0.0,2.0
[aws-cli/1.16.72 Python/2.7.16 Darwin/19.5.0 botocore/1.12.62],8.079891e-05,1.0986123,1.0,0.0,2.0
[aws-cli/2.0.13 Python/3.7.4 Darwin/19.6.0 botocore/2.0.0dev17],8.079891e-05,1.0986123,1.0,0.0,2.0
aws-cli/2.0.36 Python/3.7.3 Linux/5.7.0-kali1-amd64 exe/x86_64.kali.2020 command/ec2.describe-snapshots,8.079891e-05,1.0986123,1.0,0.0,2.0
[aws-cli/1.16.231 Python/3.7.3 Windows/10 botocore/1.12.221],8.079891e-05,1.0986123,1.0,0.0,2.0
[aws-cli/1.16.113 Python/3.7.3rc1 Linux/4.18.0-kali3-amd64 botocore/1.12.103],8.079891e-05,1.0986123,1.0,0.0,2.0
[aws-cli/1.16.168 Python/2.7.14 Darwin/18.2.0 botocore/1.12.158],8.079891e-05,1.0986123,1.0,0.0,2.0
[aws-cli/1.14.50 Python/3.6.8 Linux/4.20.11-100.fc28.x86_64 botocore/1.9.1],8.079891e-05,1.0986123,1.0,0.0,2.0
[aws-cli/1.16.166 Python/3.7.2 Windows/10 botocore/1.12.156],8.079891e-05,1.0986123,1.0,0.0,2.0
[Boto3/1.15.2 Python/3.8.2 Linux/5.6.3-arch1-1 Botocore/1.18.2],8.079891e-05,1.0986123,1.0,0.0,2.0
[aws-cli/2.0.40 Python/3.8.5 Darwin/19.6.0 source/x86_64 command/s3.ls],8.079891e-05,1.0986123,1.0,0.0,2.0
[aws-cli/1.15.71 Python/2.7.15 Linux/4.16.0-kali2-amd64 botocore/1.10.70],8.079891e-05,1.0986123,1.0,0.0,2.0
[aws-cli/1.15.71 Python/2.7.9 Windows/8 botocore/1.10.70],8.079891e-05,1.0986123,1.0,0.0,2.0
[Boto3/1.7.42 Python/2.7.12 Linux/4.4.0-131-generic Botocore/1.10.42],8.079891e-05,1.0986123,1.0,0.0,2.0
[aws-cli/1.15.74 Python/2.7.15 Linux/4.16.0-kali2-amd64 botocore/1.10.73],8.079891e-05,1.0986123,1.0,0.0,2.0
[aws-cli/1.11.56 Python/2.7.10 Darwin/17.5.0 botocore/1.5.19],8.079891e-05,1.0986123,1.0,0.0,2.0
[aws-cli/1.14.46 Python/2.7.12 Linux/4.4.0-1049-aws botocore/1.8.50],8.079891e-05,1.0986123,1.0,0.0,2.0
[aws-cli/1.16.140 Python/2.7.15rc1 Linux/4.20.8-49827-generic botocore/1.12.130],8.079891e-05,1.0986123,1.0,0.0,2.0
[aws-cli/1.16.218 Python/3.7.4 Linux/4.4.0-039049-Microsoft botocore/1.12.208],8.079891e-05,1.0986123,1.0,0.0,2.0
[Boto3/1.4.7 Python/2.7.13 Darwin/16.7.0 Botocore/1.10.28],8.079891e-05,1.0986123,1.0,0.0,2.0
[aws-cli/1.16.20 Python/3.7.0 Darwin/18.7.0 botocore/1.12.10],8.079891e-05,1.0986123,1.0,0.0,2.0
[aws-cli/2.0.51 Python/3.7.3 Linux/5.7.0-kali1-amd64 exe/x86_64.kali.2020 command/s3api.list-buckets],8.079891e-05,1.0986123,1.0,0.0,2.0
[aws-cli/2.0.51 Python/3.7.7 Windows/10 exe/AMD64 command/s3.ls],8.079891e-05,1.0986123,1.0,0.0,2.0
[aws-cli/1.18.135 Python/3.8.5 Linux/5.7.0-kali1-amd64 botocore/1.17.22],8.079891e-05,1.0986123,1.0,0.0,2.0
[aws-cli/2.0.28 Python/3.7.3 Linux/5.7.0-kali1-amd64 botocore/2.0.0dev32],8.079891e-05,1.0986123,1.0,0.0,2.0
[aws-cli/1.11.56 Python/2.7.11 Darwin/16.4.0 botocore/1.5.19],8.079891e-05,1.0986123,1.0,0.0,2.0
[aws-cli/1.11.56 Python/2.7.12 Linux/4.4.0-64-generic botocore/1.5.19],8.079891e-05,1.0986123,1.0,0.0,2.0
[aws-cli/1.15.72 Python/2.7.12 Linux/4.4.0-116-generic botocore/1.10.71],8.079891e-05,1.0986123,1.0,0.0,2.0
[aws-cli/1.15.71 Python/2.7.15 Linux/4.17.10-1-ARCH botocore/1.10.70],8.079891e-05,1.0986123,1.0,0.0,2.0
[aws-cli/1.17.17 Python/3.8.5 Linux/5.8.10-200.fc32.x86_64 botocore/1.14.17],8.079891e-05,1.0986123,1.0,0.0,2.0
[aws-cli/1.17.0 Python/3.7.3 Linux/4.19.0-10-amd64 botocore/1.14.0],8.079891e-05,1.0986123,1.0,0.0,2.0
[aws-cli/1.15.50 Python/3.7.0 Darwin/17.6.0 botocore/1.10.49],8.079891e-05,1.0986123,1.0,0.0,2.0
[aws-cli/1.15.68 Python/2.7.9 Windows/8 botocore/1.10.67],8.079891e-05,1.0986123,1.0,0.0,2.0
[aws-cli/1.11.134 Python/2.7.10 Darwin/15.6.0 botocore/1.6.1],8.079891e-05,1.0986123,1.0,0.0,2.0
[aws-cli/1.15.67 Python/2.7.15 Darwin/17.7.0 botocore/1.10.66],8.079891e-05,1.0986123,1.0,0.0,2.0
[aws-cli/1.18.69 Python/3.6.9 Linux/4.15.0-117-generic botocore/1.16.19],8.079891e-05,1.0986123,1.0,0.0,2.0
[aws-cli/1.18.146 Python/3.6.9 Linux/4.4.0-039049-Microsoft botocore/1.18.5],8.079891e-05,1.0986123,1.0,0.0,2.0
[aws-cli/2.0.31 Python/3.7.3 Linux/5.7.0-2parrot2-amd64 botocore/2.0.0dev35],8.079891e-05,1.0986123,1.0,0.0,2.0
[aws-cli/1.16.152 Python/2.7.10 Darwin/18.6.0 botocore/1.12.142],8.079891e-05,1.0986123,1.0,0.0,2.0
[aws-cli/1.16.171 Python/3.7.3 Darwin/18.5.0 botocore/1.12.161],8.079891e-05,1.0986123,1.0,0.0,2.0
[aws-cli/1.16.170 Python/3.7.3 Linux/4.15.0-kali3-amd64 botocore/1.12.160],8.079891e-05,1.0986123,1.0,0.0,2.0
[aws-cli/1.16.113 Python/3.7.3rc1 Linux/4.18.0-kali1-amd64 botocore/1.12.158],8.079891e-05,1.0986123,1.0,0.0,2.0
[aws-cli/1.16.169 Python/2.7.10 Darwin/18.5.0 botocore/1.12.159],8.079891e-05,1.0986123,1.0,0.0,2.0
[aws-cli/1.16.169 Python/3.7.3 Darwin/18.5.0 botocore/1.12.159],8.079891e-05,1.0986123,1.0,0.0,2.0
[aws-cli/2.0.5 Python/3.7.3 Linux/4.18.0-193.14.2.el8_2.x86_64 botocore/2.0.0dev9],8.079891e-05,1.0986123,1.0,0.0,2.0
[aws-cli/1.11.10 Python/2.7.12 Darwin/13.4.0 botocore/1.4.67],8.079891e-05,1.0986123,1.0,0.0,2.0
[aws-cli/2.0.50 Python/3.7.3 Linux/4.4.0-039049-Microsoft exe/x86_64.ubuntu.18 command/s3.ls],8.079891e-05,1.0986123,1.0,0.0,2.0
[aws-cli/2.0.50 Python/3.7.4 Darwin/19.6.0 exe/x86_64 command/s3.ls],8.079891e-05,1.0986123,1.0,0.0,2.0
[aws-cli/1.16.61 Python/3.6.5 Linux/4.12.14-lp150.12.67-default botocore/1.12.57],8.079891e-05,1.0986123,1.0,0.0,2.0
[aws-cli/1.11.137 Python/2.7.10 Darwin/18.6.0 botocore/1.6.4],8.079891e-05,1.0986123,1.0,0.0,2.0
[aws-cli/1.15.71 Python/3.7.4 Linux/5.2.7-100.fc29.x86_64 botocore/1.10.41],8.079891e-05,1.0986123,1.0,0.0,2.0
[aws-cli/1.16.224 Python/3.7.4 Linux/4.19.0-kali4-amd64 botocore/1.12.214],8.079891e-05,1.0986123,1.0,0.0,2.0
[aws-cli/1.16.204 Python/3.7.3 Darwin/18.7.0 botocore/1.12.194],8.079891e-05,1.0986123,1.0,0.0,2.0
[aws-cli/1.16.216 Python/3.7.3 Linux/5.0.0-23-generic botocore/1.12.206],8.079891e-05,1.0986123,1.0,0.0,2.0
[aws-cli/1.14.20 Python/3.5.2 Linux/4.4.0-83-generic botocore/1.8.24],8.079891e-05,1.0986123,1.0,0.0,2.0
[aws-cli/1.14.32 Python/3.6.4 Darwin/16.7.0 botocore/1.8.36],8.079891e-05,1.0986123,1.0,0.0,2.0
[aws-cli/1.14.34 Python/2.7.9 Windows/8 botocore/1.8.38],8.079891e-05,1.0986123,1.0,0.0,2.0
[aws-cli/1.15.62 Python/3.6.2 Windows/10 botocore/1.10.61],8.079891e-05,1.0986123,1.0,0.0,2.0
[aws-cli/1.15.62 Python/2.7.9 Windows/8 botocore/1.10.61],8.079891e-05,1.0986123,1.0,0.0,2.0
[aws-cli/1.11.18 Python/2.7.12 Darwin/17.5.0 botocore/1.4.75],8.079891e-05,1.0986123,1.0,0.0,2.0
[aws-cli/2.0.53 Python/3.7.7 Windows/10 exe/AMD64 command/s3.ls],8.079891e-05,1.0986123,1.0,0.0,2.0
[aws-cli/2.0.53 Python/3.7.7 Windows/10 exe/AMD64 command/s3api.list-buckets],8.079891e-05,1.0986123,1.0,0.0,2.0
[aws-cli/1.11.129 Python/2.7.12 Linux/4.4.39-34.54.amzn1.x86_64 botocore/1.5.92],8.079891e-05,1.0986123,1.0,0.0,2.0
[aws-cli/1.15.58 Python/2.7.10 Darwin/16.7.0 botocore/1.10.57],8.079891e-05,1.0986123,1.0,0.0,2.0
[aws-cli/1.15.61 Python/2.7.12 Linux/4.4.0-116-generic botocore/1.10.60],8.079891e-05,1.0986123,1.0,0.0,2.0
[aws-cli/1.11.56 Python/2.7.10 CYGWIN_NT-6.1/2.5.2(0.297/5/3) botocore/1.5.19],8.079891e-05,1.0986123,1.0,0.0,2.0
[aws-cli/1.11.56 Python/2.7.13 Linux/4.8.11-940479-generic botocore/1.5.19],8.079891e-05,1.0986123,1.0,0.0,2.0
[aws-cli/1.11.56 Python/3.4.3 Linux/3.4.0+ botocore/1.5.19],8.079891e-05,1.0986123,1.0,0.0,2.0
[aws-cli/1.11.8 Python/2.7.10 Darwin/15.6.0 botocore/1.4.65],8.079891e-05,1.0986123,1.0,0.0,2.0
[aws-cli/1.11.45 Python/2.7.10 Darwin/16.4.0 botocore/1.5.8],8.079891e-05,1.0986123,1.0,0.0,2.0
[aws-cli/1.16.10 Python/3.7.3 Darwin/18.7.0 botocore/1.12.0],8.079891e-05,1.0986123,1.0,0.0,2.0
[Boto3/1.7.61 Python/3.5.0 Windows/ Botocore/1.10.62],8.079891e-05,1.0986123,1.0,0.0,2.0
[aws-cli/1.11.13 Python/3.5.2 Linux/4.4.0-59-generic botocore/1.4.70],8.079891e-05,1.0986123,1.0,0.0,2.0
[aws-cli/1.11.23 Python/2.7.12 Darwin/15.6.0 botocore/1.4.80],8.079891e-05,1.0986123,1.0,0.0,2.0
[aws-cli/1.15.15 Python/3.6.6 Linux/4.17.0-kali1-amd64 botocore/1.10.55],8.079891e-05,1.0986123,1.0,0.0,2.0
[aws-cli/1.11.45 Python/2.7.10 Darwin/17.4.0 botocore/1.5.8],8.079891e-05,1.0986123,1.0,0.0,2.0
[aws-cli/1.15.10 Python/2.7.14 Darwin/17.6.0 botocore/1.10.10],8.079891e-05,1.0986123,1.0,0.0,2.0
[aws-cli/1.11.189 Python/2.7.6 Linux/4.4.0-128-generic botocore/1.8.6],8.079891e-05,1.0986123,1.0,0.0,2.0
[aws-cli/1.15.52 Python/2.7.10 Darwin/17.6.0 botocore/1.10.51],8.079891e-05,1.0986123,1.0,0.0,2.0
[aws-cli/1.14.60 Python/3.6.4 Darwin/17.4.0 botocore/1.9.13],8.079891e-05,1.0986123,1.0,0.0,2.0
[aws-cli/1.14.22 Python/2.7.14 Windows/10 botocore/1.8.26],8.079891e-05,1.0986123,1.0,0.0,2.0
[aws-cli/1.16.180 Python/3.7.3 Darwin/18.7.0 botocore/1.12.170],8.079891e-05,1.0986123,1.0,0.0,2.0
[aws-cli/1.16.116 Python/2.7.15+ Linux/5.0.0-23-generic botocore/1.12.106],8.079891e-05,1.0986123,1.0,0.0,2.0
[aws-cli/1.14.28 Python/2.7.5 Linux/3.10.0-957.21.3.el7.x86_64 botocore/1.8.35],8.079891e-05,1.0986123,1.0,0.0,2.0
[aws-cli/1.16.215 Python/3.7.4 Linux/4.19.61-1-lts botocore/1.12.205],8.079891e-05,1.0986123,1.0,0.0,2.0
[aws-cli/1.16.215 Python/3.6.0 Windows/10 botocore/1.12.205],8.079891e-05,1.0986123,1.0,0.0,2.0
[aws-cli/1.16.215 Python/2.7.13 Linux/4.12.0-kali1-amd64 botocore/1.12.205],8.079891e-05,1.0986123,1.0,0.0,2.0
[aws-cli/1.16.210 Python/3.6.0 Darwin/16.7.0 botocore/1.12.200],8.079891e-05,1.0986123,1.0,0.0,2.0
[aws-cli/1.15.59 Python/2.7.15rc1 Linux/4.14.0-kali3-amd64 botocore/1.10.58],8.079891e-05,1.0986123,1.0,0.0,2.0
[aws-cli/1.11.164 Python/2.7.10 Darwin/17.0.0 botocore/1.7.22],8.079891e-05,1.0986123,1.0,0.0,2.0
[aws-cli/1.11.44 Python/2.7.10 Darwin/17.3.0 botocore/1.5.7],8.079891e-05,1.0986123,1.0,0.0,2.0
[aws-cli/1.11.185 Python/2.7.9 Windows/8 botocore/1.7.43],8.079891e-05,1.0986123,1.0,0.0,2.0
[aws-cli/1.14.30 Python/2.7.14 Linux/4.13.0-kali1-amd64 botocore/1.8.34],8.079891e-05,1.0986123,1.0,0.0,2.0
[aws-cli/1.14.1 Python/2.7.12 Linux/4.4.0-112-generic botocore/1.8.5],8.079891e-05,1.0986123,1.0,0.0,2.0
[aws-cli/1.11.15 Python/2.7.10 Darwin/14.5.0 botocore/1.4.72],8.079891e-05,1.0986123,1.0,0.0,2.0
[aws-cli/1.11.52 Python/2.7.9 Windows/8 botocore/1.5.15],8.079891e-05,1.0986123,1.0,0.0,2.0
[aws-cli/1.11.81 Python/2.7.5 Linux/3.10.0-514.2.2.el7.x86_64 botocore/1.8.28],8.079891e-05,1.0986123,1.0,0.0,2.0
[aws-cli/1.16.213 Python/3.7.4 Darwin/18.7.0 botocore/1.12.203],8.079891e-05,1.0986123,1.0,0.0,2.0
[aws-cli/1.16.215 Python/2.7.10 Darwin/17.7.0 botocore/1.12.205],8.079891e-05,1.0986123,1.0,0.0,2.0
[aws-cli/1.16.17 Python/3.7.0 Darwin/18.6.0 botocore/1.12.7],8.079891e-05,1.0986123,1.0,0.0,2.0
[aws-cli/1.16.207 Python/2.7.16 Darwin/18.6.0 botocore/1.12.197],8.079891e-05,1.0986123,1.0,0.0,2.0
[aws-cli/1.14.33 Python/2.7.15+ Linux/4.15.0-54-generic botocore/1.12.7],8.079891e-05,1.0986123,1.0,0.0,2.0
[aws-cli/1.16.210 Python/3.7.3 Linux/4.19.0-5-amd64 botocore/1.12.200],8.079891e-05,1.0986123,1.0,0.0,2.0
[aws-cli/1.11.5 Python/2.7.10 Darwin/16.5.0 botocore/1.4.62],8.079891e-05,1.0986123,1.0,0.0,2.0
[aws-cli/1.11.61 Python/3.6.0 Linux/4.9.13.r351437662978-1-grsec botocore/1.5.24],8.079891e-05,1.0986123,1.0,0.0,2.0
[aws-cli/1.16.203 Python/3.7.2 Linux/4.19.28-1-MANJARO botocore/1.12.193],8.079891e-05,1.0986123,1.0,0.0,2.0
[aws-cli/1.16.50 Python/3.7.2 Darwin/17.5.0 botocore/1.12.40],8.079891e-05,1.0986123,1.0,0.0,2.0
[aws-cli/1.16.199 Python/2.7.15+ Linux/4.15.0-55-generic botocore/1.12.198],8.079891e-05,1.0986123,1.0,0.0,2.0
[aws-cli/1.15.10 Python/3.6.0 Windows/10 botocore/1.10.10],8.079891e-05,1.0986123,1.0,0.0,2.0
[aws-cli/1.11.10 Python/2.7.10 Darwin/15.6.0 botocore/1.4.67],8.079891e-05,1.0986123,1.0,0.0,2.0
[aws-cli/1.11.48 Python/3.6.0 Linux/4.9.8-1-ARCH botocore/1.5.11],8.079891e-05,1.0986123,1.0,0.0,2.0
[Boto/2.48.0 Python/2.7.12 Linux/4.4.0-128-generic],8.079891e-05,1.0986123,1.0,0.0,2.0
[aws-cli/1.16.177 Python/2.7.10 Darwin/18.6.0 botocore/1.12.167],8.079891e-05,1.0986123,1.0,0.0,2.0
[aws-cli/1.11.61 Python/3.6.0 Linux/4.10.1-1-ARCH botocore/1.5.24],8.079891e-05,1.0986123,1.0,0.0,2.0
[aws-cli/1.11.40 Python/2.7.13 Darwin/16.4.0 botocore/1.5.3],8.079891e-05,1.0986123,1.0,0.0,2.0
[aws-cli/1.10.46 Python/2.7.10 Darwin/16.4.0 botocore/1.4.36],8.079891e-05,1.0986123,1.0,0.0,2.0
[aws-cli/1.11.61 Python/2.7.6 Linux/3.4.0+ botocore/1.5.24],8.079891e-05,1.0986123,1.0,0.0,2.0
[aws-cli/1.16.165 Python/2.7.16 Linux/4.19.0-kali5-amd64 botocore/1.12.155],8.079891e-05,1.0986123,1.0,0.0,2.0
[aws-cli/1.16.61 Python/3.6.5 Linux/4.12.14-lp150.12.64-default botocore/1.12.57],8.079891e-05,1.0986123,1.0,0.0,2.0
[aws-cli/1.16.209 Python/2.7.16+ Linux/4.19.0-kali5-amd64 botocore/1.12.199],8.079891e-05,1.0986123,1.0,0.0,2.0
[aws-cli/1.16.209 Python/2.7.16 Windows/10 botocore/1.12.199],8.079891e-05,1.0986123,1.0,0.0,2.0
[aws-cli/1.14.19 Python/2.7.9 Windows/8 botocore/1.8.23],8.079891e-05,1.0986123,1.0,0.0,2.0
[aws-cli/1.14.24 Python/2.7.12 Linux/4.4.0-109-generic botocore/1.8.28],8.079891e-05,1.0986123,1.0,0.0,2.0
[aws-cli/1.14.23 Python/2.7.6 Linux/3.19.0-80-generic botocore/1.8.27],8.079891e-05,1.0986123,1.0,0.0,2.0
[aws-cli/1.14.1 Python/2.7.12 Linux/4.4.0-109-generic botocore/1.8.5],8.079891e-05,1.0986123,1.0,0.0,2.0
aws-cli/1.16.140 Python/3.7.3 Windows/10 botocore/1.12.130,8.079891e-05,1.0986123,1.0,0.0,2.0
aws-cli/1.16.63 Python/2.7.15rc1 Linux/4.15.0-46-generic botocore/1.12.53,8.079891e-05,1.0986123,1.0,0.0,2.0
[aws-cli/1.11.56 Python/2.6.6 Linux/2.6.32-642.1.1.el6.x86_64 botocore/1.5.19],8.079891e-05,1.0986123,1.0,0.0,2.0
[aws-cli/1.11.13 Python/2.7.14 Darwin/17.3.0 botocore/1.4.70],8.079891e-05,1.0986123,1.0,0.0,2.0
[aws-cli/1.11.190 Python/2.7.13 Darwin/16.7.0 botocore/1.7.48],8.079891e-05,1.0986123,1.0,0.0,2.0
[Boto3/1.5.18 Python/3.6.1 Darwin/16.7.0 Botocore/1.8.32],8.079891e-05,1.0986123,1.0,0.0,2.0
[aws-cli/1.16.209 Python/2.7.15 Darwin/18.6.0 botocore/1.12.199],8.079891e-05,1.0986123,1.0,0.0,2.0
[aws-cli/1.16.209 Python/2.7.15 Linux/4.14.0-kali3-amd64 botocore/1.12.199],8.079891e-05,1.0986123,1.0,0.0,2.0
[aws-cli/1.16.184 Python/2.7.10 Darwin/18.7.0 botocore/1.12.174],8.079891e-05,1.0986123,1.0,0.0,2.0
[aws-cli/1.16.149 Python/3.7.3 Linux/5.0.0-23-generic botocore/1.12.139],8.079891e-05,1.0986123,1.0,0.0,2.0
[aws-cli/1.11.35 Python/2.7.10 Darwin/16.1.0 botocore/1.4.92],8.079891e-05,1.0986123,1.0,0.0,2.0
[aws-cli/1.16.208 Python/3.6.6 Linux/4.15.0-kali3-amd64 botocore/1.12.198],8.079891e-05,1.0986123,1.0,0.0,2.0
[aws-cli/1.16.200 Python/2.7.10 Darwin/16.7.0 botocore/1.12.190],8.079891e-05,1.0986123,1.0,0.0,2.0
[aws-cli/1.16.197 Python/2.7.12 Linux/4.15.0-51-generic botocore/1.12.187],8.079891e-05,1.0986123,1.0,0.0,2.0
[aws-cli/1.16.110 Python/3.7.2 Darwin/18.7.0 botocore/1.12.100],8.079891e-05,1.0986123,1.0,0.0,2.0
[aws-cli/1.10.1 Python/2.7.12 Linux/4.4.0-57-generic botocore/1.4.81],8.079891e-05,1.0986123,1.0,0.0,2.0
[aws-cli/1.11.56 Python/3.4.3 Linux/3.13.0-108-generic botocore/1.5.19],8.079891e-05,1.0986123,1.0,0.0,2.0
aws-cli/1.16.139 Python/3.6.0 Windows/10 botocore/1.12.129,8.079891e-05,1.0986123,1.0,0.0,2.0
aws-cli/1.16.140 Python/3.5.2 Linux/4.4.0-43-Microsoft botocore/1.12.130,8.079891e-05,1.0986123,1.0,0.0,2.0
[aws-cli/1.14.22 Python/2.7.13 Darwin/16.7.0 botocore/1.8.26],8.079891e-05,1.0986123,1.0,0.0,2.0
[aws-cli/1.16.57 Python/2.7.16 Linux/4.19.0-kali5-amd64 botocore/1.12.126],8.079891e-05,1.0986123,1.0,0.0,2.0
[aws-cli/1.16.207 Python/3.5.2 Linux/4.18.5-63965-tsurugi botocore/1.12.197],8.079891e-05,1.0986123,1.0,0.0,2.0
[aws-cli/1.16.199 Python/3.7.4 Darwin/18.6.0 botocore/1.12.189],8.079891e-05,1.0986123,1.0,0.0,2.0
[aws-cli/1.16.199 Python/3.7.3 Darwin/18.6.0 botocore/1.12.189],8.079891e-05,1.0986123,1.0,0.0,2.0
[aws-cli/1.16.209 Python/2.7.15 Darwin/16.7.0 botocore/1.12.199],8.079891e-05,1.0986123,1.0,0.0,2.0
[aws-cli/1.10.17 Python/2.7.9 Linux/3.16.0-4-amd64 botocore/1.4.8],8.079891e-05,1.0986123,1.0,0.0,2.0
[aws-cli/1.10.36 Python/2.7.10 Darwin/16.4.0 botocore/1.4.26],8.079891e-05,1.0986123,1.0,0.0,2.0
[aws-cli/1.16.149 Python/3.7.3 Darwin/18.2.0 botocore/1.12.139],8.079891e-05,1.0986123,1.0,0.0,2.0
[aws-cli/1.16.209 Python/2.7.10 Darwin/18.7.0 botocore/1.12.199],8.079891e-05,1.0986123,1.0,0.0,2.0
[aws-cli/1.11.56 Python/2.7.12 Linux/4.4.0-36-generic botocore/1.5.19],8.079891e-05,1.0986123,1.0,0.0,2.0
aws-cli/1.16.198 Python/2.7.16 Darwin/18.5.0 botocore/1.12.188,8.079891e-05,1.0986123,1.0,0.0,2.0
aws-cli/1.16.114 Python/3.7.3 Linux/4.19.0-kali5-amd64 botocore/1.12.104,8.079891e-05,1.0986123,1.0,0.0,2.0
aws-cli/1.16.194 Python/3.7.3 Linux/4.19.0-kali5-amd64 botocore/1.12.186,8.079891e-05,1.0986123,1.0,0.0,2.0
aws-cli/1.16.131 Python/3.7.1 Darwin/18.6.0 botocore/1.12.121,8.079891e-05,1.0986123,1.0,0.0,2.0
aws-cli/1.16.140 Python/3.6.7 Linux/4.15.0-1039-aws botocore/1.12.130,8.079891e-05,1.0986123,1.0,0.0,2.0
[aws-cli/1.7.26 Python/2.7.10 Darwin/17.3.0],8.079891e-05,1.0986123,1.0,0.0,2.0
[aws-cli/1.11.59 Python/2.7.10 Darwin/16.6.0 botocore/1.5.22],8.079891e-05,1.0986123,1.0,0.0,2.0
[aws-cli/1.10.47 Python/2.7.10 Darwin/16.6.0 botocore/1.4.37],8.079891e-05,1.0986123,1.0,0.0,2.0
[aws-cli/1.16.203 Python/3.7.4 Darwin/18.6.0 botocore/1.12.193],8.079891e-05,1.0986123,1.0,0.0,2.0
[aws-cli/1.9.9 Python/2.7.10 Darwin/18.5.0 botocore/1.3.9],8.079891e-05,1.0986123,1.0,0.0,2.0
[aws-cli/1.16.171 Python/2.7.10 Darwin/18.6.0 botocore/1.12.161],8.079891e-05,1.0986123,1.0,0.0,2.0
[aws-cli/1.16.173 Python/3.7.3 Linux/4.19.44-mdma botocore/1.12.163],8.079891e-05,1.0986123,1.0,0.0,2.0
[aws-cli/1.16.72 Python/2.7.15rc1 Linux/4.15.0-50-generic botocore/1.12.69],8.079891e-05,1.0986123,1.0,0.0,2.0
[aws-cli/1.16.148 Python/3.7.2 Darwin/18.6.0 botocore/1.12.138],8.079891e-05,1.0986123,1.0,0.0,2.0
[aws-cli/1.16.171 Python/3.6.0 Windows/10 botocore/1.12.161],8.079891e-05,1.0986123,1.0,0.0,2.0
[aws-cli/1.16.113 Python/3.7.3 Linux/4.19.0-5-amd64 botocore/1.12.103],8.079891e-05,1.0986123,1.0,0.0,2.0
[aws-cli/1.16.113 Python/3.7.3 Linux/4.19.0-kali4-amd64 botocore/1.12.103],8.079891e-05,1.0986123,1.0,0.0,2.0
[Boto/2.42.0 Python/2.7.12 Linux/4.4.41-35.53.amzn1.x86_64],8.079891e-05,1.0986123,1.0,0.0,2.0
[aws-cli/1.9.11 Python/2.7.10 Linux/4.1.13-19.30.amzn1.x86_64 botocore/1.4.34],8.079891e-05,1.0986123,1.0,0.0,2.0
[aws-cli/1.11.43 Python/2.7.12 Linux/4.9.11-moby botocore/1.5.6],8.079891e-05,1.0986123,1.0,0.0,2.0
[aws-cli/1.11.126 Python/2.7.14 Darwin/16.7.0 botocore/1.5.89],8.079891e-05,1.0986123,1.0,0.0,2.0
[aws-cli/1.11.56 Python/2.7.12 Linux/4.8.0-56-generic botocore/1.5.19],8.079891e-05,1.0986123,1.0,0.0,2.0
[aws-cli/1.11.39 Python/2.7.10 Darwin/15.6.0 botocore/1.5.2],8.079891e-05,1.0986123,1.0,0.0,2.0
[aws-cli/1.11.13 Python/3.5.2 Linux/4.4.0-34-generic botocore/1.4.70],8.079891e-05,1.0986123,1.0,0.0,2.0
[aws-cli/1.16.205 Python/3.7.3 Darwin/18.7.0 botocore/1.12.195],8.079891e-05,1.0986123,1.0,0.0,2.0
[aws-cli/1.16.207 Python/2.7.15rc1 Linux/4.4.0-53329-Microsoft botocore/1.12.197],8.079891e-05,1.0986123,1.0,0.0,2.0
[aws-cli/1.16.206 Python/2.7.15rc1 Linux/4.4.0-53329-Microsoft botocore/1.12.196],8.079891e-05,1.0986123,1.0,0.0,2.0
[Boto3/1.9.39 Python/2.7.16 Linux/4.19.0-kali5-amd64 Botocore/1.12.86],8.079891e-05,1.0986123,1.0,0.0,2.0
[aws-cli/1.16.179 Python/3.6.0 Windows/10 botocore/1.12.169],8.079891e-05,1.0986123,1.0,0.0,2.0
[aws-cli/1.16.200 Python/3.7.4 Darwin/18.2.0 botocore/1.12.190],8.079891e-05,1.0986123,1.0,0.0,2.0
[Boto3/1.4.4 Python/2.7.13 Darwin/15.6.0 Botocore/1.5.14],8.079891e-05,1.0986123,1.0,0.0,2.0
[aws-cli/1.15.40 Python/2.7.12 Linux/4.4.0-116-generic botocore/1.10.40],8.079891e-05,1.0986123,1.0,0.0,2.0
[aws-cli/1.13.0 Python/2.7.9 Windows/8 botocore/1.8.3],8.079891e-05,1.0986123,1.0,0.0,2.0
[aws-cli/1.11.181 Python/2.7.12 Linux/4.9.34-gentoo botocore/1.7.39],8.079891e-05,1.0986123,1.0,0.0,2.0
[aws-cli/1.14.18 Python/2.7.12 Linux/4.4.0-21-generic botocore/1.8.22],8.079891e-05,1.0986123,1.0,0.0,2.0
[aws-cli/1.16.170 Python/3.6.0 Windows/10 botocore/1.12.160],8.079891e-05,1.0986123,1.0,0.0,2.0
[aws-cli/1.16.113 Python/3.7.4 Linux/4.9.125-linuxkit botocore/1.12.103],8.079891e-05,1.0986123,1.0,0.0,2.0
[aws-cli/1.16.203 Python/2.7.14 Linux/4.13.0-kali1-686-pae botocore/1.12.193],8.079891e-05,1.0986123,1.0,0.0,2.0
[aws-cli/1.16.203 Python/2.7.16 Linux/4.19.0-kali4-amd64 botocore/1.12.193],8.079891e-05,1.0986123,1.0,0.0,2.0
[aws-cli/1.16.203 Python/2.7.16 Windows/10 botocore/1.12.193],8.079891e-05,1.0986123,1.0,0.0,2.0
[aws-cli/1.16.169 Python/3.6.7 Linux/4.18.0-25-generic botocore/1.12.159],8.079891e-05,1.0986123,1.0,0.0,2.0
[aws-cli/1.16.203 Python/2.7.16 Linux/4.19.0-kali5-amd64 botocore/1.12.193],8.079891e-05,1.0986123,1.0,0.0,2.0
[aws-cli/1.16.202 Python/2.7.15rc1 Linux/4.4.0-53329-Microsoft botocore/1.12.192],8.079891e-05,1.0986123,1.0,0.0,2.0
[aws-cli/1.11.121 Python/2.7.12 Linux/4.10.0-42-generic botocore/1.5.84],8.079891e-05,1.0986123,1.0,0.0,2.0
[aws-cli/1.11.165 Python/2.7.14 Linux/4.13.0-kali1-amd64 botocore/1.8.2],8.079891e-05,1.0986123,1.0,0.0,2.0
[aws-cli/1.11.13 Python/3.5.2 Linux/4.4.0-101-generic botocore/1.4.70],8.079891e-05,1.0986123,1.0,0.0,2.0
[aws-cli/1.11.16 Python/2.7.8 Linux/2.6.18-164.el5 botocore/1.4.73],8.079891e-05,1.0986123,1.0,0.0,2.0
[aws-cli/1.10.36 Python/2.7.10 Darwin/15.6.0 botocore/1.4.26],8.079891e-05,1.0986123,1.0,0.0,2.0
[aws-cli/1.11.36 Python/2.7.10 Darwin/16.3.0 botocore/1.4.93],8.079891e-05,1.0986123,1.0,0.0,2.0
[aws-cli/1.11.13 Python/3.5.2 Linux/4.4.0-57-generic botocore/1.4.70],8.079891e-05,1.0986123,1.0,0.0,2.0
[aws-cli/1.14.16 Python/2.7.12 Linux/3.4.0+ botocore/1.8.20],8.079891e-05,1.0986123,1.0,0.0,2.0
[aws-cli/1.14.10 Python/3.6.3 Darwin/17.3.0 botocore/1.8.14],8.079891e-05,1.0986123,1.0,0.0,2.0
[aws-cli/1.16.169 Python/3.6.5 Windows/10 botocore/1.12.159],8.079891e-05,1.0986123,1.0,0.0,2.0
[aws-cli/1.16.169 Python/3.6.8 Linux/4.18.0-25-generic botocore/1.12.159],8.079891e-05,1.0986123,1.0,0.0,2.0
[aws-cli/1.16.30 Python/2.7.5 Linux/3.10.0-862.el7.x86_64 botocore/1.12.20],8.079891e-05,1.0986123,1.0,0.0,2.0
[aws-cli/1.16.201 Python/3.6.6 Linux/4.15.0-47-generic botocore/1.12.191],8.079891e-05,1.0986123,1.0,0.0,2.0
[aws-cli/1.16.200 Python/2.7.15+ Linux/4.4.0-01985-Microsoft botocore/1.12.190],8.079891e-05,1.0986123,1.0,0.0,2.0
[aws-cli/1.11.56 Python/3.6.0 Linux/4.9.11-1-ARCH botocore/1.5.17],8.079891e-05,1.0986123,1.0,0.0,2.0
[aws-cli/1.16.204 Python/3.6.8 Linux/4.19.0-kali3-amd64 botocore/1.12.194],8.079891e-05,1.0986123,1.0,0.0,2.0
[aws-cli/1.16.40 Python/3.7.3 Darwin/18.6.0 botocore/1.12.30],8.079891e-05,1.0986123,1.0,0.0,2.0
[aws-cli/1.11.139 Python/3.5.4 Linux/4.9.0-kali3-amd64 botocore/1.6.6],8.079891e-05,1.0986123,1.0,0.0,2.0
aws-cli/2.0.36 Python/3.7.4 Darwin/19.5.0 exe/x86_64 command/sts.get-caller-identity,8.079891e-05,1.0986123,1.0,0.0,2.0
[aws-cli/1.15.3 Python/2.7.9 CYGWIN_NT-6.1/2.0.2(0.287/5/3) botocore/1.10.3],8.079891e-05,1.0986123,1.0,0.0,2.0
rds.amazonaws.com,8.079891e-05,1.0986123,1.0,0.0,2.0
[aws-cli/1.15.32 Python/2.7.12 Linux/4.4.0-127-generic botocore/1.10.32],8.079891e-05,1.0986123,1.0,0.0,2.0
[aws-cli/1.15.33 Python/2.7.15rc1 Linux/4.15.0-1012-azure botocore/1.10.33],8.079891e-05,1.0986123,1.0,0.0,2.0
[aws-cli/1.11.190 Python/3.6.3 Darwin/15.6.0 botocore/1.7.48],8.079891e-05,1.0986123,1.0,0.0,2.0
[aws-cli/1.11.132 Python/2.7.12 Linux/4.9.62-21.56.amzn1.x86_64 botocore/1.5.95],8.079891e-05,1.0986123,1.0,0.0,2.0
[aws-cli/1.16.169 Python/3.6.0 Darwin/15.6.0 botocore/1.12.159],8.079891e-05,1.0986123,1.0,0.0,2.0
[aws-cli/1.16.90 Python/3.7.2 Darwin/18.6.0 botocore/1.12.80],8.079891e-05,1.0986123,1.0,0.0,2.0
[aws-cli/1.16.197 Python/3.7.3 Linux/5.0.0-20-generic botocore/1.12.189],8.079891e-05,1.0986123,1.0,0.0,2.0
[aws-cli/1.16.198 Python/3.6.8 Linux/3.10.0-957.21.3.el7.x86_64 botocore/1.12.188],8.079891e-05,1.0986123,1.0,0.0,2.0
[aws-cli/1.16.198 Python/2.7.16 Darwin/18.5.0 botocore/1.12.188],8.079891e-05,1.0986123,1.0,0.0,2.0
[aws-cli/1.16.198 Python/3.6.8 Linux/4.18.0-25-generic botocore/1.12.188],8.079891e-05,1.0986123,1.0,0.0,2.0
[aws-cli/1.11.56 Python/2.7.16 Linux/4.19.0-5-amd64 botocore/1.5.19],8.079891e-05,1.0986123,1.0,0.0,2.0
[aws-cli/1.11.87 Python/2.7.10 Darwin/16.6.0 botocore/1.5.50],8.079891e-05,1.0986123,1.0,0.0,2.0
[aws-cli/1.11.116 Python/2.7.9 Windows/8 botocore/1.5.79],8.079891e-05,1.0986123,1.0,0.0,2.0
[aws-cli/1.15.32 Python/2.7.13 Linux/4.9.0-6-amd64 botocore/1.10.32],8.079891e-05,1.0986123,1.0,0.0,2.0
[aws-cli/1.11.13 Python/3.5.2 Linux/4.13.0-43-generic botocore/1.8.28],8.079891e-05,1.0986123,1.0,0.0,2.0
[aws-cli/1.11.41 Python/2.7.10 Darwin/17.5.0 botocore/1.5.4],8.079891e-05,1.0986123,1.0,0.0,2.0
aws-cli/2.0.37 Python/3.8.5 Darwin/19.6.0 source/x86_64 command/sts.get-caller-identity,8.079891e-05,1.0986123,1.0,0.0,2.0
[aws-cli/1.11.13 Python/3.5.2 Linux/4.4.0-96-generic botocore/1.4.70],8.079891e-05,1.0986123,1.0,0.0,2.0
[aws-cli/1.11.180 Python/3.6.3 Darwin/17.2.0 botocore/1.7.38],8.079891e-05,1.0986123,1.0,0.0,2.0
[Boto/2.48.0 Python/2.7.13 Windows/10],8.079891e-05,1.0986123,1.0,0.0,2.0
[aws-cli/1.11.115 Python/3.5.2 Linux/4.4.0-81-generic botocore/1.5.78],8.079891e-05,1.0986123,1.0,0.0,2.0
[aws-cli/1.11.115 Python/2.7.10 Darwin/16.6.0 botocore/1.5.78],8.079891e-05,1.0986123,1.0,0.0,2.0
[aws-cli/1.11.115 Python/2.7.13 Linux/4.9.0-kali4-amd64 botocore/1.5.78],8.079891e-05,1.0986123,1.0,0.0,2.0
[aws-cli/1.11.13 Python/3.5.2 Linux/4.10.0-37-generic botocore/1.4.70],8.079891e-05,1.0986123,1.0,0.0,2.0
[aws-cli/1.16.169 Python/3.7.3 Linux/5.0.13-arch1-1-ARCH botocore/1.12.159],8.079891e-05,1.0986123,1.0,0.0,2.0
[aws-cli/1.16.30 Python/3.7.0 Darwin/18.6.0 botocore/1.12.20],8.079891e-05,1.0986123,1.0,0.0,2.0
[aws-cli/1.16.197 Python/2.7.16 Linux/4.19.0-kali5-amd64 botocore/1.12.187],8.079891e-05,1.0986123,1.0,0.0,2.0
[aws-cli/1.16.197 Python/3.7.3 Linux/4.19.0-parrot4-28t-amd64 botocore/1.12.187],8.079891e-05,1.0986123,1.0,0.0,2.0
[aws-cli/1.16.160 Python/3.7.3 Darwin/18.6.0 botocore/1.12.150],8.079891e-05,1.0986123,1.0,0.0,2.0
[aws-cli/1.16.183 Python/3.5.2 Linux/4.4.0-112-generic botocore/1.12.173],8.079891e-05,1.0986123,1.0,0.0,2.0
[aws-cli/1.10.58 Python/2.7.12 Linux/4.4.0-97-generic botocore/1.4.48],8.079891e-05,1.0986123,1.0,0.0,2.0
[aws-cli/1.11.175 Python/2.7.13 Linux/4.13.0-kali1-amd64 botocore/1.7.33],8.079891e-05,1.0986123,1.0,0.0,2.0
[aws-cli/1.11.63 Python/2.7.9 Windows/7 botocore/1.5.26],8.079891e-05,1.0986123,1.0,0.0,2.0
[aws-cli/1.11.139 Python/3.5.4 Linux/4.13.0-kali1-amd64 botocore/1.6.6],8.079891e-05,1.0986123,1.0,0.0,2.0
[aws-cli/1.15.24 Python/3.6.5 Linux/4.16.11-1-ARCH botocore/1.10.24],8.079891e-05,1.0986123,1.0,0.0,2.0
[aws-cli/1.14.44 Python/3.6.5 Linux/4.15.0-22-generic botocore/1.8.48],8.079891e-05,1.0986123,1.0,0.0,2.0
aws-cli/2.0.37 Python/3.7.4 Darwin/17.7.0 exe/x86_64 command/sts.get-caller-identity,8.079891e-05,1.0986123,1.0,0.0,2.0
[aws-cli/1.15.29 Python/2.7.15rc1 Linux/4.15.0-22-generic botocore/1.10.29],8.079891e-05,1.0986123,1.0,0.0,2.0
[Boto3/1.9.189 Python/3.7.4 Darwin/18.6.0 Botocore/1.12.189],8.079891e-05,1.0986123,1.0,0.0,2.0
[aws-cli/1.16.196 Python/3.7.3 Darwin/17.7.0 botocore/1.12.186],8.079891e-05,1.0986123,1.0,0.0,2.0
[aws-cli/1.16.194 Python/2.7.16 Linux/4.19.0-kali5-amd64 botocore/1.12.184],8.079891e-05,1.0986123,1.0,0.0,2.0
[aws-cli/1.16.188 Python/3.5.2 Linux/3.13.0-43-generic botocore/1.12.178],8.079891e-05,1.0986123,1.0,0.0,2.0
"[aws-internal/3, S3Console/0.4]",8.079891e-05,1.0986123,1.0,0.0,2.0
[aws-cli/1.16.6 Python/2.7.15 Darwin/18.6.0 botocore/1.11.6],8.079891e-05,1.0986123,1.0,0.0,2.0
[aws-cli/1.16.196 Python/2.7.10 Darwin/18.6.0 botocore/1.12.186],8.079891e-05,1.0986123,1.0,0.0,2.0
[aws-cli/1.16.90 Python/3.7.3 Darwin/18.5.0 botocore/1.12.80],8.079891e-05,1.0986123,1.0,0.0,2.0
[aws-cli/1.16.198 Python/2.7.12 Linux/4.4.0-59-generic botocore/1.12.188],8.079891e-05,1.0986123,1.0,0.0,2.0
[aws-cli/1.16.198 Python/2.7.13 Linux/4.9.0-8-amd64 botocore/1.12.188],8.079891e-05,1.0986123,1.0,0.0,2.0
[aws-cli/1.16.114 Python/3.7.3 Linux/4.19.0-kali3-amd64 botocore/1.12.104],8.079891e-05,1.0986123,1.0,0.0,2.0
[aws-cli/1.10.32 Python/2.7.10 Darwin/16.7.0 botocore/1.6.1],8.079891e-05,1.0986123,1.0,0.0,2.0
[aws-cli/1.11.170 Python/3.6.3 Darwin/16.7.0 botocore/1.7.28],8.079891e-05,1.0986123,1.0,0.0,2.0
[aws-cli/1.10.26 Python/2.7.10 Darwin/16.6.0 botocore/1.4.17],8.079891e-05,1.0986123,1.0,0.0,2.0
aws-cli/2.0.36 Python/3.7.3 Linux/5.0.0-38-generic exe/x86_64.ubuntu.19 command/sts.get-caller-identity,8.079891e-05,1.0986123,1.0,0.0,2.0
[aws-cli/1.16.174 Python/3.6.0 Windows/7 botocore/1.12.164],8.079891e-05,1.0986123,1.0,0.0,2.0
[aws-cli/1.11.150 Python/2.7.10 Darwin/17.5.0 botocore/1.7.8],8.079891e-05,1.0986123,1.0,0.0,2.0
[aws-cli/1.15.15 Python/3.6.5rc1 Linux/4.15.0-kali3-686-pae botocore/1.10.15],8.079891e-05,1.0986123,1.0,0.0,2.0
[aws-cli/1.11.169 Python/2.7.10 Darwin/17.0.0 botocore/1.7.27],8.079891e-05,1.0986123,1.0,0.0,2.0
[aws-cli/1.16.120 Python/3.7.4 Darwin/18.6.0 botocore/1.12.110],8.079891e-05,1.0986123,1.0,0.0,2.0
[aws-cli/1.16.113 Python/3.7.3 Linux/4.19.0-kali5-amd64 botocore/1.12.103],8.079891e-05,1.0986123,1.0,0.0,2.0
[aws-cli/1.15.70 Python/2.7.9 Windows/8 botocore/1.10.69],8.079891e-05,1.0986123,1.0,0.0,2.0
[aws-cli/1.16.191 Python/3.7.3 Linux/5.0.0-17-generic botocore/1.12.181],8.079891e-05,1.0986123,1.0,0.0,2.0
[aws-cli/1.15.24 Python/2.7.10 Darwin/18.6.0 botocore/1.10.24],8.079891e-05,1.0986123,1.0,0.0,2.0
[aws-cli/1.16.197 Python/2.7.10 Darwin/18.6.0 botocore/1.12.187],8.079891e-05,1.0986123,1.0,0.0,2.0
[Boto3/1.9.83 Python/3.7.1 Darwin/18.6.0 Botocore/1.12.121],8.079891e-05,1.0986123,1.0,0.0,2.0
[aws-cli/1.11.115 Python/2.7.13 Darwin/16.7.0 botocore/1.5.78],8.079891e-05,1.0986123,1.0,0.0,2.0
[aws-cli/1.11.13 Python/2.7.14 Darwin/17.0.0 botocore/1.4.70],8.079891e-05,1.0986123,1.0,0.0,2.0
[aws-cli/1.11.133 Python/3.6.2 Darwin/16.7.0 botocore/1.6.0],8.079891e-05,1.0986123,1.0,0.0,2.0
[aws-cli/1.11.147 Python/3.6.1 Darwin/16.7.0 botocore/1.5.59],8.079891e-05,1.0986123,1.0,0.0,2.0
[aws-cli/1.11.44 Python/2.7.13 Darwin/16.6.0 botocore/1.5.7],8.079891e-05,1.0986123,1.0,0.0,2.0
[aws-cli/1.16.190 Python/3.6.0 Windows/10 botocore/1.12.180],8.079891e-05,1.0986123,1.0,0.0,2.0
[aws-cli/1.16.191 Python/2.7.16 Linux/4.19.0-kali4-amd64 botocore/1.12.181],8.079891e-05,1.0986123,1.0,0.0,2.0
[aws-cli/1.14.34 Python/2.7.10 Darwin/17.7.0 botocore/1.9.3],8.079891e-05,1.0986123,1.0,0.0,2.0
[aws-cli/1.16.170 Python/2.7.12 Linux/4.4.30-32.54.amzn1.x86_64 botocore/1.12.160],8.079891e-05,1.0986123,1.0,0.0,2.0
[aws-cli/1.16.144 Python/3.6.4 Darwin/18.6.0 botocore/1.12.134],8.079891e-05,1.0986123,1.0,0.0,2.0
[aws-cli/1.16.192 Python/2.7.15 Darwin/18.6.0 botocore/1.12.182],8.079891e-05,1.0986123,1.0,0.0,2.0
[aws-cli/1.16.192 Python/3.7.3 Linux/4.15.0-54-generic botocore/1.12.182],8.079891e-05,1.0986123,1.0,0.0,2.0
[aws-cli/1.16.121 Python/3.7.3 Darwin/18.5.0 botocore/1.12.181],8.079891e-05,1.0986123,1.0,0.0,2.0
[aws-cli/1.16.190 Python/2.7.16 Linux/4.19.0-kali5-amd64 botocore/1.12.180],8.079891e-05,1.0986123,1.0,0.0,2.0
[aws-cli/1.15.76 Python/2.7.15 Darwin/18.0.0 botocore/1.12.4],8.079891e-05,1.0986123,1.0,0.0,2.0
[aws-cli/1.11.55 Python/2.7.13 Darwin/16.6.0 botocore/1.4.93],8.079891e-05,1.0986123,1.0,0.0,2.0
[aws-cli/1.11.115 Python/2.7.10 Darwin/15.6.0 botocore/1.5.78],8.079891e-05,1.0986123,1.0,0.0,2.0
[aws-cli/1.14.61 Python/3.6.3 Linux/4.13.0-41-generic botocore/1.10.11],8.079891e-05,1.0986123,1.0,0.0,2.0
[aws-cli/1.11.93 Python/2.7.15rc1 Linux/4.15.0-22-generic botocore/1.5.56],8.079891e-05,1.0986123,1.0,0.0,2.0
aws-cli/2.0.52 Python/3.7.3 Linux/4.19.128-microsoft-standard exe/x86_64.ubuntu.18 command/sts.get-caller-identity,8.079891e-05,1.0986123,1.0,0.0,2.0
aws-cli/2.0.54 Python/3.7.3 Linux/4.15.0-kali2-amd64 exe/x86_64.kali.2019 command/sts.get-caller-identity,8.079891e-05,1.0986123,1.0,0.0,2.0
aws-cli/2.0.54 Python/3.7.3 Linux/4.6.0-kali1-amd64 exe/x86_64.kali.2020 command/sts.get-caller-identity,8.079891e-05,1.0986123,1.0,0.0,2.0
[aws-cli/1.8.13 Python/2.7.10 Darwin/16.7.0],8.079891e-05,1.0986123,1.0,0.0,2.0
[aws-cli/1.16.179 Python/2.7.15+ Linux/4.19.0-kali1-amd64 botocore/1.12.169],8.079891e-05,1.0986123,1.0,0.0,2.0
[aws-cli/1.16.190 Python/3.7.0 Darwin/18.6.0 botocore/1.12.180],8.079891e-05,1.0986123,1.0,0.0,2.0
[aws-cli/1.16.180 Python/3.7.3 Darwin/16.7.0 botocore/1.12.170],8.079891e-05,1.0986123,1.0,0.0,2.0
[aws-cli/1.16.189 Python/3.6.0 Windows/10 botocore/1.12.179],8.079891e-05,1.0986123,1.0,0.0,2.0
[aws-cli/1.16.188 Python/3.6.8 Linux/4.15.0-29-generic botocore/1.12.178],8.079891e-05,1.0986123,1.0,0.0,2.0
[aws-cli/1.16.80 Python/3.7.2 Darwin/18.6.0 botocore/1.12.70],8.079891e-05,1.0986123,1.0,0.0,2.0
[aws-cli/1.16.96 Python/2.7.10 Darwin/18.6.0 botocore/1.12.86],8.079891e-05,1.0986123,1.0,0.0,2.0
[aws-cli/1.16.188 Python/2.7.16 Darwin/18.6.0 botocore/1.12.178],8.079891e-05,1.0986123,1.0,0.0,2.0
[aws-cli/1.16.193 Python/2.7.16 Linux/4.19.0-kali5-amd64 botocore/1.12.183],8.079891e-05,1.0986123,1.0,0.0,2.0
[aws-cli/1.11.153 Python/2.7.11 Windows/10 botocore/1.7.11],8.079891e-05,1.0986123,1.0,0.0,2.0
[aws-cli/1.11.56 Python/2.7.5 Linux/3.10.0-514.10.2.el7.x86_64 botocore/1.5.19],8.079891e-05,1.0986123,1.0,0.0,2.0
[aws-cli/1.14.9 Python/2.7.13 Linux/4.14.26-46.32.amzn1.x86_64 botocore/1.8.13],8.079891e-05,1.0986123,1.0,0.0,2.0
[aws-cli/1.15.10 Python/3.6.2 Windows/10 botocore/1.10.10],8.079891e-05,1.0986123,1.0,0.0,2.0
[aws-cli/1.15.14 Python/3.6.4 FreeBSD/11.1-RELEASE botocore/1.10.14],8.079891e-05,1.0986123,1.0,0.0,2.0
[aws-cli/1.14.59 Python/2.7.10 Darwin/16.7.0 botocore/1.9.12],8.079891e-05,1.0986123,1.0,0.0,2.0
[aws-cli/1.14.34 Python/3.6.4 Darwin/16.7.0 botocore/1.8.38],8.079891e-05,1.0986123,1.0,0.0,2.0
[aws-cli/1.11.167 Python/2.7.10 Darwin/16.7.0 botocore/1.7.25],8.079891e-05,1.0986123,1.0,0.0,2.0
[aws-cli/1.11.136 Python/2.7.13 Linux/4.11.0-kali1-amd64 botocore/1.6.3],8.079891e-05,1.0986123,1.0,0.0,2.0
[aws-cli/1.10.37 Python/2.7.10 Darwin/16.6.0 botocore/1.4.27],8.079891e-05,1.0986123,1.0,0.0,2.0
[aws-cli/1.11.13 Python/3.5.2 Linux/4.8.0-46-generic botocore/1.4.70],8.079891e-05,1.0986123,1.0,0.0,2.0
[aws-cli/1.16.191 Python/2.7.13 Linux/4.9.0-kali3-amd64 botocore/1.12.181],8.079891e-05,1.0986123,1.0,0.0,2.0
[aws-cli/1.16.111 Python/3.6.8 Linux/4.15.0-52-generic botocore/1.12.101],8.079891e-05,1.0986123,1.0,0.0,2.0
[aws-cli/1.14.24 Python/3.6.4 Darwin/17.4.0 botocore/1.8.28],8.079891e-05,1.0986123,1.0,0.0,2.0
[aws-cli/1.16.190 Python/2.7.10 Darwin/18.6.0 botocore/1.12.180],8.079891e-05,1.0986123,1.0,0.0,2.0
[aws-cli/1.16.144 Python/3.7.3 Darwin/18.6.0 botocore/1.12.134],8.079891e-05,1.0986123,1.0,0.0,2.0
[aws-cli/1.16.150 Python/3.7.3 Darwin/18.6.0 botocore/1.12.140],8.079891e-05,1.0986123,1.0,0.0,2.0
[aws-cli/1.16.184 Python/2.7.15 Darwin/17.7.0 botocore/1.12.174],8.079891e-05,1.0986123,1.0,0.0,2.0
[aws-cli/1.16.87 Python/2.7.16 Darwin/17.7.0 botocore/1.12.77],8.079891e-05,1.0986123,1.0,0.0,2.0
[aws-cli/1.16.185 Python/3.6.0 Windows/10 botocore/1.12.175],8.079891e-05,1.0986123,1.0,0.0,2.0
[aws-cli/1.16.188 Python/2.7.10 Darwin/18.5.0 botocore/1.12.178],8.079891e-05,1.0986123,1.0,0.0,2.0
[aws-cli/1.16.78 Python/2.7.10 Darwin/18.6.0 botocore/1.12.74],8.079891e-05,1.0986123,1.0,0.0,2.0
[aws-cli/1.16.111 Python/3.7.3 Linux/5.1.11-300.fc30.x86_64 botocore/1.12.101],8.079891e-05,1.0986123,1.0,0.0,2.0
[aws-cli/1.16.140 Python/3.7.3 Linux/4.15.0-52-generic botocore/1.12.130],8.079891e-05,1.0986123,1.0,0.0,2.0
[aws-cli/1.16.184 Python/3.6.8 Linux/4.4.0-039049-Microsoft botocore/1.12.174],8.079891e-05,1.0986123,1.0,0.0,2.0
[aws-cli/1.16.183 Python/3.7.3 Darwin/18.6.0 botocore/1.12.173],8.079891e-05,1.0986123,1.0,0.0,2.0
[aws-cli/1.15.8 Python/3.6.5 Darwin/16.7.0 botocore/1.10.8],8.079891e-05,1.0986123,1.0,0.0,2.0
[aws-cli/1.15.6 Python/2.7.12 Linux/4.4.0-1052-aws botocore/1.10.6],8.079891e-05,1.0986123,1.0,0.0,2.0
[aws-cli/1.14.44 Python/3.6.5 Linux/4.15.0-20-generic botocore/1.8.48],8.079891e-05,1.0986123,1.0,0.0,2.0
[aws-cli/1.15.22 Python/3.6.4 Darwin/17.5.0 botocore/1.10.22],8.079891e-05,1.0986123,1.0,0.0,2.0
[aws-cli/1.14.10 Python/3.6.3 Darwin/17.5.0 botocore/1.8.14],8.079891e-05,1.0986123,1.0,0.0,2.0
[aws-cli/1.11.139 Python/2.7.12 Linux/4.10.0-33-generic botocore/1.7.6],8.079891e-05,1.0986123,1.0,0.0,2.0
[aws-cli/1.2.9 Python/3.4.3 Linux/4.4.0-43-Microsoft],8.079891e-05,1.0986123,1.0,0.0,2.0
[aws-cli/1.11.44 Python/2.7.12 Darwin/16.7.0 botocore/1.7.3],8.079891e-05,1.0986123,1.0,0.0,2.0
[aws-cli/1.16.183 Python/3.6.8 Linux/4.19.0-kali1-amd64 botocore/1.12.173],8.079891e-05,1.0986123,1.0,0.0,2.0
[aws-cli/1.16.178 Python/3.6.0 Windows/7 botocore/1.12.168],8.079891e-05,1.0986123,1.0,0.0,2.0
[aws-cli/1.16.181 Python/2.7.16 Linux/5.1.0-parrot1-3t-amd64 botocore/1.12.171],8.079891e-05,1.0986123,1.0,0.0,2.0
[aws-cli/1.16.180 Python/3.7.3 Darwin/18.0.0 botocore/1.12.170],8.079891e-05,1.0986123,1.0,0.0,2.0
[aws-cli/1.14.43 Python/2.7.12 Linux/4.4.0-43-Microsoft botocore/1.8.47],8.079891e-05,1.0986123,1.0,0.0,2.0
[aws-cli/1.14.43 Python/2.7.14+ Linux/4.14.0-kali3-amd64 botocore/1.8.47],8.079891e-05,1.0986123,1.0,0.0,2.0
[aws-cli/1.14.20 Python/3.6.4 Darwin/16.7.0 botocore/1.8.24],8.079891e-05,1.0986123,1.0,0.0,2.0
[aws-cli/1.14.41 Python/3.5.2 Linux/4.4.0-112-generic botocore/1.8.45],8.079891e-05,1.0986123,1.0,0.0,2.0
[aws-cli/1.14.22 Python/2.7.9 Windows/8 botocore/1.8.26],8.079891e-05,1.0986123,1.0,0.0,2.0
[aws-cli/1.16.180 Python/3.6.8 Linux/4.19.0-kali5-amd64 botocore/1.12.170],8.079891e-05,1.0986123,1.0,0.0,2.0
[aws-cli/1.11.13 Python/3.5.2 Linux/4.4.0-38-generic botocore/1.4.70],8.079891e-05,1.0986123,1.0,0.0,2.0
[aws-cli/1.11.89 Python/2.7.10 Darwin/15.6.0 botocore/1.5.52],8.079891e-05,1.0986123,1.0,0.0,2.0
[aws-cli/1.11.13 Python/3.5.2 Linux/4.13.0-37-generic botocore/1.4.70],8.079891e-05,1.0986123,1.0,0.0,2.0
[aws-cli/1.15.12 Python/3.5.2 Linux/4.4.0-122-generic botocore/1.10.12],8.079891e-05,1.0986123,1.0,0.0,2.0
[aws-cli/1.11.13 Python/3.5.2 Linux/4.13.0-39-generic botocore/1.4.70],8.079891e-05,1.0986123,1.0,0.0,2.0
[aws-cli/1.11.13 Python/3.5.2 Linux/4.4.0-119-generic botocore/1.4.70],8.079891e-05,1.0986123,1.0,0.0,2.0
[aws-cli/1.11.116 Python/2.7.13 Darwin/16.6.0 botocore/1.5.79],8.079891e-05,1.0986123,1.0,0.0,2.0
[aws-cli/1.11.13 Python/3.5.2 Linux/4.4.0-91-generic botocore/1.4.70],8.079891e-05,1.0986123,1.0,0.0,2.0
[aws-cli/1.11.130 Python/2.7.13 Linux/4.11.10-200.fc25.x86_64 botocore/1.5.93],8.079891e-05,1.0986123,1.0,0.0,2.0
[aws-cli/1.11.80 Python/2.7.10 Darwin/16.7.0 botocore/1.5.43],8.079891e-05,1.0986123,1.0,0.0,2.0
[aws-cli/1.14.68 Python/3.5.2 Linux/4.13.0-37-generic botocore/1.9.21],8.079891e-05,1.0986123,1.0,0.0,2.0
[aws-cli/1.15.4 Python/2.7.13 Linux/4.3.0-kali1-amd64 botocore/1.10.4],8.079891e-05,1.0986123,1.0,0.0,2.0
[aws-cli/1.11.147 Python/2.7.9 Windows/8 botocore/1.7.5],8.079891e-05,1.0986123,1.0,0.0,2.0
[aws-cli/1.11.111 Python/2.7.10 Darwin/16.7.0 botocore/1.5.74],8.079891e-05,1.0986123,1.0,0.0,2.0
[aws-cli/1.11.13 Python/3.5.2 Linux/4.10.0-32-generic botocore/1.4.70],8.079891e-05,1.0986123,1.0,0.0,2.0
[aws-cli/1.11.113 Python/3.6.1 Darwin/16.6.0 botocore/1.5.76],8.079891e-05,1.0986123,1.0,0.0,2.0
[aws-cli/1.16.178 Python/3.7.3 Linux/5.1.9-arch1-1-ARCH botocore/1.12.168],8.079891e-05,1.0986123,1.0,0.0,2.0
[aws-cli/1.14.44 Python/3.6.8 Linux/4.15.0-51-generic botocore/1.8.48],8.079891e-05,1.0986123,1.0,0.0,2.0
[aws-cli/1.16.162 Python/3.7.3 CYGWIN_NT-10.0-53329/3.0.7-338.x86_64 botocore/1.12.152],8.079891e-05,1.0986123,1.0,0.0,2.0
[aws-cli/1.16.111 Python/2.7.10 Darwin/16.7.0 botocore/1.12.101],8.079891e-05,1.0986123,1.0,0.0,2.0
[aws-cli/1.11.56 Python/2.7.13 Linux/4.9.13-200.fc25.x86_64+debug botocore/1.5.19],8.079891e-05,1.0986123,1.0,0.0,2.0
[aws-cli/1.16.181 Python/2.7.16 Linux/4.19.0-kali5-amd64 botocore/1.12.171],8.079891e-05,1.0986123,1.0,0.0,2.0
[aws-cli/1.16.180 Python/2.7.16 Linux/4.19.0-kali5-amd64 botocore/1.12.170],8.079891e-05,1.0986123,1.0,0.0,2.0
[aws-cli/1.16.169 Python/3.7.3 Linux/5.1.6-arch1-1-ARCH botocore/1.12.159],8.079891e-05,1.0986123,1.0,0.0,2.0
[aws-cli/1.16.127 Python/3.7.3 Darwin/18.6.0 botocore/1.12.117],8.079891e-05,1.0986123,1.0,0.0,2.0
[aws-cli/1.11.89 Python/3.6.0 Darwin/17.4.0 botocore/1.5.52],8.079891e-05,1.0986123,1.0,0.0,2.0
[aws-cli/1.11.126 Python/2.7.13 Darwin/16.7.0 botocore/1.5.89],8.079891e-05,1.0986123,1.0,0.0,2.0
[aws-cli/1.11.124 Python/2.7.9 Windows/8 botocore/1.5.87],8.079891e-05,1.0986123,1.0,0.0,2.0
[aws-cli/1.11.16 Python/2.7.13 Darwin/16.7.0 botocore/1.5.3],8.079891e-05,1.0986123,1.0,0.0,2.0
[aws-cli/1.11.129 Python/2.7.13 Darwin/16.6.0 botocore/1.5.92],8.079891e-05,1.0986123,1.0,0.0,2.0
[aws-cli/1.11.127 Python/2.7.12 Linux/4.10.0-28-generic botocore/1.5.90],8.079891e-05,1.0986123,1.0,0.0,2.0
[aws-cli/1.14.53 Python/3.6.4 Darwin/17.4.0 botocore/1.9.6],8.079891e-05,1.0986123,1.0,0.0,2.0
[aws-cli/1.14.54 Python/2.7.14 Darwin/17.4.0 botocore/1.9.7],8.079891e-05,1.0986123,1.0,0.0,2.0
[aws-cli/1.11.83 Python/2.7.12 Darwin/16.5.0 botocore/1.5.46],8.079891e-05,1.0986123,1.0,0.0,2.0
[aws-cli/1.16.177 Python/3.7.3 Darwin/18.6.0 botocore/1.12.167],8.079891e-05,1.0986123,1.0,0.0,2.0
[aws-cli/1.16.113 Python/3.7.3 Linux/4.19.0-kali4-amd64 botocore/1.12.166],8.079891e-05,1.0986123,1.0,0.0,2.0
[aws-cli/1.16.113 Python/3.6.7 Linux/4.18.0-kali3-686 botocore/1.12.103],8.079891e-05,1.0986123,1.0,0.0,2.0
[aws-cli/1.14.50 Python/3.6.3 Darwin/17.4.0 botocore/1.9.3],8.079891e-05,1.0986123,1.0,0.0,2.0
[aws-cli/1.11.54 Python/3.5.3rc1 Linux/4.8.0-2-amd64 botocore/1.5.17],8.079891e-05,1.0986123,1.0,0.0,2.0
[aws-cli/1.14.15 Python/2.7.12 Darwin/17.4.0 botocore/1.8.19],8.079891e-05,1.0986123,1.0,0.0,2.0
[aws-cli/1.16.177 Python/3.7.3 Windows/10 botocore/1.12.167],8.079891e-05,1.0986123,1.0,0.0,2.0
[aws-cli/1.15.2 Python/3.6.5rc1 Linux/4.15.0-kali2-amd64 botocore/1.10.2],8.079891e-05,1.0986123,1.0,0.0,2.0
[aws-cli/1.17.5 Python/3.7.1 Darwin/19.2.0 botocore/1.14.5],8.079891e-05,1.0986123,1.0,0.0,2.0
[aws-cli/1.11.77 Python/2.7.10 Darwin/15.6.0 botocore/1.5.40],8.079891e-05,1.0986123,1.0,0.0,2.0
[aws-cli/1.10.48 Python/2.7.13 Darwin/16.5.0 botocore/1.4.38],8.079891e-05,1.0986123,1.0,0.0,2.0
[aws-cli/1.11.19 Python/2.7.16 Darwin/19.2.0 botocore/1.5.50],8.079891e-05,1.0986123,1.0,0.0,2.0
[aws-cli/1.16.106 Python/2.7.15rc1 Linux/4.4.0-01985-Microsoft botocore/1.12.96],8.079891e-05,1.0986123,1.0,0.0,2.0
[aws-cli/1.16.104 Python/3.6.0 Windows/7 botocore/1.12.94],8.079891e-05,1.0986123,1.0,0.0,2.0
[aws-cli/1.17.5 Python/2.7.17 Linux/5.2.0-kali3-amd64 botocore/1.14.5],8.079891e-05,1.0986123,1.0,0.0,2.0
[aws-cli/1.16.102 Python/2.7.16 Linux/4.14.128-87.105.amzn1.x86_64 botocore/1.12.92],8.079891e-05,1.0986123,1.0,0.0,2.0
[aws-cli/1.17.1 Python/2.7.16 Linux/4.14.158-101.185.amzn1.x86_64 botocore/1.14.1],8.079891e-05,1.0986123,1.0,0.0,2.0
[aws-cli/1.14.69 Python/2.7.9 Windows/7 botocore/1.9.22],8.079891e-05,1.0986123,1.0,0.0,2.0
[aws-cli/1.17.3 Python/2.7.16 Darwin/19.2.0 botocore/1.14.3],8.079891e-05,1.0986123,1.0,0.0,2.0
[aws-cli/1.11.13 Python/3.5.2 Linux/4.8.0-53-generic botocore/1.4.70],8.079891e-05,1.0986123,1.0,0.0,2.0
[aws-cli/1.16.57 Python/3.5.3 Darwin/19.2.0 botocore/1.12.47],8.079891e-05,1.0986123,1.0,0.0,2.0
[aws-cli/1.10.33 Python/2.6.6 Linux/2.6.32-431.el6.x86_64 botocore/1.4.23],8.079891e-05,1.0986123,1.0,0.0,2.0
[aws-cli/1.11.120 Python/2.7.10 Darwin/16.6.0 botocore/1.5.83],8.079891e-05,1.0986123,1.0,0.0,2.0
aws-cli/2.0.36 Python/3.7.3 Linux/5.0.0-38-generic exe/x86_64.ubuntu.19 command/cloudwatch.list-dashboards,7.479599e-05,0.6931472,1.0,0.0,1.0
aws-cli/2.0.49 Python/3.7.4 Darwin/19.6.0 exe/x86_64 command/cloudwatch.list-dashboards,7.479599e-05,0.6931472,1.0,0.0,1.0
[aws-cli/1.11.113 Python/3.4.4 Darwin/15.6.0 botocore/1.5.76],7.479541e-05,0.6931472,1.0,0.0,1.0
aws-cli/2.0.38 Python/3.7.4 Darwin/19.6.0 exe/x86_64 command/route53.list-health-checks,7.479541e-05,0.6931472,1.0,0.0,1.0
aws-cli/2.0.50 Python/3.8.5 Darwin/19.6.0 source/x86_64 command/apigateway.get-vpc-links,7.479541e-05,0.6931472,1.0,0.0,1.0
[aws-cli/1.11.50 Python/2.7.13 Darwin/15.4.0 botocore/1.5.13],7.479541e-05,0.6931472,1.0,0.0,1.0
"[AWS Console Lambda, aws-internal/3]",7.479541e-05,0.6931472,1.0,0.0,1.0
aws-cli/2.0.50 Python/3.8.5 Darwin/19.6.0 source/x86_64 command/cloudhsm.list-hsms,7.479541e-05,0.6931472,1.0,0.0,1.0
aws-cli/2.0.49 Python/3.7.4 Darwin/19.6.0 exe/x86_64 command/mq.list-configurations,7.479541e-05,0.6931472,1.0,0.0,1.0
[aws-cli/1.11.93 Python/2.7.10 Darwin/17.4.0 botocore/1.5.56],7.479541e-05,0.6931472,1.0,0.0,1.0
[aws-cli/1.14.50 Python/2.7.12+ Linux/4.8.0-kali1-amd64 botocore/1.9.3],7.479541e-05,0.6931472,1.0,0.0,1.0
[aws-cli/1.14.50 Python/2.7.14+ Linux/4.14.0-kali3-amd64 botocore/1.9.3],7.479541e-05,0.6931472,1.0,0.0,1.0
[aws-cli/1.11.13 Python/3.5.3 Linux/4.9.0-4-amd64 botocore/1.8.2],7.479541e-05,0.6931472,1.0,0.0,1.0
[aws-cli/1.14.47 Python/3.6.4 Linux/4.15.2-2-ARCH botocore/1.9.0],7.479541e-05,0.6931472,1.0,0.0,1.0
[aws-cli/1.14.48 Python/3.6.3 Darwin/17.4.0 botocore/1.9.1],7.479541e-05,0.6931472,1.0,0.0,1.0
[aws-cli/1.11.13 Python/3.5.2 Linux/4.4.0-87-generic botocore/1.4.70],7.479541e-05,0.6931472,1.0,0.0,1.0
[aws-cli/1.11.129 Python/2.7.12 Linux/4.8.0-58-generic botocore/1.5.92],7.479541e-05,0.6931472,1.0,0.0,1.0
[aws-cli/1.11.17 Python/2.6.6 Linux/2.6.32-642.6.2.el6.x86_64 botocore/1.4.74],7.479541e-05,0.6931472,1.0,0.0,1.0
[aws-cli/1.11.129 Python/2.7.13 Darwin/15.6.0 botocore/1.5.92],7.479541e-05,0.6931472,1.0,0.0,1.0
[aws-cli/1.11.123 Python/2.7.9 Windows/7 botocore/1.5.86],7.479541e-05,0.6931472,1.0,0.0,1.0
[aws-cli/1.11.61 Python/3.6.0 Windows/10 botocore/1.5.24],7.479541e-05,0.6931472,1.0,0.0,1.0
[aws-cli/1.10.0 Python/2.7.10 Darwin/15.3.0 botocore/1.3.22],7.479541e-05,0.6931472,1.0,0.0,1.0
[aws-cli/1.10.33 Python/2.7.9 Windows/7 botocore/1.4.23],7.479541e-05,0.6931472,1.0,0.0,1.0
[aws-cli/1.11.61 Python/2.7.12 CYGWIN_NT-10.0/2.6.1(0.305/5/3) botocore/1.5.24],7.479541e-05,0.6931472,1.0,0.0,1.0
[aws-cli/1.11.44 Python/2.7.12 CYGWIN_NT-10.0/2.6.1(0.305/5/3) botocore/1.5.7],7.479541e-05,0.6931472,1.0,0.0,1.0
[aws-cli/1.11.44 Python/3.4.4 Darwin/16.4.0 botocore/1.5.7],7.479541e-05,0.6931472,1.0,0.0,1.0
[aws-cli/1.11.35 Python/2.7.10 Darwin/14.5.0 botocore/1.4.92],7.479541e-05,0.6931472,1.0,0.0,1.0
[aws-cli/1.14.18 Python/3.6.3 Darwin/17.4.0 botocore/1.8.22],7.479541e-05,0.6931472,1.0,0.0,1.0
[aws-cli/1.11.171 Python/2.7.14 Linux/4.13.0-36-generic botocore/1.7.29],7.479541e-05,0.6931472,1.0,0.0,1.0
[aws-cli/1.11.139 Python/3.6.3 Linux/4.13.0-32-generic botocore/1.6.6],7.479541e-05,0.6931472,1.0,0.0,1.0
[aws-cli/1.14.12 Python/2.7.10 Darwin/17.4.0 botocore/1.8.16],7.479541e-05,0.6931472,1.0,0.0,1.0
[aws-cli/1.11.60 Python/2.7.12 Linux/4.8.0-40-generic botocore/1.5.23],7.479541e-05,0.6931472,1.0,0.0,1.0
[aws-cli/1.11.51 Python/2.7.6 Linux/3.4.0+ botocore/1.5.14],7.479541e-05,0.6931472,1.0,0.0,1.0
[aws-cli/1.11.60 Python/2.7.12 Darwin/16.4.0 botocore/1.5.23],7.479541e-05,0.6931472,1.0,0.0,1.0
[aws-cli/1.11.56 Python/2.7.12+ Linux/4.8.0-32-generic botocore/1.5.22],7.479541e-05,0.6931472,1.0,0.0,1.0
[aws-cli/1.11.46 Python/2.7.10 Darwin/15.6.0 botocore/1.5.9],7.479541e-05,0.6931472,1.0,0.0,1.0
[aws-cli/1.16.227 Python/3.6.0 Windows/10 botocore/1.12.217],7.479541e-05,0.6931472,1.0,0.0,1.0
[aws-cli/1.16.225 Python/2.7.16+ Linux/4.19.37-parrot1-amd64 botocore/1.12.215],7.479541e-05,0.6931472,1.0,0.0,1.0
[aws-cli/1.16.94 Python/2.7.15+ Linux/4.4.0-01985-Microsoft botocore/1.12.84],7.479541e-05,0.6931472,1.0,0.0,1.0
[aws-cli/1.14.2 Python/2.7.15 Darwin/18.7.0 botocore/1.8.6],7.479541e-05,0.6931472,1.0,0.0,1.0
[aws-cli/1.16.100 Python/2.7.15 Darwin/18.7.0 botocore/1.12.90],7.479541e-05,0.6931472,1.0,0.0,1.0
[aws-cli/1.16.230 Python/3.7.3 Windows/10 botocore/1.12.220],7.479541e-05,0.6931472,1.0,0.0,1.0
[aws-cli/1.16.230 Python/3.7.3 Linux/4.19.0-5-amd64 botocore/1.12.220],7.479541e-05,0.6931472,1.0,0.0,1.0
[aws-cli/1.16.222 Python/2.7.16 Linux/4.19.0-kali4-amd64 botocore/1.12.212],7.479541e-05,0.6931472,1.0,0.0,1.0
[aws-cli/1.16.182 Python/2.7.10 Darwin/18.7.0 botocore/1.12.172],7.479541e-05,0.6931472,1.0,0.0,1.0
[aws-cli/1.16.225 Python/2.7.16 Linux/4.18.0-kali2-amd64 botocore/1.12.215],7.479541e-05,0.6931472,1.0,0.0,1.0
[Boto3/1.9.218 Python/2.7.13 Windows/10 Botocore/1.12.218],7.479541e-05,0.6931472,1.0,0.0,1.0
[aws-cli/1.11.62 Python/2.7.13 Linux/4.9.0-kali2-amd64 botocore/1.5.25],7.479541e-05,0.6931472,1.0,0.0,1.0
[aws-cli/1.11.61 Python/2.7.13 Darwin/16.4.0 botocore/1.5.24],7.479541e-05,0.6931472,1.0,0.0,1.0
[aws-cli/1.11.63 Python/2.7.12 Linux/4.4.0-45-generic botocore/1.5.26],7.479541e-05,0.6931472,1.0,0.0,1.0
[aws-cli/1.11.52 Python/2.7.6 Linux/3.19.0-25-generic botocore/1.5.15],7.479541e-05,0.6931472,1.0,0.0,1.0
[aws-cli/1.11.51 Python/2.7.10 Darwin/15.6.0 botocore/1.5.14],7.479541e-05,0.6931472,1.0,0.0,1.0
[aws-cli/1.11.63 Python/2.7.9 Windows/8 botocore/1.5.26],7.479541e-05,0.6931472,1.0,0.0,1.0
[aws-cli/1.11.63 Python/2.7.10 Darwin/15.6.0 botocore/1.5.26],7.479541e-05,0.6931472,1.0,0.0,1.0
[aws-cli/1.16.230 Python/2.7.16 Linux/4.19.0-kali4-amd64 botocore/1.12.220],7.479541e-05,0.6931472,1.0,0.0,1.0
[aws-cli/1.16.138 Python/2.7.15 Darwin/18.7.0 botocore/1.12.128],7.479541e-05,0.6931472,1.0,0.0,1.0
[aws-cli/1.16.218 Python/3.7.4 Linux/4.19.0-kali4-amd64 botocore/1.12.208],7.479541e-05,0.6931472,1.0,0.0,1.0
[aws-cli/1.16.230 Python/3.7.4 Linux/5.2.0-kali2-amd64 botocore/1.12.220],7.479541e-05,0.6931472,1.0,0.0,1.0
[aws-cli/1.15.71 Python/3.7.4 Linux/5.0.8-200.fc29.x86_64 botocore/1.10.41],7.479541e-05,0.6931472,1.0,0.0,1.0
[aws-cli/1.16.136 Python/3.6.0 Windows/10 botocore/1.12.126],7.479541e-05,0.6931472,1.0,0.0,1.0
[aws-cli/1.16.81 Python/3.7.3 Linux/5.0.0-25-generic botocore/1.12.71],7.479541e-05,0.6931472,1.0,0.0,1.0
[aws-cli/1.16.205 Python/3.6.0 Windows/10 botocore/1.12.195],7.479541e-05,0.6931472,1.0,0.0,1.0
[aws-cli/1.16.229 Python/2.7.15+ Linux/4.15.0-58-generic botocore/1.12.219],7.479541e-05,0.6931472,1.0,0.0,1.0
[aws-cli/1.16.196 Python/2.7.15 Darwin/18.6.0 botocore/1.12.186],7.479541e-05,0.6931472,1.0,0.0,1.0
[aws-cli/1.16.200 Python/3.6.8 Linux/5.0.0-25-generic botocore/1.12.190],7.479541e-05,0.6931472,1.0,0.0,1.0
[aws-cli/1.16.225 Python/2.7.10 Darwin/18.7.0 botocore/1.12.215],7.479541e-05,0.6931472,1.0,0.0,1.0
[aws-cli/1.16.224 Python/3.6.0 Windows/10 botocore/1.12.214],7.479541e-05,0.6931472,1.0,0.0,1.0
[aws-cli/1.16.214 Python/3.6.0 Windows/10 botocore/1.12.204],7.479541e-05,0.6931472,1.0,0.0,1.0
[aws-cli/1.16.210 Python/3.7.3 Linux/4.19.0-kali5-amd64 botocore/1.12.200],7.479541e-05,0.6931472,1.0,0.0,1.0
[aws-cli/1.16.234 Python/3.6.8 Linux/4.15.0-1047-aws botocore/1.12.224],7.479541e-05,0.6931472,1.0,0.0,1.0
[aws-cli/1.16.26 Python/3.6.8 Linux/4.18.0-25-generic botocore/1.12.16],7.479541e-05,0.6931472,1.0,0.0,1.0
[aws-cli/1.16.218 Python/3.7.4+ Linux/4.19.0-kali4-amd64 botocore/1.12.225],7.479541e-05,0.6931472,1.0,0.0,1.0
[aws-cli/1.16.235 Python/3.7.4 Linux/4.19.0-kali1-amd64 botocore/1.12.225],7.479541e-05,0.6931472,1.0,0.0,1.0
[aws-cli/1.11.190 Python/2.7.9 Windows/8 botocore/1.7.48],7.479541e-05,0.6931472,1.0,0.0,1.0
[aws-cli/1.11.38 Python/2.7.10 Darwin/15.6.0 botocore/1.5.1],7.479541e-05,0.6931472,1.0,0.0,1.0
[aws-cli/1.10.43 Python/2.7.12 Darwin/15.6.0 botocore/1.4.33],7.479541e-05,0.6931472,1.0,0.0,1.0
[aws-cli/1.16.233 Python/3.7.4 Linux/4.18.0-kali2-amd64 botocore/1.12.223],7.479541e-05,0.6931472,1.0,0.0,1.0
[aws-cli/1.16.232 Python/3.7.3 Darwin/18.7.0 botocore/1.12.222],7.479541e-05,0.6931472,1.0,0.0,1.0
[aws-cli/1.16.222 Python/2.7.16 Windows/10 botocore/1.12.212],7.479541e-05,0.6931472,1.0,0.0,1.0
[aws-cli/1.16.231 Python/3.7.4 Linux/4.4.0-420168-Microsoft botocore/1.12.221],7.479541e-05,0.6931472,1.0,0.0,1.0
[Boto3/1.7.48 Python/3.6.8 Linux/4.4.0-039049-Microsoft Botocore/1.10.48],7.479541e-05,0.6931472,1.0,0.0,1.0
[aws-cli/1.16.218 Python/3.7.3 Linux/4.19.0-kali5-amd64 botocore/1.12.208],7.479541e-05,0.6931472,1.0,0.0,1.0
[aws-cli/1.11.63 Python/2.7.13 Linux/4.9.0-12-generic botocore/1.5.26],7.479541e-05,0.6931472,1.0,0.0,1.0
[aws-cli/1.11.52 Python/2.7.10 Darwin/16.5.0 botocore/1.5.15],7.479541e-05,0.6931472,1.0,0.0,1.0
[aws-cli/1.16.240 Python/2.7.12 Linux/4.15.0-58-generic botocore/1.12.230],7.479541e-05,0.6931472,1.0,0.0,1.0
[aws-cli/1.16.94 Python/3.7.4 Darwin/18.7.0 botocore/1.12.84],7.479541e-05,0.6931472,1.0,0.0,1.0
[aws-cli/1.15.33 Python/2.7.10 Darwin/18.5.0 botocore/1.10.33],7.479541e-05,0.6931472,1.0,0.0,1.0
[aws-cli/1.10.60 Python/2.7.10 Darwin/15.6.0 botocore/1.4.50],7.479541e-05,0.6931472,1.0,0.0,1.0
[aws-cli/1.11.63 Python/2.7.12 Linux/4.4.0-21-generic botocore/1.5.26],7.479541e-05,0.6931472,1.0,0.0,1.0
[aws-cli/1.11.63 Python/2.7.13 Linux/4.9.11-1-ARCH botocore/1.5.26],7.479541e-05,0.6931472,1.0,0.0,1.0
[aws-cli/1.16.238 Python/2.7.16 Linux/4.19.0-kali4-amd64 botocore/1.12.228],7.479541e-05,0.6931472,1.0,0.0,1.0
[aws-cli/1.16.238 Python/2.7.16rc1 Linux/4.19.0-kali3-amd64 botocore/1.12.228],7.479541e-05,0.6931472,1.0,0.0,1.0
[aws-cli/1.16.238 Python/2.7.15 Darwin/18.2.0 botocore/1.12.228],7.479541e-05,0.6931472,1.0,0.0,1.0
[aws-cli/1.16.125 Python/3.7.4 Darwin/18.7.0 botocore/1.12.115],7.479541e-05,0.6931472,1.0,0.0,1.0
[aws-cli/1.16.234 Python/3.7.4 Darwin/18.7.0 botocore/1.12.224],7.479541e-05,0.6931472,1.0,0.0,1.0
[aws-cli/1.16.235 Python/2.7.10 Darwin/18.6.0 botocore/1.12.225],7.479541e-05,0.6931472,1.0,0.0,1.0
[aws-cli/1.16.168 Python/3.6.0 Windows/10 botocore/1.12.158],7.479541e-05,0.6931472,1.0,0.0,1.0
[aws-cli/1.16.216 Python/2.7.14 Darwin/18.7.0 botocore/1.12.206],7.479541e-05,0.6931472,1.0,0.0,1.0
[aws-cli/1.16.234 Python/3.6.0 Windows/10 botocore/1.12.224],7.479541e-05,0.6931472,1.0,0.0,1.0
[Boto3/1.9.165 Python/3.5.2 Linux/4.15.0-55-generic Botocore/1.12.165 Resource],7.479541e-05,0.6931472,1.0,0.0,1.0
[aws-cli/1.16.148 Python/3.6.7 Linux/5.0.0-29-generic botocore/1.12.138],7.479541e-05,0.6931472,1.0,0.0,1.0
[aws-cli/1.16.237 Python/3.6.0 Windows/10 botocore/1.12.227],7.479541e-05,0.6931472,1.0,0.0,1.0
[aws-cli/1.16.246 Python/2.7.9 Linux/3.16.0-7-amd64 botocore/1.12.236],7.479541e-05,0.6931472,1.0,0.0,1.0
[aws-cli/1.16.230 Python/3.7.4 Darwin/16.7.0 botocore/1.12.220],7.479541e-05,0.6931472,1.0,0.0,1.0
[aws-cli/1.16.245 Python/3.7.4 Darwin/17.7.0 botocore/1.12.235],7.479541e-05,0.6931472,1.0,0.0,1.0
[aws-cli/1.16.243 Python/3.7.4+ Linux/4.19.0-kali5-amd64 botocore/1.12.233],7.479541e-05,0.6931472,1.0,0.0,1.0
[aws-cli/1.16.242 Python/3.6.8 Linux/4.15.0-64-generic botocore/1.12.232],7.479541e-05,0.6931472,1.0,0.0,1.0
[aws-cli/1.16.238 Python/2.7.15rc1 Linux/4.4.0-039049-Microsoft botocore/1.12.228],7.479541e-05,0.6931472,1.0,0.0,1.0
[aws-cli/1.16.242 Python/3.7.3rc1 Linux/4.19.0-kali4-amd64 botocore/1.12.232],7.479541e-05,0.6931472,1.0,0.0,1.0
[aws-cli/1.16.120 Python/3.7.3 Darwin/18.2.0 botocore/1.12.110],7.479541e-05,0.6931472,1.0,0.0,1.0
[aws-cli/1.16.233 Python/3.7.4 Darwin/18.7.0 botocore/1.12.223],7.479541e-05,0.6931472,1.0,0.0,1.0
[aws-cli/1.16.237 Python/2.7.10 Darwin/18.6.0 botocore/1.12.227],7.479541e-05,0.6931472,1.0,0.0,1.0
[aws-cli/1.16.96 Python/2.7.10 Darwin/18.7.0 botocore/1.12.103],7.479541e-05,0.6931472,1.0,0.0,1.0
[aws-cli/1.16.209 Python/2.7.10 Darwin/18.2.0 botocore/1.12.199],7.479541e-05,0.6931472,1.0,0.0,1.0
[aws-cli/1.14.63 Python/2.7.14 Darwin/18.7.0 botocore/1.9.16],7.479541e-05,0.6931472,1.0,0.0,1.0
[aws-cli/1.16.212 Python/3.7.4 Darwin/18.7.0 botocore/1.12.202],7.479541e-05,0.6931472,1.0,0.0,1.0
[aws-cli/1.16.250 Python/3.7.4 Darwin/19.0.0 botocore/1.12.240],7.479541e-05,0.6931472,1.0,0.0,1.0
[aws-cli/1.16.96 Python/2.7.12 Linux/4.4.0-165-generic botocore/1.12.86],7.479541e-05,0.6931472,1.0,0.0,1.0
[aws-cli/1.16.117 Python/3.7.2 Darwin/18.7.0 botocore/1.12.107],7.479541e-05,0.6931472,1.0,0.0,1.0
[aws-cli/1.16.248 Python/2.7.16 Linux/4.19.0-kali1-amd64 botocore/1.12.238],7.479541e-05,0.6931472,1.0,0.0,1.0
[aws-cli/1.16.253 Python/3.6.3 Darwin/17.7.0 botocore/1.12.243],7.479541e-05,0.6931472,1.0,0.0,1.0
[aws-cli/1.16.251 Python/3.7.5rc1 Linux/5.2.0-kali3-amd64 botocore/1.12.208],7.479541e-05,0.6931472,1.0,0.0,1.0
[aws-cli/1.16.248 Python/3.7.4 Linux/5.2.5-arch1-1-ARCH botocore/1.12.238],7.479541e-05,0.6931472,1.0,0.0,1.0
[aws-cli/1.16.106 Python/3.6.2 Linux/3.10.0-957.10.1.el7.x86_64 botocore/1.12.104],7.479541e-05,0.6931472,1.0,0.0,1.0
[aws-cli/1.16.218 Python/3.7.4+ Linux/5.2.0-kali2-amd64 botocore/1.12.243],7.479541e-05,0.6931472,1.0,0.0,1.0
[aws-cli/1.16.252 Python/3.7.4+ Linux/4.19.0-kali5-amd64 botocore/1.12.242],7.479541e-05,0.6931472,1.0,0.0,1.0
[aws-cli/1.16.248 Python/2.7.16 Windows/10 botocore/1.12.238],7.479541e-05,0.6931472,1.0,0.0,1.0
[aws-cli/1.16.90 Python/3.7.4 Darwin/18.2.0 botocore/1.12.80],7.479541e-05,0.6931472,1.0,0.0,1.0
[aws-cli/1.16.238 Python/3.6.8 Linux/4.15.0-64-generic botocore/1.12.237],7.479541e-05,0.6931472,1.0,0.0,1.0
[aws-cli/1.16.90 Python/3.7.3 Darwin/18.2.0 botocore/1.12.80],7.479541e-05,0.6931472,1.0,0.0,1.0
[aws-cli/1.16.215 Python/3.6.8 Darwin/18.7.0 botocore/1.12.205],7.479541e-05,0.6931472,1.0,0.0,1.0
[aws-cli/1.16.243 Python/3.5.2 Linux/4.4.0-01985-Microsoft botocore/1.12.233],7.479541e-05,0.6931472,1.0,0.0,1.0
[aws-cli/1.16.225 Python/2.7.16 Linux/4.19.0-kali3-amd64 botocore/1.12.215],7.479541e-05,0.6931472,1.0,0.0,1.0
[aws-cli/1.15.21 Python/2.7.10 Darwin/18.7.0 botocore/1.12.230],7.479541e-05,0.6931472,1.0,0.0,1.0
[aws-cli/1.16.10 Python/3.7.2 Darwin/18.7.0 botocore/1.12.0],7.479541e-05,0.6931472,1.0,0.0,1.0
[aws-cli/1.16.243 Python/3.7.0 Darwin/18.7.0 botocore/1.12.233],7.479541e-05,0.6931472,1.0,0.0,1.0
[aws-cli/1.16.256 Python/3.7.4 Linux/4.19.0-kali5-amd64 botocore/1.12.246],7.479541e-05,0.6931472,1.0,0.0,1.0
[aws-cli/1.16.244 Python/3.6.4 Darwin/18.7.0 botocore/1.12.234],7.479541e-05,0.6931472,1.0,0.0,1.0
[aws-cli/1.16.253 Python/3.7.4 Darwin/18.7.0 botocore/1.12.243],7.479541e-05,0.6931472,1.0,0.0,1.0
[aws-cli/1.16.248 Python/2.7.13 Linux/4.12.0-kali2-686 botocore/1.12.238],7.479541e-05,0.6931472,1.0,0.0,1.0
[aws-cli/1.11.63 Python/2.7.9 Linux/3.16.0-4-amd64 botocore/1.5.26],7.479541e-05,0.6931472,1.0,0.0,1.0
[aws-cli/1.11.63 Python/2.7.12+ Linux/4.8.0-22-generic botocore/1.5.26],7.479541e-05,0.6931472,1.0,0.0,1.0
[aws-cli/1.11.3 Python/2.7.10 Darwin/16.4.0 botocore/1.5.7],7.479541e-05,0.6931472,1.0,0.0,1.0
[aws-cli/1.10.1 Python/3.5.2 Linux/4.4.0-41-generic botocore/1.3.23],7.479541e-05,0.6931472,1.0,0.0,1.0
[aws-cli/1.11.63 Python/2.7.12 Linux/4.9.5-gentoo botocore/1.5.26],7.479541e-05,0.6931472,1.0,0.0,1.0
[aws-cli/1.11.63 Python/2.7.13 Linux/4.10.0-13-generic botocore/1.5.26],7.479541e-05,0.6931472,1.0,0.0,1.0
[aws-cli/1.11.41 Python/3.6.0 Linux/4.8.13-1-ARCH botocore/1.5.4],7.479541e-05,0.6931472,1.0,0.0,1.0
[aws-cli/1.16.253 Python/2.7.12 Linux/4.15.0-29-generic botocore/1.12.243],7.479541e-05,0.6931472,1.0,0.0,1.0
[aws-cli/1.16.230 Python/3.7.4 Darwin/19.0.0 botocore/1.12.220],7.479541e-05,0.6931472,1.0,0.0,1.0
[aws-cli/1.11.66 Python/2.7.10 Darwin/16.3.0 botocore/1.5.29],7.479541e-05,0.6931472,1.0,0.0,1.0
[aws-cli/1.11.66 Python/2.7.13 Linux/4.9.11-1-ARCH botocore/1.5.29],7.479541e-05,0.6931472,1.0,0.0,1.0
[AWSPowerShell/236.78.148.42 .NET_Runtime/4.0 .NET_Framework/4.0 OS/Microsoft_Windows_NT_10.0.41693.0  WindowsPowerShell/5.0 ClientSync],7.479541e-05,0.6931472,1.0,0.0,1.0
[aws-cli/1.11.66 Python/2.7.13 Linux/4.6.0-kali1-amd64 botocore/1.5.29],7.479541e-05,0.6931472,1.0,0.0,1.0
[aws-cli/1.11.65 Python/2.7.12 CYGWIN_NT-6.1/2.6.1(0.305/5/3) botocore/1.5.28],7.479541e-05,0.6931472,1.0,0.0,1.0
[aws-cli/1.7.36 Python/2.7.12 Linux/4.4.0-53-generic],7.479541e-05,0.6931472,1.0,0.0,1.0
[aws-cli/1.9.11 Python/2.7.10 Darwin/16.4.0 botocore/1.3.11],7.479541e-05,0.6931472,1.0,0.0,1.0
[aws-cli/1.14.55 Python/3.6.4 Darwin/18.7.0 botocore/1.9.8],7.479541e-05,0.6931472,1.0,0.0,1.0
[aws-cli/1.16.123 Python/2.7.15 Darwin/18.6.0 botocore/1.12.113],7.479541e-05,0.6931472,1.0,0.0,1.0
[aws-cli/1.16.148 Python/3.6.7 Linux/4.15.0-65-generic botocore/1.12.138],7.479541e-05,0.6931472,1.0,0.0,1.0
[aws-cli/1.16.241 Python/3.7.4 Darwin/19.0.0 botocore/1.12.231],7.479541e-05,0.6931472,1.0,0.0,1.0
[aws-cli/1.16.193 Python/2.7.15+ Linux/4.15.0-65-generic botocore/1.12.183],7.479541e-05,0.6931472,1.0,0.0,1.0
[aws-cli/1.16.100 Python/3.7.2 Darwin/18.7.0 botocore/1.12.90],7.479541e-05,0.6931472,1.0,0.0,1.0
[aws-cli/1.16.258 Python/3.7.4 Linux/5.2.0-kali2-amd64 botocore/1.12.248],7.479541e-05,0.6931472,1.0,0.0,1.0
[aws-cli/1.16.257 Python/2.7.16+ Linux/5.2.0-2-amd64 botocore/1.12.247],7.479541e-05,0.6931472,1.0,0.0,1.0
[aws-cli/1.11.75 Python/2.7.10 Darwin/16.5.0 botocore/1.5.38],7.479541e-05,0.6931472,1.0,0.0,1.0
[aws-cli/1.11.72 Python/2.7.6 Linux/4.4.0-51-generic botocore/1.5.35],7.479541e-05,0.6931472,1.0,0.0,1.0
[aws-cli/1.10.58 Python/2.7.13 Darwin/16.4.0 botocore/1.4.48],7.479541e-05,0.6931472,1.0,0.0,1.0
[aws-cli/1.16.251 Python/3.6.5rc1 Linux/4.14.0-kali3-amd64 botocore/1.12.241],7.479541e-05,0.6931472,1.0,0.0,1.0
[aws-cli/1.16.258 Python/3.7.4 Linux/5.3.5-arch1-1-ARCH botocore/1.12.248],7.479541e-05,0.6931472,1.0,0.0,1.0
[aws-cli/1.16.234 Python/3.4.7 Linux/4.9.184-0.1.ac.235.83.329.metal1.x86_64 botocore/1.12.224],7.479541e-05,0.6931472,1.0,0.0,1.0
[aws-cli/1.14.1 Python/2.7.9 Windows/8 botocore/1.8.5],7.479541e-05,0.6931472,1.0,0.0,1.0
[aws-cli/1.16.266 Python/3.7.0 Darwin/17.7.0 botocore/1.13.2],7.479541e-05,0.6931472,1.0,0.0,1.0
[aws-cli/1.14.50 Python/3.6.4 Darwin/18.7.0 botocore/1.9.3],7.479541e-05,0.6931472,1.0,0.0,1.0
[aws-cli/1.16.264 Python/3.6.6 Linux/4.14.0-kali3-amd64 botocore/1.13.0],7.479541e-05,0.6931472,1.0,0.0,1.0
[Boto3/1.9.250 Python/2.7.16+ Linux/5.2.0-kali2-amd64 Botocore/1.12.250 Resource],7.479541e-05,0.6931472,1.0,0.0,1.0
[aws-cli/1.16.225 Python/2.7.10 Darwin/17.7.0 botocore/1.12.215],7.479541e-05,0.6931472,1.0,0.0,1.0
[aws-cli/1.16.196 Python/2.7.16 Darwin/18.7.0 botocore/1.12.186],7.479541e-05,0.6931472,1.0,0.0,1.0
[aws-cli/1.16.263 Python/3.6.4 Darwin/18.7.0 botocore/1.12.253],7.479541e-05,0.6931472,1.0,0.0,1.0
[aws-cli/1.16.251 Python/3.7.5rc1 Linux/5.2.0-2parrot1-amd64 botocore/1.12.241],7.479541e-05,0.6931472,1.0,0.0,1.0
[aws-cli/1.15.70 Python/3.7.0 Darwin/18.7.0 botocore/1.10.69],7.479541e-05,0.6931472,1.0,0.0,1.0
[aws-cli/1.16.72 Python/3.6.6 Linux/4.15.0-55-generic botocore/1.12.62],7.479541e-05,0.6931472,1.0,0.0,1.0
[aws-cli/1.16.245 Python/3.7.5rc1 Linux/4.18.0-kali2-amd64 botocore/1.12.235],7.479541e-05,0.6931472,1.0,0.0,1.0
[aws-cli/1.16.269 Python/3.6.8 Linux/4.18.0-15-generic botocore/1.13.5],7.479541e-05,0.6931472,1.0,0.0,1.0
[aws-cli/1.16.269 Python/2.7.16+ Linux/5.2.0-kali3-amd64 botocore/1.13.5],7.479541e-05,0.6931472,1.0,0.0,1.0
[aws-cli/1.16.113 Python/3.7.4 Linux/4.19.0-kali3-amd64 botocore/1.12.103],7.479541e-05,0.6931472,1.0,0.0,1.0
[aws-cli/1.16.106 Python/2.7.10 Darwin/18.7.0 botocore/1.12.96],7.479541e-05,0.6931472,1.0,0.0,1.0
[aws-cli/1.16.264 Python/2.7.16 Linux/4.19.0-kali5-amd64 botocore/1.13.0],7.479541e-05,0.6931472,1.0,0.0,1.0
[aws-cli/1.16.218 Python/3.7.4 Linux/4.19.0-kali5-amd64 botocore/1.12.208],7.479541e-05,0.6931472,1.0,0.0,1.0
[aws-cli/1.9.14 Python/2.7.10 Darwin/16.3.0 botocore/1.3.14],7.479541e-05,0.6931472,1.0,0.0,1.0
[aws-cli/1.11.70 Python/2.7.10 Darwin/16.4.0 botocore/1.5.33],7.479541e-05,0.6931472,1.0,0.0,1.0
[aws-cli/1.16.102 Python/2.7.16 Linux/4.14.146-119.123.amzn2.x86_64 botocore/1.12.92],7.479541e-05,0.6931472,1.0,0.0,1.0
[aws-cli/1.16.265 Python/2.7.17 Linux/4.19.0-kali5-amd64 botocore/1.13.1],7.479541e-05,0.6931472,1.0,0.0,1.0
[aws-cli/1.16.251 Python/3.7.3rc1 Linux/4.19.0-kali4-amd64 botocore/1.12.241],7.479541e-05,0.6931472,1.0,0.0,1.0
[aws-cli/1.16.264 Python/3.7.4 Linux/5.2.0-kali2-amd64 botocore/1.13.0],7.479541e-05,0.6931472,1.0,0.0,1.0
[aws-cli/1.16.264 Python/2.7.16 Linux/4.19.0-kali4-amd64 botocore/1.13.0],7.479541e-05,0.6931472,1.0,0.0,1.0
[aws-cli/1.11.47 Python/2.7.9 Linux/3.16.0-4-amd64 botocore/1.5.10],7.479541e-05,0.6931472,1.0,0.0,1.0
[aws-cli/1.16.271 Python/3.6.6 Linux/4.17.0-kali1-amd64 botocore/1.13.7],7.479541e-05,0.6931472,1.0,0.0,1.0
[aws-cli/1.16.266 Python/3.6.0 Windows/10 botocore/1.13.2],7.479541e-05,0.6931472,1.0,0.0,1.0
[aws-cli/1.16.169 Python/3.7.3 Darwin/18.7.0 botocore/1.12.159],7.479541e-05,0.6931472,1.0,0.0,1.0
[aws-cli/1.16.209 Python/3.6.0 Darwin/18.7.0 botocore/1.12.199],7.479541e-05,0.6931472,1.0,0.0,1.0
[aws-cli/1.16.29 Python/2.7.16 Darwin/17.7.0 botocore/1.12.19],7.479541e-05,0.6931472,1.0,0.0,1.0
[aws-cli/1.16.277 Python/3.7.3 Darwin/19.0.0 botocore/1.13.13],7.479541e-05,0.6931472,1.0,0.0,1.0
[aws-cli/1.16.272 Python/2.7.15+ Linux/5.0.0-32-generic botocore/1.13.8],7.479541e-05,0.6931472,1.0,0.0,1.0
[aws-cli/1.16.272 Python/2.7.16 Linux/5.0.0-32-generic botocore/1.13.8],7.479541e-05,0.6931472,1.0,0.0,1.0
[aws-cli/1.16.270 Python/3.6.0 Windows/7 botocore/1.13.6],7.479541e-05,0.6931472,1.0,0.0,1.0
[aws-cli/1.11.63 Python/3.6.0 Darwin/16.5.0 botocore/1.5.26],7.479541e-05,0.6931472,1.0,0.0,1.0
[aws-cli/1.11.56 Python/2.7.12 Darwin/15.6.0 botocore/1.5.19],7.479541e-05,0.6931472,1.0,0.0,1.0
[aws-cli/1.10.66 Python/2.7.10 Darwin/16.4.0 botocore/1.4.56],7.479541e-05,0.6931472,1.0,0.0,1.0
[aws-cli/1.7.25 Python/2.7.13 Darwin/15.6.0],7.479541e-05,0.6931472,1.0,0.0,1.0
[aws-cli/1.16.276 Python/2.7.16 Linux/4.19.0-kali5-amd64 botocore/1.13.12],7.479541e-05,0.6931472,1.0,0.0,1.0
[aws-cli/1.16.170 Python/3.7.3 Darwin/18.7.0 botocore/1.12.160],7.479541e-05,0.6931472,1.0,0.0,1.0
[aws-cli/1.16.272 Python/2.7.13 Linux/4.19.60-43360-g54aa645572 botocore/1.13.8],7.479541e-05,0.6931472,1.0,0.0,1.0
[aws-cli/1.16.109 Python/3.5.2 Linux/4.4.0-165-generic botocore/1.12.202],7.479541e-05,0.6931472,1.0,0.0,1.0
[aws-cli/1.16.282 Python/2.7.16 Darwin/18.7.0 botocore/1.13.18],7.479541e-05,0.6931472,1.0,0.0,1.0
[aws-cli/2.0.0dev0 Python/3.7.4 Darwin/18.7.0 botocore/2.0.0dev0],7.479541e-05,0.6931472,1.0,0.0,1.0
[aws-cli/1.16.223 Python/3.7.4 Darwin/18.7.0 botocore/1.12.213],7.479541e-05,0.6931472,1.0,0.0,1.0
[aws-cli/1.16.242 Python/3.6.8 Linux/4.4.0-039049-Microsoft botocore/1.12.232],7.479541e-05,0.6931472,1.0,0.0,1.0
[aws-cli/1.16.207 Python/3.6.8 Linux/4.4.0-01985-Microsoft botocore/1.12.217],7.479541e-05,0.6931472,1.0,0.0,1.0
[aws-cli/1.16.140 Python/3.7.3 Darwin/18.7.0 botocore/1.12.130],7.479541e-05,0.6931472,1.0,0.0,1.0
[aws-cli/1.16.102 Python/2.7.16 Linux/4.14.146-93.123.amzn1.x86_64 botocore/1.12.92],7.479541e-05,0.6931472,1.0,0.0,1.0
[aws-cli/1.16.263 Python/2.7.10 Darwin/16.7.0 botocore/1.12.253],7.479541e-05,0.6931472,1.0,0.0,1.0
[aws-cli/1.16.272 Python/3.8.0 Windows/10 botocore/1.13.8],7.479541e-05,0.6931472,1.0,0.0,1.0
[aws-cli/1.16.278 Python/3.5.7 Darwin/18.7.0 botocore/1.13.14],7.479541e-05,0.6931472,1.0,0.0,1.0
[aws-cli/1.16.19 Python/3.7.4 Darwin/18.6.0 botocore/1.12.9],7.479541e-05,0.6931472,1.0,0.0,1.0
[aws-cli/1.14.49 Python/2.7.9 Windows/8 botocore/1.9.2],7.479541e-05,0.6931472,1.0,0.0,1.0
[aws-cli/1.16.81 Python/3.7.5rc1 Linux/5.0.0-13-generic botocore/1.12.71],7.479541e-05,0.6931472,1.0,0.0,1.0
[aws-cli/1.16.274 Python/2.7.10 Darwin/18.7.0 botocore/1.13.10],7.479541e-05,0.6931472,1.0,0.0,1.0
[aws-cli/1.16.269 Python/2.7.10 Darwin/17.7.0 botocore/1.13.5],7.479541e-05,0.6931472,1.0,0.0,1.0
[aws-cli/1.11.75 Python/3.6.0 Linux/4.10.8-1-ARCH botocore/1.5.38],7.479541e-05,0.6931472,1.0,0.0,1.0
[aws-cli/1.11.31 Python/2.7.11 Darwin/16.5.0 botocore/1.4.93],7.479541e-05,0.6931472,1.0,0.0,1.0
[aws-cli/1.11.47 Python/3.5.2 Linux/4.9.0-541777-generic botocore/1.5.10],7.479541e-05,0.6931472,1.0,0.0,1.0
[aws-cli/1.16.280 Python/3.7.5 Linux/4.19.0-kali4-amd64 botocore/1.13.16],7.479541e-05,0.6931472,1.0,0.0,1.0
[aws-cli/1.16.274 Python/2.7.10 Darwin/18.5.0 botocore/1.13.10],7.479541e-05,0.6931472,1.0,0.0,1.0
[aws-cli/1.16.263 Python/2.7.10 Darwin/18.7.0 botocore/1.12.253],7.479541e-05,0.6931472,1.0,0.0,1.0
[aws-cli/1.16.260 Python/3.6.8 Linux/5.0.0-36-generic botocore/1.12.250],7.479541e-05,0.6931472,1.0,0.0,1.0
[aws-cli/1.16.89 Python/3.6.3 Darwin/18.7.0 botocore/1.12.79],7.479541e-05,0.6931472,1.0,0.0,1.0
[aws-cli/1.16.283 Python/2.7.15+ Linux/4.15.0-1051-aws botocore/1.13.19],7.479541e-05,0.6931472,1.0,0.0,1.0
[aws-cli/1.16.90 Python/3.7.3 Darwin/18.7.0 botocore/1.12.80],7.479541e-05,0.6931472,1.0,0.0,1.0
[aws-cli/1.16.149 Python/3.6.8 Linux/4.15.0-66-generic botocore/1.12.139],7.479541e-05,0.6931472,1.0,0.0,1.0
[aws-cli/1.16.280 Python/3.7.5 Darwin/18.5.0 botocore/1.13.16],7.479541e-05,0.6931472,1.0,0.0,1.0
[aws-cli/1.16.260 Python/2.7.16 Darwin/18.7.0 botocore/1.12.250],7.479541e-05,0.6931472,1.0,0.0,1.0
[aws-cli/1.16.272 Python/2.7.17 Darwin/18.7.0 botocore/1.13.8],7.479541e-05,0.6931472,1.0,0.0,1.0
[aws-cli/1.16.274 Python/3.6.0 Windows/10 botocore/1.13.10],7.479541e-05,0.6931472,1.0,0.0,1.0
[aws-cli/1.14.18 Python/2.7.12 Linux/4.4.0-01985-Microsoft botocore/1.12.121],7.479541e-05,0.6931472,1.0,0.0,1.0
[aws-cli/1.16.270 Python/3.7.4 Darwin/19.0.0 botocore/1.13.6],7.479541e-05,0.6931472,1.0,0.0,1.0
[aws-cli/1.11.127 Python/2.7.16 Darwin/17.7.0 botocore/1.12.199],7.479541e-05,0.6931472,1.0,0.0,1.0
[aws-cli/1.16.283 Python/3.8.0 Darwin/19.0.0 botocore/1.13.19],7.479541e-05,0.6931472,1.0,0.0,1.0
[aws-cli/1.16.268 Python/3.8.0 Windows/10 botocore/1.13.4],7.479541e-05,0.6931472,1.0,0.0,1.0
[aws-cli/1.16.214 Python/2.7.16 Darwin/18.7.0 botocore/1.12.204],7.479541e-05,0.6931472,1.0,0.0,1.0
[aws-cli/1.16.283 Python/3.8.0 Windows/10 botocore/1.13.19],7.479541e-05,0.6931472,1.0,0.0,1.0
[aws-cli/1.16.259 Python/3.5.3 Linux/4.9.0-11-amd64 botocore/1.12.249],7.479541e-05,0.6931472,1.0,0.0,1.0
[aws-cli/1.16.283 Python/3.7.4 Linux/5.2.0-kali2-amd64 botocore/1.13.19],7.479541e-05,0.6931472,1.0,0.0,1.0
[aws-cli/1.16.274 Python/3.6.5 Darwin/18.6.0 botocore/1.13.10],7.479541e-05,0.6931472,1.0,0.0,1.0
[aws-cli/1.16.259 Python/2.7.16 Darwin/19.0.0 botocore/1.12.249],7.479541e-05,0.6931472,1.0,0.0,1.0
[aws-cli/1.11.24 Python/2.7.10 Darwin/16.5.0 botocore/1.4.81],7.479541e-05,0.6931472,1.0,0.0,1.0
[aws-cli/1.11.79 Python/2.7.10 Darwin/16.4.0 botocore/1.5.42],7.479541e-05,0.6931472,1.0,0.0,1.0
[aws-cli/1.11.13 Python/3.5.3 Linux/4.9.0-kali2-amd64 botocore/1.4.70],7.479541e-05,0.6931472,1.0,0.0,1.0
[aws-cli/1.11.76 Python/2.7.5 Linux/3.10.0-514.10.2.el7.x86_64 botocore/1.5.39],7.479541e-05,0.6931472,1.0,0.0,1.0
[aws-cli/1.11.76 Python/2.7.10 Darwin/16.5.0 botocore/1.5.39],7.479541e-05,0.6931472,1.0,0.0,1.0
[aws-cli/1.11.60 Python/2.7.10 Darwin/16.5.0 botocore/1.5.23],7.479541e-05,0.6931472,1.0,0.0,1.0
[aws-cli/1.16.292 Python/3.5.2 Linux/4.4.0-039049-Microsoft botocore/1.13.28],7.479541e-05,0.6931472,1.0,0.0,1.0
[aws-cli/1.16.292 Python/3.6.9 Linux/4.15.0-70-generic botocore/1.13.28],7.479541e-05,0.6931472,1.0,0.0,1.0
aws-cli/2.0.49 Python/3.7.4 Darwin/19.6.0 exe/x86_64 command/iam.list-ssh-public-keys,7.479541e-05,0.6931472,1.0,0.0,1.0
aws-cli/2.0.38 Python/3.7.4 Darwin/19.6.0 exe/x86_64 command/waf.list-web-acls,7.479541e-05,0.6931472,1.0,0.0,1.0
aws-cli/1.15.49 Python/2.7.9 Windows/2012Server botocore/1.10.48,7.479541e-05,0.6931472,1.0,0.0,1.0
[aws-cli/1.16.272 Python/3.7.5 Linux/5.3.0-1parrot1-amd64 botocore/1.13.8],7.479541e-05,0.6931472,1.0,0.0,1.0
[aws-cli/1.16.87 Python/3.7.2 Windows/10 botocore/1.12.77],7.479541e-05,0.6931472,1.0,0.0,1.0
[aws-cli/1.16.283 Python/3.7.5 Linux/5.3.0-kali2-amd64 botocore/1.12.241],7.479541e-05,0.6931472,1.0,0.0,1.0
[aws-cli/1.16.290 Python/3.7.3 Darwin/18.7.0 botocore/1.13.26],7.479541e-05,0.6931472,1.0,0.0,1.0
[aws-cli/1.16.196 Python/3.6.0 Windows/10 botocore/1.12.186],7.479541e-05,0.6931472,1.0,0.0,1.0
[aws-cli/1.16.287 Python/3.7.4+ Linux/5.2.0-kali2-amd64 botocore/1.13.23],7.479541e-05,0.6931472,1.0,0.0,1.0
[aws-cli/1.14.44 Python/3.6.8 Linux/5.0.0-32-generic botocore/1.8.48],7.479541e-05,0.6931472,1.0,0.0,1.0
[aws-cli/1.16.281 Python/3.6.8 Linux/4.15.0-69-generic botocore/1.13.17],7.479541e-05,0.6931472,1.0,0.0,1.0
[aws-cli/1.16.218 Python/3.7.5 Linux/4.4.0-039049-Microsoft botocore/1.13.17],7.479541e-05,0.6931472,1.0,0.0,1.0
[Boto3/1.10.19 Python/3.6.8 Linux/4.15.0-66-generic Botocore/1.13.19],7.479541e-05,0.6931472,1.0,0.0,1.0
[aws-cli/1.14.44 Python/3.6.8 Linux/4.15.0-66-generic botocore/1.13.19],7.479541e-05,0.6931472,1.0,0.0,1.0
[aws-cli/1.16.292 Python/3.7.2+ Linux/4.15.0-kali2-686-pae botocore/1.13.28],7.479541e-05,0.6931472,1.0,0.0,1.0
[aws-cli/1.16.75 Python/2.7.15 Darwin/18.7.0 botocore/1.12.65],7.479541e-05,0.6931472,1.0,0.0,1.0
[aws-cli/1.16.283 Python/3.8.0 Linux/5.3.12-arch1-1 botocore/1.13.19],7.479541e-05,0.6931472,1.0,0.0,1.0
[aws-cli/1.16.263 Python/3.7.5 Darwin/19.0.0 botocore/1.12.253],7.479541e-05,0.6931472,1.0,0.0,1.0
[aws-cli/1.7.0 Python/3.4.0 Linux/3.13.0-85-generic],7.479541e-05,0.6931472,1.0,0.0,1.0
[aws-cli/1.11.16 Python/2.7.10 Darwin/14.5.0 botocore/1.4.73],7.479541e-05,0.6931472,1.0,0.0,1.0
[aws-cli/1.11.57 Python/3.6.0 Linux/4.9.11-1-ARCH botocore/1.5.20],7.479541e-05,0.6931472,1.0,0.0,1.0
[aws-cli/1.11.58 Python/2.7.10 Darwin/16.3.0 botocore/1.5.21],7.479541e-05,0.6931472,1.0,0.0,1.0
[aws-cli/1.10.66 Python/2.7.10 Darwin/15.5.0 botocore/1.4.56],7.479541e-05,0.6931472,1.0,0.0,1.0
[aws-cli/1.8.13 Python/2.7.10 Darwin/14.5.0],7.479541e-05,0.6931472,1.0,0.0,1.0
[aws-cli/1.16.287 Python/3.7.5rc1 Linux/5.2.0-kali2-amd64 botocore/1.13.23],7.479541e-05,0.6931472,1.0,0.0,1.0
aws-cli/2.0.49 Python/3.7.4 Darwin/19.6.0 exe/x86_64 command/lambda.list-event-source-mappings,7.479541e-05,0.6931472,1.0,0.0,1.0
[aws-cli/1.11.80 Python/2.7.10 Darwin/16.4.0 botocore/1.5.43],7.479541e-05,0.6931472,1.0,0.0,1.0
[aws-cli/1.11.76 Python/2.7.11 Windows/10 botocore/1.5.39],7.479541e-05,0.6931472,1.0,0.0,1.0
[aws-cli/1.11.81 Python/2.7.13 Linux/4.10.11-100.fc24.x86_64 botocore/1.5.44],7.479541e-05,0.6931472,1.0,0.0,1.0
[aws-cli/1.16.278 Python/2.7.16 Darwin/18.6.0 botocore/1.13.14],7.479541e-05,0.6931472,1.0,0.0,1.0
[aws-cli/1.14.28 Python/2.7.5 Linux/3.10.0-957.12.2.el7.x86_64 botocore/1.8.35],7.479541e-05,0.6931472,1.0,0.0,1.0
[aws-cli/1.16.298 Python/3.7.5 Linux/5.3.0-kali2-amd64 botocore/1.13.34],7.479541e-05,0.6931472,1.0,0.0,1.0
[aws-cli/1.16.299 Python/3.6.8 Darwin/18.7.0 botocore/1.13.35],7.479541e-05,0.6931472,1.0,0.0,1.0
[aws-cli/1.16.298 Python/3.7.5 Linux/4.4.0-039049-Microsoft botocore/1.13.34],7.479541e-05,0.6931472,1.0,0.0,1.0
[aws-cli/1.11.80 Python/2.7.10 Darwin/16.5.0 botocore/1.5.43],7.479541e-05,0.6931472,1.0,0.0,1.0
[aws-cli/1.11.56 Python/3.5.0 Darwin/16.5.0 botocore/1.5.19],7.479541e-05,0.6931472,1.0,0.0,1.0
Boto3/1.8.9 Python/2.7.15 Linux/4.17.0-kali3-amd64 Botocore/1.11.9,7.479541e-05,0.6931472,1.0,0.0,1.0
[aws-cli/1.16.198 Python/2.7.16 Darwin/19.0.0 botocore/1.12.188],7.479541e-05,0.6931472,1.0,0.0,1.0
[aws-cli/1.16.292 Python/2.7.17 Linux/5.3.0-kali2-amd64 botocore/1.13.28],7.479541e-05,0.6931472,1.0,0.0,1.0
[aws-cli/1.16.226 Python/2.7.16 Darwin/18.7.0 botocore/1.12.216],7.479541e-05,0.6931472,1.0,0.0,1.0
[aws-cli/1.16.276 Python/3.8.0 Windows/10 botocore/1.13.12],7.479541e-05,0.6931472,1.0,0.0,1.0
[aws-cli/1.16.260 Python/3.7.4 Darwin/18.6.0 botocore/1.12.250],7.479541e-05,0.6931472,1.0,0.0,1.0
[aws-cli/1.16.291 Python/2.7.16 Darwin/17.7.0 botocore/1.13.27],7.479541e-05,0.6931472,1.0,0.0,1.0
[aws-cli/1.16.290 Python/3.7.5 Linux/5.3.12-200.fc30.x86_64 botocore/1.13.26],7.479541e-05,0.6931472,1.0,0.0,1.0
[aws-cli/1.16.290 Python/3.6.0 Windows/10 botocore/1.13.26],7.479541e-05,0.6931472,1.0,0.0,1.0
[aws-cli/1.14.44 Python/3.6.9 Linux/5.0.0-36-generic botocore/1.8.48],7.479541e-05,0.6931472,1.0,0.0,1.0
[aws-cli/1.16.299 Python/3.6.0 Windows/10 botocore/1.13.35],7.479541e-05,0.6931472,1.0,0.0,1.0
[aws-cli/1.11.85 Python/2.7.10 Linux/4.9.7-x86_64-linode80 botocore/1.5.48],7.479541e-05,0.6931472,1.0,0.0,1.0
[aws-cli/1.11.13 Python/2.7.10 Darwin/16.5.0 botocore/1.4.70],7.479541e-05,0.6931472,1.0,0.0,1.0
[aws-cli/1.11.58 Python/2.7.6 Linux/4.4.0-22-generic botocore/1.5.21],7.479541e-05,0.6931472,1.0,0.0,1.0
[aws-cli/1.9.12 Python/2.7.3 Linux/3.13.0-110-generic botocore/1.3.12],7.479541e-05,0.6931472,1.0,0.0,1.0
[aws-cli/1.16.298 Python/3.7.4 Windows/10 botocore/1.13.34],7.479541e-05,0.6931472,1.0,0.0,1.0
[aws-cli/1.16.266 Python/3.5.2 Linux/5.0.0-36-generic botocore/1.13.2],7.479541e-05,0.6931472,1.0,0.0,1.0
[aws-cli/1.16.244 Python/3.7.4 Darwin/19.0.0 botocore/1.12.234],7.479541e-05,0.6931472,1.0,0.0,1.0
[aws-cli/1.11.87 Python/2.7.12 Linux/4.4.0-43-Microsoft botocore/1.5.50],7.479541e-05,0.6931472,1.0,0.0,1.0
[aws-cli/1.11.85 Python/2.7.10 Darwin/15.6.0 botocore/1.5.48],7.479541e-05,0.6931472,1.0,0.0,1.0
[aws-cli/1.11.34 Python/2.7.10 Darwin/15.6.0 botocore/1.4.91],7.479541e-05,0.6931472,1.0,0.0,1.0
[aws-cli/1.11.85 Python/3.5.0 Windows/ botocore/1.5.48],7.479541e-05,0.6931472,1.0,0.0,1.0
[aws-cli/1.14.44 Python/3.6.9 Linux/4.15.0-70-generic botocore/1.8.48],7.479541e-05,0.6931472,1.0,0.0,1.0
[aws-cli/1.14.44 Python/3.6.8 Linux/4.15.0-70-generic botocore/1.8.48],7.479541e-05,0.6931472,1.0,0.0,1.0
[aws-cli/1.16.301 Python/3.6.9 Linux/4.4.0-01985-Microsoft botocore/1.13.37],7.479541e-05,0.6931472,1.0,0.0,1.0
[aws-cli/1.16.212 Python/2.7.5 Linux/3.10.0-693.2.2.el7.x86_64 botocore/1.12.202],7.479541e-05,0.6931472,1.0,0.0,1.0
[aws-cli/1.7.36 Python/2.7.8 Darwin/16.3.0],7.479541e-05,0.6931472,1.0,0.0,1.0
[aws-cli/1.11.58 Python/2.7.10 Darwin/15.6.0 botocore/1.5.21],7.479541e-05,0.6931472,1.0,0.0,1.0
[aws-cli/1.11.84 Python/3.6.1 Linux/4.10.13-1-ARCH botocore/1.5.47],7.479541e-05,0.6931472,1.0,0.0,1.0
[aws-cli/1.16.303 Python/3.8.0 Linux/5.3.0-arch1-1-ARCH botocore/1.13.39],7.479541e-05,0.6931472,1.0,0.0,1.0
[aws-cli/1.16.260 Python/3.7.5 Linux/4.15.0-1065-oem botocore/1.12.250],7.479541e-05,0.6931472,1.0,0.0,1.0
[aws-cli/1.16.212 Python/2.7.12 Linux/4.4.0-53329-Microsoft botocore/1.12.202],7.479541e-05,0.6931472,1.0,0.0,1.0
[aws-cli/1.16.305 Python/3.7.3rc1 Linux/4.19.0-kali4-amd64 botocore/1.13.41],7.479541e-05,0.6931472,1.0,0.0,1.0
[aws-cli/1.15.53 Python/2.7.15+ Linux/4.15.0-72-generic botocore/1.10.52],7.479541e-05,0.6931472,1.0,0.0,1.0
[aws-cli/1.16.227 Python/3.7.4 Darwin/18.7.0 botocore/1.12.217],7.479541e-05,0.6931472,1.0,0.0,1.0
[aws-cli/1.16.303 Python/3.7.5 Linux/5.3.0-kali2-amd64 botocore/1.13.39],7.479541e-05,0.6931472,1.0,0.0,1.0
[aws-cli/1.16.302 Python/3.6.9 Linux/5.0.0-37-generic botocore/1.13.38],7.479541e-05,0.6931472,1.0,0.0,1.0
[aws-cli/1.16.298 Python/3.7.3 Linux/4.4.0-039049-Microsoft botocore/1.13.34],7.479541e-05,0.6931472,1.0,0.0,1.0
[aws-cli/1.16.301 Python/3.5.2 Darwin/19.0.0 botocore/1.13.37],7.479541e-05,0.6931472,1.0,0.0,1.0
[aws-cli/1.16.160 Python/3.7.3 Darwin/18.7.0 botocore/1.12.150],7.479541e-05,0.6931472,1.0,0.0,1.0
[aws-cli/1.16.153 Python/2.7.10 Darwin/18.7.0 botocore/1.12.143],7.479541e-05,0.6931472,1.0,0.0,1.0
[aws-cli/1.15.0 Python/3.6.5 Darwin/18.6.0 botocore/1.10.0],7.479541e-05,0.6931472,1.0,0.0,1.0
[aws-cli/1.16.220 Python/3.7.4 Darwin/18.7.0 botocore/1.12.210],7.479541e-05,0.6931472,1.0,0.0,1.0
[aws-cli/1.17.0 Python/2.7.17 Linux/5.3.0-kali2-amd64 botocore/1.14.0],7.479541e-05,0.6931472,1.0,0.0,1.0
[aws-cli/1.16.309 Python/3.6.9 Linux/4.4.0-039049-Microsoft botocore/1.13.45],7.479541e-05,0.6931472,1.0,0.0,1.0
[aws-cli/1.16.232 Python/2.7.10 Darwin/18.2.0 botocore/1.12.222],7.479541e-05,0.6931472,1.0,0.0,1.0
[aws-cli/1.16.298 Python/2.7.16 Darwin/19.2.0 botocore/1.13.34],7.479541e-05,0.6931472,1.0,0.0,1.0
[aws-cli/2.0.0dev2 Python/3.7.3 Linux/4.4.0-01985-Microsoft botocore/2.0.0dev1],7.479541e-05,0.6931472,1.0,0.0,1.0
[aws-cli/1.16.298 Python/3.8.0 Linux/5.4.2-arch1-1 botocore/1.13.34],7.479541e-05,0.6931472,1.0,0.0,1.0
[aws-cli/1.16.183 Python/2.7.15+ Linux/5.0.0-37-generic botocore/1.12.173],7.479541e-05,0.6931472,1.0,0.0,1.0
[aws-cli/1.16.309 Python/2.7.17 Linux/5.3.0-3parrot3-amd64 botocore/1.13.45],7.479541e-05,0.6931472,1.0,0.0,1.0
[aws-cli/1.15.84 Python/2.7.16 Darwin/18.7.0 botocore/1.10.83],7.479541e-05,0.6931472,1.0,0.0,1.0
[aws-cli/1.16.303 Python/3.7.5 Linux/5.3.0-24-generic botocore/1.13.39],7.479541e-05,0.6931472,1.0,0.0,1.0
[aws-cli/1.11.173 Python/3.6.1 Darwin/18.7.0 botocore/1.7.31],7.479541e-05,0.6931472,1.0,0.0,1.0
[aws-cli/1.16.309 Python/3.7.5 Linux/5.3.0-kali3-amd64 botocore/1.13.45],7.479541e-05,0.6931472,1.0,0.0,1.0
[aws-cli/1.16.309 Python/3.6.8 Linux/4.4.0-039049-Microsoft botocore/1.13.45],7.479541e-05,0.6931472,1.0,0.0,1.0
[aws-cli/1.14.44 Python/3.6.9 Linux/5.0.0-37-generic botocore/1.8.48],7.479541e-05,0.6931472,1.0,0.0,1.0
[aws-cli/1.16.300 Python/3.7.5 Darwin/19.2.0 botocore/1.13.36],7.479541e-05,0.6931472,1.0,0.0,1.0
[aws-cli/1.16.313 Python/3.8.1 Darwin/19.2.0 botocore/1.13.49],7.479541e-05,0.6931472,1.0,0.0,1.0
[aws-cli/1.16.310 Python/3.6.9 Linux/5.0.0-37-generic botocore/1.13.46],7.479541e-05,0.6931472,1.0,0.0,1.0
[aws-cli/1.16.313 Python/3.6.9 Linux/5.0.0-36-generic botocore/1.13.49],7.479541e-05,0.6931472,1.0,0.0,1.0
[aws-cli/1.11.186 Python/2.7.5 Linux/3.10.0-327.36.1.el7.x86_64 botocore/1.7.44],7.479541e-05,0.6931472,1.0,0.0,1.0
[aws-cli/1.16.306 Python/3.6.9 Linux/4.4.0-039049-Microsoft botocore/1.13.42],7.479541e-05,0.6931472,1.0,0.0,1.0
[aws-cli/1.11.63 Python/3.5.2 Linux/4.9.13-200.fc25.x86_64 botocore/1.5.26],7.479541e-05,0.6931472,1.0,0.0,1.0
[aws-cli/1.11.24 Python/2.7.13 Darwin/16.5.0 botocore/1.4.81],7.479541e-05,0.6931472,1.0,0.0,1.0
[aws-cli/1.16.313 Python/3.6.0 Windows/10 botocore/1.13.49],7.479541e-05,0.6931472,1.0,0.0,1.0
[aws-cli/1.16.310 Python/3.6.9 Linux/4.4.0-039049-Microsoft botocore/1.13.46],7.479541e-05,0.6931472,1.0,0.0,1.0
[aws-cli/1.16.290 Python/3.6.8 Linux/4.4.0-01985-Microsoft botocore/1.13.26],7.479541e-05,0.6931472,1.0,0.0,1.0
[aws-cli/1.16.140 Python/3.7.4 Darwin/19.0.0 botocore/1.12.130],7.479541e-05,0.6931472,1.0,0.0,1.0
[aws-cli/1.16.253 Python/3.7.4+ Linux/5.2.0-kali2-amd64 botocore/1.12.243],7.479541e-05,0.6931472,1.0,0.0,1.0
[aws-cli/1.16.311 Python/3.6.0 Windows/10 botocore/1.13.47],7.479541e-05,0.6931472,1.0,0.0,1.0
[aws-cli/1.16.311 Python/3.6.8 Linux/4.4.0-01985-Microsoft botocore/1.13.47],7.479541e-05,0.6931472,1.0,0.0,1.0
[aws-cli/1.16.140 Python/3.6.8 Linux/4.18.0-25-generic botocore/1.12.130],7.479541e-05,0.6931472,1.0,0.0,1.0
[aws-cli/1.16.218 Python/3.7.5 Linux/5.3.0-24-generic botocore/1.12.208],7.479541e-05,0.6931472,1.0,0.0,1.0
[aws-cli/1.11.89 Python/2.7.9 Linux/4.0.0-kali1-amd64 botocore/1.5.52],7.479541e-05,0.6931472,1.0,0.0,1.0
[aws-cli/1.11.13 Python/3.5.2 Linux/4.8.0-36-generic botocore/1.4.70],7.479541e-05,0.6931472,1.0,0.0,1.0
[aws-cli/1.11.64 Python/2.7.12+ Linux/4.8.0-52-generic botocore/1.5.27],7.479541e-05,0.6931472,1.0,0.0,1.0
[aws-cli/1.11.87 Python/2.7.13 Linux/4.6.0-kali1-686-pae botocore/1.5.50],7.479541e-05,0.6931472,1.0,0.0,1.0
[aws-cli/1.10.38 Python/2.7.13 Darwin/15.6.0 botocore/1.5.48],7.479541e-05,0.6931472,1.0,0.0,1.0
[aws-cli/1.16.298 Python/2.7.16 Windows/2012ServerR2 botocore/1.13.34],7.479541e-05,0.6931472,1.0,0.0,1.0
[aws-cli/1.17.3 Python/3.6.0 Windows/10 botocore/1.14.3],7.479541e-05,0.6931472,1.0,0.0,1.0
[aws-cli/1.16.310 Python/3.7.6 Darwin/18.7.0 botocore/1.13.46],7.479541e-05,0.6931472,1.0,0.0,1.0
[AWSPowerShell/228.181.46.250 .NET_Runtime/4.0 .NET_Framework/4.0 OS/Microsoft_Windows_NT_10.0.17369.0 WindowsPowerShell/5.0 ClientSync],7.479541e-05,0.6931472,1.0,0.0,1.0
[aws-cli/1.11.76 Python/2.7.11 Darwin/15.6.0 botocore/1.5.39],7.479541e-05,0.6931472,1.0,0.0,1.0
[aws-cli/1.11.13 Python/3.5.3 Linux/4.9.0-kali3-amd64 botocore/1.4.70],7.479541e-05,0.6931472,1.0,0.0,1.0
[aws-cli/1.11.87 Python/2.7.12+ Linux/4.3.0-kali1-amd64 botocore/1.5.50],7.479541e-05,0.6931472,1.0,0.0,1.0
[aws-cli/1.10.38 Python/2.7.13 Linux/4.8.13-1-ARCH botocore/1.4.28],7.479541e-05,0.6931472,1.0,0.0,1.0
[aws-cli/1.11.84 Python/2.7.10 Darwin/16.7.0 botocore/1.5.47],7.479541e-05,0.6931472,1.0,0.0,1.0
[aws-cli/1.11.57 Python/2.7.10 Darwin/15.6.0 botocore/1.5.20],7.479541e-05,0.6931472,1.0,0.0,1.0
[aws-cli/1.16.310 Python/2.7.10 Darwin/18.6.0 botocore/1.13.46],7.479541e-05,0.6931472,1.0,0.0,1.0
[aws-cli/1.17.5 Python/2.7.10 Darwin/18.7.0 botocore/1.14.5],7.479541e-05,0.6931472,1.0,0.0,1.0
[aws-cli/1.17.5 Python/2.7.16 Darwin/18.7.0 botocore/1.14.5],7.479541e-05,0.6931472,1.0,0.0,1.0
[aws-cli/1.11.92 Python/2.7.10 Darwin/16.6.0 botocore/1.5.55],7.479541e-05,0.6931472,1.0,0.0,1.0
[aws-cli/1.17.5 Python/3.7.3 Darwin/18.2.0 botocore/1.14.5],7.479541e-05,0.6931472,1.0,0.0,1.0
[aws-cli/1.17.0 Python/3.7.5 Darwin/19.2.0 botocore/1.14.0],7.479541e-05,0.6931472,1.0,0.0,1.0
[aws-cli/1.11.76 Python/2.7.6 Linux/4.4.0-43-Microsoft botocore/1.5.39],7.479541e-05,0.6931472,1.0,0.0,1.0
[aws-cli/1.16.237 Python/3.7.4 Windows/10 botocore/1.13.40],7.479541e-05,0.6931472,1.0,0.0,1.0
[aws-cli/1.16.255 Python/2.7.17 Linux/5.2.0-kali3-amd64 botocore/1.12.245],7.479541e-05,0.6931472,1.0,0.0,1.0
[aws-cli/1.16.280 Python/2.7.17 Linux/5.3.0-kali2-amd64 botocore/1.13.16],7.479541e-05,0.6931472,1.0,0.0,1.0
[aws-cli/1.16.283 Python/3.7.5 Linux/5.3.0-kali2-amd64 botocore/1.13.19],7.479541e-05,0.6931472,1.0,0.0,1.0
[aws-cli/1.17.0 Python/3.7.5 Linux/5.4.0-kali2-amd64 botocore/1.14.0],7.479541e-05,0.6931472,1.0,0.0,1.0
[aws-cli/1.16.96 Python/2.7.17 Linux/4.15.0-74-generic botocore/1.12.202],7.479541e-05,0.6931472,1.0,0.0,1.0
[aws-cli/2.0.0dev3 Python/3.7.3 Linux/5.0.0-31-generic botocore/2.0.0dev2],7.479541e-05,0.6931472,1.0,0.0,1.0
[aws-cli/1.11.13 Python/3.5.2 Linux/4.15.0-45-generic botocore/1.4.70],7.479541e-05,0.6931472,1.0,0.0,1.0
[aws-cli/1.11.13 Python/3.5.2 Linux/4.10.0-20-generic botocore/1.4.70],7.479541e-05,0.6931472,1.0,0.0,1.0
[aws-cli/1.11.89 Python/2.7.9 Linux/3.16.0-4-amd64 botocore/1.5.52],7.479541e-05,0.6931472,1.0,0.0,1.0
[aws-cli/1.16.218 Python/3.7.4+ Linux/4.18.0-kali3-amd64 botocore/1.13.2],7.479541e-05,0.6931472,1.0,0.0,1.0
[aws-cli/1.16.250 Python/3.6.8 Linux/5.0.0-32-generic botocore/1.12.240],7.479541e-05,0.6931472,1.0,0.0,1.0
[aws-cli/1.16.184 Python/2.7.15 Darwin/18.7.0 botocore/1.12.174],7.479541e-05,0.6931472,1.0,0.0,1.0
[aws-cli/2.0.0dev3 Python/3.7.3 Linux/5.3.0-26-generic botocore/2.0.0dev2],7.479541e-05,0.6931472,1.0,0.0,1.0
[aws-cli/1.16.308 Python/2.7.17 Linux/4.15.0-76-generic botocore/1.13.44],7.479541e-05,0.6931472,1.0,0.0,1.0
[aws-cli/1.17.6 Python/2.7.17 Linux/5.3.0-26-generic botocore/1.14.6],7.479541e-05,0.6931472,1.0,0.0,1.0
[aws-cli/1.16.183 Python/2.7.15+ Linux/5.3.0-26-generic botocore/1.12.173],7.479541e-05,0.6931472,1.0,0.0,1.0
[aws-cli/1.16.183 Python/2.7.17 Linux/5.3.0-26-generic botocore/1.12.173],7.479541e-05,0.6931472,1.0,0.0,1.0
[aws-cli/2.0.0dev3 Python/3.7.3 Linux/5.4.12-1-MANJARO botocore/2.0.0dev2],7.479541e-05,0.6931472,1.0,0.0,1.0
[aws-cli/1.16.309 Python/2.7.17 Linux/5.0.0-37-generic botocore/1.13.45],7.479541e-05,0.6931472,1.0,0.0,1.0
[aws-cli/1.17.5 Python/3.7.6 Darwin/18.7.0 botocore/1.14.5],7.479541e-05,0.6931472,1.0,0.0,1.0
[aws-cli/1.17.4 Python/3.7.5 Darwin/19.2.0 botocore/1.14.4],7.479541e-05,0.6931472,1.0,0.0,1.0
[aws-cli/1.17.5 Python/3.6.9 Linux/4.4.0-18676-Microsoft botocore/1.14.5],7.479541e-05,0.6931472,1.0,0.0,1.0
[aws-cli/1.17.5 Python/2.7.16 Linux/4.19.0-kali4-amd64 botocore/1.14.5],7.479541e-05,0.6931472,1.0,0.0,1.0
[aws-cli/1.17.3 Python/3.7.4 Linux/4.19.0-kali5-amd64 botocore/1.14.3],7.479541e-05,0.6931472,1.0,0.0,1.0
[aws-cli/1.17.4 Python/2.7.17 Linux/5.3.0-19-generic botocore/1.14.4],7.479541e-05,0.6931472,1.0,0.0,1.0
[aws-cli/1.17.9 Python/3.7.6 Darwin/18.7.0 botocore/1.14.9],7.479541e-05,0.6931472,1.0,0.0,1.0
[aws-cli/1.16.309 Python/3.8.0 Windows/10 botocore/1.13.45],7.479541e-05,0.6931472,1.0,0.0,1.0
[aws-cli/1.17.11 Python/2.7.15 Darwin/18.6.0 botocore/1.14.11],7.479541e-05,0.6931472,1.0,0.0,1.0
[aws-cli/1.17.0 Python/3.6.10 Linux/4.4.0-76667-Microsoft botocore/1.14.0],7.479541e-05,0.6931472,1.0,0.0,1.0
[aws-cli/2.0.0 Python/3.7.3 Linux/5.3.0-28-generic botocore/2.0.0dev4],7.479541e-05,0.6931472,1.0,0.0,1.0
[aws-cli/1.16.215 Python/2.7.17 Linux/4.19.101 botocore/1.12.205],7.479541e-05,0.6931472,1.0,0.0,1.0
[aws-cli/1.16.251 Python/3.7.3rc1 Linux/4.18.0-kali2-amd64 botocore/1.12.208],7.479541e-05,0.6931472,1.0,0.0,1.0
[aws-cli/1.17.10 Python/2.7.14+ Linux/4.14.0-kali3-amd64 botocore/1.14.10],7.479541e-05,0.6931472,1.0,0.0,1.0
[aws-cli/1.16.150 Python/2.7.16 Darwin/19.3.0 botocore/1.12.140],7.479541e-05,0.6931472,1.0,0.0,1.0
[Boto3/1.7.48 Python/3.7.6 Darwin/19.3.0 Botocore/1.10.48],7.479541e-05,0.6931472,1.0,0.0,1.0
[aws-cli/1.16.283 Python/3.7.5rc1 Linux/4.19.0-kali5-amd64 botocore/1.13.19],7.479541e-05,0.6931472,1.0,0.0,1.0
[aws-cli/1.17.9 Python/3.7.4 Darwin/18.7.0 botocore/1.14.9],7.479541e-05,0.6931472,1.0,0.0,1.0
[Boto3/1.7.48 Python/3.7.6 Darwin/18.7.0 Botocore/1.10.48],7.479541e-05,0.6931472,1.0,0.0,1.0
[aws-cli/1.17.9 Python/3.7.6 Linux/5.4.10-200.fc31.x86_64 botocore/1.14.9],7.479541e-05,0.6931472,1.0,0.0,1.0
[aws-cli/1.16.40 Python/3.7.4 Darwin/19.2.0 botocore/1.12.30],7.479541e-05,0.6931472,1.0,0.0,1.0
[aws-cli/1.17.9 Python/3.8.1 Darwin/18.7.0 botocore/1.14.9],7.479541e-05,0.6931472,1.0,0.0,1.0
[aws-cli/1.16.299 Python/2.7.16 Linux/4.14.128-87.105.amzn1.x86_64 botocore/1.13.35],7.479541e-05,0.6931472,1.0,0.0,1.0
[aws-cli/1.17.3 Python/3.7.6 Linux/5.4.17-200.fc31.x86_64 botocore/1.14.3],7.479541e-05,0.6931472,1.0,0.0,1.0
[aws-cli/1.17.10 Python/3.8.1 Darwin/19.2.0 botocore/1.14.10],7.479541e-05,0.6931472,1.0,0.0,1.0
[aws-cli/1.16.79 Python/2.7.15+ Linux/4.17.0-kali1-amd64 botocore/1.12.86],7.479541e-05,0.6931472,1.0,0.0,1.0
[aws-cli/1.11.13 Python/3.5.2 Linux/4.15.0-43-generic botocore/1.4.70],7.479541e-05,0.6931472,1.0,0.0,1.0
[aws-cli/1.16.101 Python/3.6.7 Linux/4.15.0-45-generic botocore/1.12.91],7.479541e-05,0.6931472,1.0,0.0,1.0
[aws-cli/1.16.98 Python/2.7.10 Darwin/18.0.0 botocore/1.12.90],7.479541e-05,0.6931472,1.0,0.0,1.0
[aws-cli/1.16.94 Python/2.7.15 Darwin/18.2.0 botocore/1.12.84],7.479541e-05,0.6931472,1.0,0.0,1.0
[aws-cli/1.16.96 Python/2.7.15rc1 Linux/4.4.0-01985-Microsoft botocore/1.12.86],7.479541e-05,0.6931472,1.0,0.0,1.0
[aws-cli/1.16.98 Python/3.7.2 Windows/10 botocore/1.12.88],7.479541e-05,0.6931472,1.0,0.0,1.0
[aws-cli/1.14.50 Python/3.6.8 Linux/4.18.16-200.fc28.x86_64 botocore/1.9.1],7.479541e-05,0.6931472,1.0,0.0,1.0
[aws-cli/1.16.96 Python/3.7.2 Windows/10 botocore/1.12.86],7.479541e-05,0.6931472,1.0,0.0,1.0
[aws-cli/1.16.280 Python/3.7.5 Linux/4.19.0-kali4-amd64 botocore/1.14.13],7.479541e-05,0.6931472,1.0,0.0,1.0
[aws-cli/1.17.2 Python/2.7.16 Linux/4.19.0-kali5-amd64 botocore/1.14.2],7.479541e-05,0.6931472,1.0,0.0,1.0
[aws-cli/1.17.1 Python/3.6.9 Linux/4.15.0-76-generic botocore/1.14.1],7.479541e-05,0.6931472,1.0,0.0,1.0
[aws-cli/1.17.9 Python/2.7.16 Darwin/19.3.0 botocore/1.14.9],7.479541e-05,0.6931472,1.0,0.0,1.0
[aws-cli/1.17.16 Python/3.7.4 Linux/5.2.0-kali2-amd64 botocore/1.14.16],7.479541e-05,0.6931472,1.0,0.0,1.0
[aws-cli/1.17.16 Python/2.7.15rc1 Linux/4.16.0-parrot12-amd64 botocore/1.14.16],7.479541e-05,0.6931472,1.0,0.0,1.0
[aws-cli/1.18.0 Python/3.7.4 Darwin/19.3.0 botocore/1.15.0],7.479541e-05,0.6931472,1.0,0.0,1.0
[aws-cli/1.14.44 Python/3.6.9 Linux/4.15.0-76-generic botocore/1.12.63],7.479541e-05,0.6931472,1.0,0.0,1.0
[aws-cli/1.16.93 Python/2.7.10 Darwin/14.5.0 botocore/1.12.83],7.479541e-05,0.6931472,1.0,0.0,1.0
[aws-cli/1.16.92 Python/2.7.10 Darwin/18.2.0 botocore/1.12.82],7.479541e-05,0.6931472,1.0,0.0,1.0
[aws-cli/1.16.98 Python/3.7.2 Linux/4.19.8-arch1-1-ARCH botocore/1.12.88],7.479541e-05,0.6931472,1.0,0.0,1.0
[aws-cli/1.16.36 Python/2.7.15 Linux/4.15.0-kali2-amd64 botocore/1.12.26],7.479541e-05,0.6931472,1.0,0.0,1.0
[aws-cli/1.16.96 Python/2.7.12 Linux/4.15.0-43-generic botocore/1.12.86],7.479541e-05,0.6931472,1.0,0.0,1.0
[aws-cli/1.11.41 Python/2.7.10 Darwin/18.0.0 botocore/1.5.4],7.479541e-05,0.6931472,1.0,0.0,1.0
[aws-cli/1.16.96 Python/2.7.15rc1 Linux/4.15.0-45-generic botocore/1.12.86],7.479541e-05,0.6931472,1.0,0.0,1.0
[aws-cli/1.16.96 Python/3.6.7 Linux/4.18.0-kali3-amd64 botocore/1.12.86],7.479541e-05,0.6931472,1.0,0.0,1.0
[aws-cli/1.15.62 Python/2.7.15 Darwin/17.7.0 botocore/1.10.61],7.479541e-05,0.6931472,1.0,0.0,1.0
[aws-cli/1.17.15 Python/3.7.6 Darwin/17.7.0 botocore/1.14.15],7.479541e-05,0.6931472,1.0,0.0,1.0
[aws-cli/1.17.10 Python/3.8.1 Darwin/19.3.0 botocore/1.14.10],7.479541e-05,0.6931472,1.0,0.0,1.0
[aws-cli/1.17.13 Python/2.7.16 Linux/4.14.165-102.185.amzn1.x86_64 botocore/1.14.13],7.479541e-05,0.6931472,1.0,0.0,1.0
[aws-cli/1.17.17 Python/3.6.0 Windows/10 botocore/1.14.17],7.479541e-05,0.6931472,1.0,0.0,1.0
[Boto3/1.11.17 Python/3.6.9 Linux/4.15.0-76-generic Botocore/1.14.17],7.479541e-05,0.6931472,1.0,0.0,1.0
[aws-cli/1.18.0 Python/3.6.9 Linux/5.3.0-40-generic botocore/1.15.0],7.479541e-05,0.6931472,1.0,0.0,1.0
[aws-cli/1.16.85 Python/2.7.10 Darwin/18.2.0 botocore/1.12.75],7.479541e-05,0.6931472,1.0,0.0,1.0
[aws-cli/1.16.92 Python/3.7.2 Darwin/18.2.0 botocore/1.12.82],7.479541e-05,0.6931472,1.0,0.0,1.0
[aws-cli/1.16.96 Python/2.7.13 Linux/4.12.0-kali2-686 botocore/1.12.86],7.479541e-05,0.6931472,1.0,0.0,1.0
[aws-cli/1.16.93 Python/3.6.0 Windows/10 botocore/1.12.83],7.479541e-05,0.6931472,1.0,0.0,1.0
[aws-cli/1.16.96 Python/2.7.15rc1 Linux/4.15.0-44-generic botocore/1.12.86],7.479541e-05,0.6931472,1.0,0.0,1.0
[aws-cli/1.16.89 Python/2.7.13 Linux/4.12.0-kali2-686 botocore/1.12.79],7.479541e-05,0.6931472,1.0,0.0,1.0
[aws-cli/1.16.94 Python/2.7.12 Linux/4.15.0-43-generic botocore/1.12.84],7.479541e-05,0.6931472,1.0,0.0,1.0
[aws-cli/1.15.71 Python/3.7.0 Darwin/17.7.0 botocore/1.10.70],7.479541e-05,0.6931472,1.0,0.0,1.0
[Boto3/1.11.17 Python/3.8.1 Darwin/19.2.0 Botocore/1.14.17],7.479541e-05,0.6931472,1.0,0.0,1.0
[aws-cli/1.17.14 Python/3.6.8 Linux/4.18.0-147.5.1.el8_1.x86_64 botocore/1.14.14],7.479541e-05,0.6931472,1.0,0.0,1.0
[aws-cli/1.17.13 Python/3.6.0 Windows/10 botocore/1.14.13],7.479541e-05,0.6931472,1.0,0.0,1.0
[aws-cli/2.0.0dev5 Python/3.7.5 Windows/10 botocore/2.0.0dev4],7.479541e-05,0.6931472,1.0,0.0,1.0
[Boto3/1.11.16 Python/3.7.6 Linux/5.4.0-kali3-amd64 Botocore/1.14.16],7.479541e-05,0.6931472,1.0,0.0,1.0
[aws-cli/1.18.3 Python/3.6.0 Windows/10 botocore/1.15.3],7.479541e-05,0.6931472,1.0,0.0,1.0
[aws-cli/1.18.2 Python/3.7.6 Darwin/19.3.0 botocore/1.15.2],7.479541e-05,0.6931472,1.0,0.0,1.0
[aws-cli/1.18.3 Python/2.7.17 Darwin/19.3.0 botocore/1.15.3],7.479541e-05,0.6931472,1.0,0.0,1.0
[aws-cli/1.16.301 Python/3.7.5 Linux/4.17.0-kali1-686 botocore/1.13.37],7.479541e-05,0.6931472,1.0,0.0,1.0
[aws-cli/2.0.0 Python/3.7.3 Linux/4.4.0-039049-Microsoft botocore/2.0.0dev4],7.479541e-05,0.6931472,1.0,0.0,1.0
[aws-cli/1.18.5 Python/3.6.9 Linux/4.15.0-72-generic botocore/1.15.5],7.479541e-05,0.6931472,1.0,0.0,1.0
[aws-cli/1.16.87 Python/3.6.4 Windows/10 botocore/1.12.77],7.479541e-05,0.6931472,1.0,0.0,1.0
[aws-cli/1.16.28 Python/2.7.12 Linux/4.15.0-43-generic botocore/1.12.18],7.479541e-05,0.6931472,1.0,0.0,1.0
[aws-cli/1.14.54 Python/2.7.10 Darwin/18.2.0 botocore/1.9.7],7.479541e-05,0.6931472,1.0,0.0,1.0
[aws-cli/1.16.92 Python/2.7.13 Linux/4.9.0-kali3-amd64 botocore/1.12.82],7.479541e-05,0.6931472,1.0,0.0,1.0
[aws-cli/1.16.92 Python/3.6.8 Linux/4.19.0-kali1-686-pae botocore/1.12.82],7.479541e-05,0.6931472,1.0,0.0,1.0
[Boto3/1.11.17 Python/3.7.4 Windows/10 Botocore/1.14.17],7.479541e-05,0.6931472,1.0,0.0,1.0
[aws-cli/1.17.17 Python/2.7.16 Darwin/19.2.0 botocore/1.14.17],7.479541e-05,0.6931472,1.0,0.0,1.0
[aws-cli/1.16.128 Python/3.6.8 Linux/4.4.0-53329-Microsoft botocore/1.12.118],7.479541e-05,0.6931472,1.0,0.0,1.0
[aws-cli/1.18.1 Python/2.7.17 Darwin/17.7.0 botocore/1.15.1],7.479541e-05,0.6931472,1.0,0.0,1.0
[aws-cli/1.17.9 Python/3.6.2 Windows/10 botocore/1.14.9],7.479541e-05,0.6931472,1.0,0.0,1.0
[aws-cli/1.11.83 Python/2.7.12 Linux/4.9.20-10.30.amzn1.x86_64 botocore/1.5.46],7.479541e-05,0.6931472,1.0,0.0,1.0
[aws-cli/1.16.72 Python/3.7.1 Darwin/18.2.0 botocore/1.12.62],7.479541e-05,0.6931472,1.0,0.0,1.0
[Boto3/1.7.4 Python/3.6.8 Linux/4.18.0-kali3-amd64 Botocore/1.10.4 Resource],7.479541e-05,0.6931472,1.0,0.0,1.0
[Boto3/1.7.4 Python/3.6.8 Linux/4.18.0-kali3-amd64 Botocore/1.10.4],7.479541e-05,0.6931472,1.0,0.0,1.0
[Boto3/1.7.48 Python/3.6.7 Linux/4.15.0-29-generic Botocore/1.10.48],7.479541e-05,0.6931472,1.0,0.0,1.0
[aws-cli/1.16.89 Python/3.6.0 Windows/10 botocore/1.12.79],7.479541e-05,0.6931472,1.0,0.0,1.0
[aws-cli/1.16.84 Python/3.6.8 Linux/4.4.0-53329-Microsoft botocore/1.12.74],7.479541e-05,0.6931472,1.0,0.0,1.0
[aws-cli/1.11.13 Python/3.5.2 Linux/4.13.0-26-generic botocore/1.12.78],7.479541e-05,0.6931472,1.0,0.0,1.0
[aws-cli/1.15.82 Python/2.7.15 Windows/10 botocore/1.10.81],7.479541e-05,0.6931472,1.0,0.0,1.0
[aws-cli/2.0.1 Python/3.7.3 Linux/4.4.0-039049-Microsoft botocore/2.0.0dev5],7.479541e-05,0.6931472,1.0,0.0,1.0
[aws-cli/1.17.7 Python/3.6.0 Windows/10 botocore/1.14.7],7.479541e-05,0.6931472,1.0,0.0,1.0
[Boto3/1.9.133 Python/2.7.17 Linux/4.15.0-74-generic Botocore/1.12.133],7.479541e-05,0.6931472,1.0,0.0,1.0
[aws-cli/2.0.0 Python/3.7.3 Linux/5.3.0-40-generic botocore/2.0.0dev4],7.479541e-05,0.6931472,1.0,0.0,1.0
[aws-cli/1.16.111 Python/3.7.6 Linux/5.4.21-100.fc30.x86_64 botocore/1.12.101],7.479541e-05,0.6931472,1.0,0.0,1.0
[aws-cli/2.0.1 Python/3.7.3 Linux/5.3.0-28-generic botocore/2.0.0dev5],7.479541e-05,0.6931472,1.0,0.0,1.0
[aws-cli/1.18.5 Python/3.7.3rc1 Linux/4.19.0-kali4-amd64 botocore/1.15.5],7.479541e-05,0.6931472,1.0,0.0,1.0
[aws-cli/2.0.1 Python/3.7.4 Darwin/18.7.0 botocore/2.0.0dev5],7.479541e-05,0.6931472,1.0,0.0,1.0
[aws-cli/1.16.195 Python/3.7.6 Darwin/19.2.0 botocore/1.12.185],7.479541e-05,0.6931472,1.0,0.0,1.0
[aws-cli/1.16.78 Python/2.7.15rc1 Linux/4.15.0-1030-oem botocore/1.12.71],7.479541e-05,0.6931472,1.0,0.0,1.0
[aws-cli/1.16.43 Python/3.6.0 Windows/7 botocore/1.12.33],7.479541e-05,0.6931472,1.0,0.0,1.0
[aws-cli/1.16.79 Python/2.7.10 Darwin/18.2.0 botocore/1.12.69],7.479541e-05,0.6931472,1.0,0.0,1.0
[aws-cli/1.15.33 Python/2.7.10 Darwin/17.7.0 botocore/1.10.33],7.479541e-05,0.6931472,1.0,0.0,1.0
[aws-cli/1.16.80 Python/3.7.0 Darwin/16.7.0 botocore/1.12.70],7.479541e-05,0.6931472,1.0,0.0,1.0
[aws-cli/1.16.80 Python/3.4.3 Darwin/15.6.0 botocore/1.12.70],7.479541e-05,0.6931472,1.0,0.0,1.0
[aws-cli/1.16.81 Python/2.7.10 Darwin/18.2.0 botocore/1.12.71],7.479541e-05,0.6931472,1.0,0.0,1.0
[aws-cli/1.16.85 Python/2.7.15rc1 Linux/4.15.0-43-generic botocore/1.12.75],7.479541e-05,0.6931472,1.0,0.0,1.0
[aws-cli/1.15.71 Python/3.7.2 Linux/4.19.13-300.fc29.x86_64 botocore/1.10.41],7.479541e-05,0.6931472,1.0,0.0,1.0
[aws-cli/1.16.302 Python/3.7.5 Linux/5.3.0-kali2-amd64 botocore/1.13.38],7.479541e-05,0.6931472,1.0,0.0,1.0
[aws-cli/1.18.9 Python/3.7.2 Linux/4.15.0-72-generic botocore/1.15.9],7.479541e-05,0.6931472,1.0,0.0,1.0
[aws-cli/2.0.1 Python/3.7.3 Linux/4.15.0-kali3-amd64 botocore/2.0.0dev5],7.479541e-05,0.6931472,1.0,0.0,1.0
[aws-cli/1.11.97 Python/2.7.9 Linux/3.16.0-4-amd64 botocore/1.5.60],7.479541e-05,0.6931472,1.0,0.0,1.0
[aws-cli/1.11.58 Python/2.7.13 Darwin/16.6.0 botocore/1.5.21],7.479541e-05,0.6931472,1.0,0.0,1.0
[Boto3/1.11.10 Python/3.7.6 Darwin/19.3.0 Botocore/1.14.10],7.479541e-05,0.6931472,1.0,0.0,1.0
[aws-cli/1.18.16 Python/2.7.10 Darwin/18.2.0 botocore/1.15.16],7.479541e-05,0.6931472,1.0,0.0,1.0
[aws-cli/1.16.310 Python/3.6.0 Windows/2012ServerR2 botocore/1.13.46],7.479541e-05,0.6931472,1.0,0.0,1.0
[aws-cli/1.16.77 Python/3.7.1 Darwin/16.7.0 botocore/1.12.67],7.479541e-05,0.6931472,1.0,0.0,1.0
[aws-cli/1.16.77 Python/2.7.10 Darwin/18.2.0 botocore/1.12.67],7.479541e-05,0.6931472,1.0,0.0,1.0
[aws-cli/1.16.76 Python/3.5.2 Linux/4.15.0-42-generic botocore/1.12.66],7.479541e-05,0.6931472,1.0,0.0,1.0
[aws-cli/1.16.63 Python/2.7.15rc1 Linux/4.4.0-01985-Microsoft botocore/1.12.53],7.479541e-05,0.6931472,1.0,0.0,1.0
[aws-cli/1.15.58 Python/2.7.9 Windows/7 botocore/1.10.57],7.479541e-05,0.6931472,1.0,0.0,1.0
[aws-cli/1.16.58 Python/2.7.10 Darwin/18.2.0 botocore/1.12.48],7.479541e-05,0.6931472,1.0,0.0,1.0
[aws-cli/1.18.14 Python/2.7.16 Linux/4.19.0-kali4-amd64 botocore/1.15.14],7.479541e-05,0.6931472,1.0,0.0,1.0
[aws-cli/1.18.6 Python/3.8.0 Darwin/19.3.0 botocore/1.15.6],7.479541e-05,0.6931472,1.0,0.0,1.0
[aws-cli/1.16.279 Python/3.5.3 Linux/4.19.79-442186-ge32b3719f26b botocore/1.13.15],7.479541e-05,0.6931472,1.0,0.0,1.0
[aws-cli/1.16.127 Python/3.7.2 Windows/10 botocore/1.12.117],7.479541e-05,0.6931472,1.0,0.0,1.0
[aws-cli/1.18.7 Python/3.7.3 Linux/4.19.87+ botocore/1.15.7],7.479541e-05,0.6931472,1.0,0.0,1.0
[aws-cli/1.18.13 Python/3.7.4 Linux/4.14.165-131.185.amzn2.x86_64 botocore/1.15.13],7.479541e-05,0.6931472,1.0,0.0,1.0
[aws-cli/1.18.6 Python/3.7.5 Linux/5.3.0-7625-generic botocore/1.15.6],7.479541e-05,0.6931472,1.0,0.0,1.0
[aws-cli/1.18.16 Python/3.6.0 Windows/10 botocore/1.15.16],7.479541e-05,0.6931472,1.0,0.0,1.0
[aws-cli/1.18.12 Python/3.6.0 Windows/10 botocore/1.15.12],7.479541e-05,0.6931472,1.0,0.0,1.0
[aws-cli/1.18.3 Python/3.8.1 Linux/4.4.0-039049-Microsoft botocore/1.15.3],7.479541e-05,0.6931472,1.0,0.0,1.0
[aws-cli/2.0.1 Python/3.7.4 Darwin/19.3.0 botocore/2.0.0dev5],7.479541e-05,0.6931472,1.0,0.0,1.0
[aws-cli/1.18.6 Python/3.7.3 Darwin/18.6.0 botocore/1.15.6],7.479541e-05,0.6931472,1.0,0.0,1.0
[aws-cli/1.17.14 Python/3.7.6 Linux/5.4.0-kali4-amd64 botocore/1.15.17],7.479541e-05,0.6931472,1.0,0.0,1.0
[aws-cli/1.17.14 Python/3.7.6 Linux/5.4.0-kali3-amd64 botocore/1.12.210],7.479541e-05,0.6931472,1.0,0.0,1.0
[aws-cli/1.16.96 Python/2.7.15+ Linux/4.15.0-55-generic botocore/1.12.86],7.479541e-05,0.6931472,1.0,0.0,1.0
[aws-cli/1.16.74 Python/3.6.0 Windows/10 botocore/1.12.64],7.479541e-05,0.6931472,1.0,0.0,1.0
[aws-cli/1.16.72 Python/3.7.1 Darwin/17.7.0 botocore/1.12.62],7.479541e-05,0.6931472,1.0,0.0,1.0
[aws-cli/1.16.63 Python/3.6.6 Linux/4.18.0-kali2-amd64 botocore/1.12.53],7.479541e-05,0.6931472,1.0,0.0,1.0
[aws-cli/1.16.15 Python/2.7.15rc1 Linux/4.15.0-42-generic botocore/1.12.47],7.479541e-05,0.6931472,1.0,0.0,1.0
[aws-cli/1.16.79 Python/2.7.15rc1 Linux/4.15.0-42-generic botocore/1.12.69],7.479541e-05,0.6931472,1.0,0.0,1.0
[aws-cli/1.11.51 Python/2.7.10 Darwin/16.6.0 botocore/1.5.14],7.479541e-05,0.6931472,1.0,0.0,1.0
[aws-cli/1.18.16 Python/2.7.17 Linux/4.14.171-1-MANJARO botocore/1.15.16],7.479541e-05,0.6931472,1.0,0.0,1.0
[aws-cli/1.18.8 Python/2.7.10 Darwin/16.7.0 botocore/1.15.8],7.479541e-05,0.6931472,1.0,0.0,1.0
[aws-cli/2.0.4 Python/3.7.3 Linux/4.4.0-039049-Microsoft botocore/2.0.0dev8],7.479541e-05,0.6931472,1.0,0.0,1.0
[aws-cli/1.18.1 Python/3.7.6 Linux/5.3.0-42-generic botocore/1.15.1],7.479541e-05,0.6931472,1.0,0.0,1.0
[aws-cli/1.16.308 Python/3.7.6 Linux/5.5.8-100.fc30.x86_64 botocore/1.13.44],7.479541e-05,0.6931472,1.0,0.0,1.0
[aws-cli/1.18.21 Python/3.7.3rc1 Linux/4.19.0-kali4-amd64 botocore/1.15.21],7.479541e-05,0.6931472,1.0,0.0,1.0
[aws-cli/1.15.45 Python/2.7.12 Linux/4.4.0-174-generic botocore/1.10.45],7.479541e-05,0.6931472,1.0,0.0,1.0
[aws-cli/1.16.16 Python/2.7.16 Darwin/19.3.0 botocore/1.12.6],7.479541e-05,0.6931472,1.0,0.0,1.0
[aws-cli/1.16.73 Python/2.7.14 Linux/4.13.0-46-generic botocore/1.12.63],7.479541e-05,0.6931472,1.0,0.0,1.0
[aws-cli/1.14.44 Python/3.6.7 Linux/4.15.0-1029-aws botocore/1.8.48],7.479541e-05,0.6931472,1.0,0.0,1.0
[aws-cli/1.16.72 Python/2.7.14+ Linux/4.15.0-kali2-amd64 botocore/1.12.62],7.479541e-05,0.6931472,1.0,0.0,1.0
[aws-cli/1.16.36 Python/2.7.14+ Linux/4.15.0-kali2-amd64 botocore/1.12.26],7.479541e-05,0.6931472,1.0,0.0,1.0
[aws-cli/1.16.76 Python/2.7.10 Darwin/15.6.0 botocore/1.12.66],7.479541e-05,0.6931472,1.0,0.0,1.0
[aws-cli/1.16.74 Python/3.6.0 Windows/7 botocore/1.12.64],7.479541e-05,0.6931472,1.0,0.0,1.0
[aws-cli/1.11.23 Python/2.7.10 Darwin/18.0.0 botocore/1.4.80],7.479541e-05,0.6931472,1.0,0.0,1.0
[aws-cli/1.16.74 Python/2.7.15+ Linux/4.18.0-kali2-amd64 botocore/1.12.64],7.479541e-05,0.6931472,1.0,0.0,1.0
[aws-cli/1.16.76 Python/3.6.0 Windows/7 botocore/1.12.66],7.479541e-05,0.6931472,1.0,0.0,1.0
[Boto3/1.12.15 Python/3.7.6 Darwin/19.3.0 Botocore/1.15.15],7.479541e-05,0.6931472,1.0,0.0,1.0
[aws-cli/1.18.12 Python/3.7.3 Linux/4.19.0-8-amd64 botocore/1.15.12],7.479541e-05,0.6931472,1.0,0.0,1.0
[Boto3/1.9.14 Python/3.8.2 Linux/4.19.76-linuxkit Botocore/1.12.212],7.479541e-05,0.6931472,1.0,0.0,1.0
[aws-cli/2.0.2 Python/3.7.4 Darwin/18.0.0 botocore/2.0.0dev6],7.479541e-05,0.6931472,1.0,0.0,1.0
[aws-cli/1.18.26 Python/2.7.16 Windows/10 botocore/1.15.26],7.479541e-05,0.6931472,1.0,0.0,1.0
[aws-cli/1.14.44 Python/3.6.9 Linux/4.15.0-1063-aws botocore/1.8.48],7.479541e-05,0.6931472,1.0,0.0,1.0
[aws-cli/1.16.72 Python/3.6.5 Windows/10 botocore/1.12.62],7.479541e-05,0.6931472,1.0,0.0,1.0
[aws-cli/1.16.63 Python/2.7.13 Linux/4.12.0-kali2-686 botocore/1.12.53],7.479541e-05,0.6931472,1.0,0.0,1.0
[aws-cli/1.16.64 Python/3.6.0 Windows/10 botocore/1.12.54],7.479541e-05,0.6931472,1.0,0.0,1.0
[aws-cli/1.16.72 Python/2.7.10 Darwin/16.4.0 botocore/1.12.62],7.479541e-05,0.6931472,1.0,0.0,1.0
[aws-cli/1.16.41 Python/3.6.0 Windows/10 botocore/1.12.31],7.479541e-05,0.6931472,1.0,0.0,1.0
[aws-cli/1.16.72 Python/2.7.10 Darwin/17.7.0 botocore/1.12.62],7.479541e-05,0.6931472,1.0,0.0,1.0
[aws-cli/1.15.46 Python/2.7.9 Windows/8 botocore/1.10.46],7.479541e-05,0.6931472,1.0,0.0,1.0
[aws-cli/2.0.0dev3 Python/3.7.4 Darwin/19.3.0 botocore/2.0.0dev2],7.479541e-05,0.6931472,1.0,0.0,1.0
[aws-cli/1.16.102 Python/2.7.16 Linux/4.14.165-102.185.amzn1.x86_64 botocore/1.12.92],7.479541e-05,0.6931472,1.0,0.0,1.0
[aws-cli/1.18.18 Python/3.8.2 Linux/5.4.26-1-lts botocore/1.15.18],7.479541e-05,0.6931472,1.0,0.0,1.0
[aws-cli/1.18.20 Python/3.6.5 Windows/10 botocore/1.15.20],7.479541e-05,0.6931472,1.0,0.0,1.0
[aws-cli/1.18.29 Python/3.7.6 Linux/5.4.0-kali3-amd64 botocore/1.15.29],7.479541e-05,0.6931472,1.0,0.0,1.0
[aws-cli/1.16.248 Python/3.7.6 Linux/5.5.9-100.fc30.x86_64 botocore/1.13.49],7.479541e-05,0.6931472,1.0,0.0,1.0
[aws-cli/2.0.4 Python/3.8.2 Darwin/18.7.0 botocore/2.0.0dev8],7.479541e-05,0.6931472,1.0,0.0,1.0
[aws-cli/1.16.283 Python/2.7.16 Darwin/17.7.0 botocore/1.13.19],7.479541e-05,0.6931472,1.0,0.0,1.0
[aws-cli/2.0.5 Python/3.7.4 Darwin/19.3.0 botocore/2.0.0dev9],7.479541e-05,0.6931472,1.0,0.0,1.0
[aws-cli/1.16.61 Python/3.6.7 Linux/4.15.0-39-generic botocore/1.12.51],7.479541e-05,0.6931472,1.0,0.0,1.0
[aws-cli/1.15.22 Python/2.7.10 Darwin/17.7.0 botocore/1.10.22],7.479541e-05,0.6931472,1.0,0.0,1.0
[aws-cli/1.16.62 Python/2.7.14+ Linux/4.6.0-kali1-amd64 botocore/1.12.52],7.479541e-05,0.6931472,1.0,0.0,1.0
[aws-cli/1.14.44 Python/3.6.7 Linux/4.15.0-39-generic botocore/1.8.48],7.479541e-05,0.6931472,1.0,0.0,1.0
[aws-cli/1.16.60 Python/3.7.1 Darwin/17.7.0 botocore/1.12.50],7.479541e-05,0.6931472,1.0,0.0,1.0
[aws-cli/1.16.72 Python/3.5.3 Linux/4.9.0-7-amd64 botocore/1.12.62],7.479541e-05,0.6931472,1.0,0.0,1.0
[aws-cli/1.18.26 Python/3.8.2 Linux/5.4.27-1-lts botocore/1.15.26],7.479541e-05,0.6931472,1.0,0.0,1.0
[aws-cli/1.16.128 Python/3.7.2 Darwin/19.3.0 botocore/1.12.116],7.479541e-05,0.6931472,1.0,0.0,1.0
[aws-cli/1.14.44 Python/3.6.8 Linux/4.15.0-54-generic botocore/1.8.48],7.479541e-05,0.6931472,1.0,0.0,1.0
[aws-cli/1.16.120 Python/3.7.2 Darwin/19.3.0 botocore/1.12.110],7.479541e-05,0.6931472,1.0,0.0,1.0
[aws-cli/1.16.218 Python/3.7.5 Linux/5.3.0-42-generic botocore/1.12.208],7.479541e-05,0.6931472,1.0,0.0,1.0
[aws-cli/1.10.23 Python/2.7.10 Darwin/15.5.0 botocore/1.4.14],7.479541e-05,0.6931472,1.0,0.0,1.0
[aws-cli/1.11.57 Python/2.7.10 Darwin/16.4.0 botocore/1.5.20],7.479541e-05,0.6931472,1.0,0.0,1.0
[aws-cli/1.10.1 Python/2.7.10 CYGWIN_NT-10.0-WOW/2.5.2(0.297/5/3) botocore/1.3.23],7.479541e-05,0.6931472,1.0,0.0,1.0
[aws-cli/1.9.7 Python/2.7.10 Darwin/16.4.0 botocore/1.3.7],7.479541e-05,0.6931472,1.0,0.0,1.0
[aws-cli/1.10.24 Python/2.7.10 Darwin/16.4.0 botocore/1.4.15],7.479541e-05,0.6931472,1.0,0.0,1.0
[aws-cli/1.11.190 Python/3.6.3 Darwin/18.0.0 botocore/1.7.48],7.479541e-05,0.6931472,1.0,0.0,1.0
[aws-cli/1.18.23 Python/2.7.16 Darwin/19.3.0 botocore/1.15.23],7.479541e-05,0.6931472,1.0,0.0,1.0
[Boto3/1.7.4 Python/3.7.7 Linux/5.4.0-kali3-amd64 Botocore/1.10.4 Resource],7.479541e-05,0.6931472,1.0,0.0,1.0
[Boto3/1.7.4 Python/3.7.7 Linux/5.4.0-kali3-amd64 Botocore/1.10.4],7.479541e-05,0.6931472,1.0,0.0,1.0
[aws-cli/2.0.4 Python/3.7.3 Linux/4.4.0-174-generic botocore/2.0.0dev8],7.479541e-05,0.6931472,1.0,0.0,1.0
[aws-cli/2.0.5 Python/3.8.2 Darwin/19.4.0 botocore/2.0.0dev9],7.479541e-05,0.6931472,1.0,0.0,1.0
[aws-cli/2.0.6 Python/3.7.3 Linux/4.15.0-91-generic botocore/2.0.0dev10],7.479541e-05,0.6931472,1.0,0.0,1.0
[aws-cli/2.0.6 Python/3.7.3 Linux/5.3.0-kali2-amd64 botocore/2.0.0dev10],7.479541e-05,0.6931472,1.0,0.0,1.0
[aws-cli/1.16.222 Python/3.6.9 Linux/4.15.0-91-generic botocore/1.12.212],7.479541e-05,0.6931472,1.0,0.0,1.0
[aws-cli/1.18.29 Python/3.7.6 Linux/5.3.0-kali2-amd64 botocore/1.15.29],7.479541e-05,0.6931472,1.0,0.0,1.0
[aws-cli/1.18.29 Python/3.7.5 Darwin/19.4.0 botocore/1.15.29],7.479541e-05,0.6931472,1.0,0.0,1.0
[aws-cli/1.16.61 Python/2.7.15rc1 Linux/4.15.0-39-generic botocore/1.12.51],7.479541e-05,0.6931472,1.0,0.0,1.0
[aws-cli/1.6.6 Python/2.7.15rc1 Linux/4.15.0-39-generic],7.479541e-05,0.6931472,1.0,0.0,1.0
[aws-cli/1.16.59 Python/3.6.7 Linux/4.18.0-kali2-amd64 botocore/1.12.49],7.479541e-05,0.6931472,1.0,0.0,1.0
[aws-cli/1.16.50 Python/3.7.1 Darwin/17.5.0 botocore/1.12.40],7.479541e-05,0.6931472,1.0,0.0,1.0
[aws-cli/1.16.28 Python/3.6.6 Linux/4.15.0-36-generic botocore/1.12.18],7.479541e-05,0.6931472,1.0,0.0,1.0
[aws-cli/1.11.58 Python/2.7.10 Darwin/16.4.0 botocore/1.5.21],7.479541e-05,0.6931472,1.0,0.0,1.0
[aws-cli/1.9.5 Python/2.7.10 Darwin/16.0.0 botocore/1.3.5],7.479541e-05,0.6931472,1.0,0.0,1.0
[aws-cli/1.18.25 Python/2.7.17 Linux/5.4.0-kali4-amd64 botocore/1.15.25],7.479541e-05,0.6931472,1.0,0.0,1.0
[aws-cli/1.17.10 Python/3.8.1 Darwin/19.4.0 botocore/1.14.10],7.479541e-05,0.6931472,1.0,0.0,1.0
[aws-cli/1.16.193 Python/3.7.5 Linux/5.3.0-kali2-amd64 botocore/1.12.183],7.479541e-05,0.6931472,1.0,0.0,1.0
[aws-cli/2.0.7 Python/3.7.3 Linux/5.4.0-kali4-amd64 botocore/2.0.0dev11],7.479541e-05,0.6931472,1.0,0.0,1.0
[aws-cli/1.14.44 Python/3.6.9 Linux/5.3.0-45-generic botocore/1.15.32],7.479541e-05,0.6931472,1.0,0.0,1.0
[aws-cli/1.14.44 Python/3.6.9 Linux/5.3.0-45-generic botocore/1.13.12],7.479541e-05,0.6931472,1.0,0.0,1.0
[aws-cli/1.16.276 Python/3.7.5 Linux/5.3.0-40-generic botocore/1.15.28],7.479541e-05,0.6931472,1.0,0.0,1.0
[aws-cli/2.0.6 Python/3.7.3 Linux/5.3.0-45-generic botocore/2.0.0dev10],7.479541e-05,0.6931472,1.0,0.0,1.0
[aws-cli/1.18.36 Python/3.7.3rc1 Linux/4.19.0-parrot4-28t-amd64 botocore/1.15.36],7.479541e-05,0.6931472,1.0,0.0,1.0
[aws-cli/2.0.8 Python/3.7.5 Windows/10 botocore/2.0.0dev12],7.479541e-05,0.6931472,1.0,0.0,1.0
[aws-cli/1.18.11 Python/3.7.5 Linux/5.3.0-kali2-amd64 botocore/1.15.11],7.479541e-05,0.6931472,1.0,0.0,1.0
[aws-cli/1.16.181 Python/3.6.9 Linux/4.4.0-039049-Microsoft botocore/1.12.171],7.479541e-05,0.6931472,1.0,0.0,1.0
[aws-cli/1.14.44 Python/3.6.9 Linux/5.3.0-46-generic botocore/1.13.12],7.479541e-05,0.6931472,1.0,0.0,1.0
[aws-cli/1.16.55 Python/2.7.14+ Linux/4.14.0-parrot13-amd64 botocore/1.12.45],7.479541e-05,0.6931472,1.0,0.0,1.0
[aws-cli/1.16.54 Python/2.7.15 Windows/10 botocore/1.12.44],7.479541e-05,0.6931472,1.0,0.0,1.0
[aws-cli/1.16.53 Python/2.7.15 Windows/10 botocore/1.12.43],7.479541e-05,0.6931472,1.0,0.0,1.0
[aws-cli/1.16.52 Python/2.7.10 Darwin/17.7.0 botocore/1.12.42],7.479541e-05,0.6931472,1.0,0.0,1.0
[aws-cli/1.7.36 Python/2.7.10 Darwin/16.7.0],7.479541e-05,0.6931472,1.0,0.0,1.0
[aws-cli/1.16.62 Python/2.7.12 Linux/4.15.0-36-generic botocore/1.12.52],7.479541e-05,0.6931472,1.0,0.0,1.0
[aws-cli/1.16.300 Python/2.7.16 Linux/4.14.154-128.181.amzn2.x86_64 botocore/1.13.36],7.479541e-05,0.6931472,1.0,0.0,1.0
[aws-cli/1.11.138 Python/2.7.16 Darwin/19.2.0 botocore/1.6.5],7.479541e-05,0.6931472,1.0,0.0,1.0
[aws-cli/1.18.2 Python/3.6.0 Windows/10 botocore/1.15.2],7.479541e-05,0.6931472,1.0,0.0,1.0
[aws-cli/1.17.17 Python/2.7.17 Darwin/18.7.0 botocore/1.14.17],7.479541e-05,0.6931472,1.0,0.0,1.0
[aws-cli/1.16.300 Python/3.7.6 Darwin/19.3.0 botocore/1.13.36],7.479541e-05,0.6931472,1.0,0.0,1.0
[aws-cli/2.0.5 Python/3.7.4 Darwin/19.4.0 botocore/2.0.0dev9],7.479541e-05,0.6931472,1.0,0.0,1.0
[aws-cli/1.16.47 Python/3.5.2 Linux/4.18.0-kali1-amd64 botocore/1.12.37],7.479541e-05,0.6931472,1.0,0.0,1.0
[aws-cli/1.16.47 Python/2.7.11 Windows/10 botocore/1.12.37],7.479541e-05,0.6931472,1.0,0.0,1.0
[aws-cli/1.16.43 Python/3.7.1 Darwin/18.2.0 botocore/1.12.33],7.479541e-05,0.6931472,1.0,0.0,1.0
[aws-cli/1.16.46 Python/3.6.0 Windows/10 botocore/1.12.36],7.479541e-05,0.6931472,1.0,0.0,1.0
[aws-cli/1.16.47 Python/2.7.15 Windows/10 botocore/1.12.37],7.479541e-05,0.6931472,1.0,0.0,1.0
[aws-cli/1.16.47 Python/2.7.10 Darwin/18.0.0 botocore/1.12.37],7.479541e-05,0.6931472,1.0,0.0,1.0
[aws-cli/1.16.29 Python/3.6.6 Linux/4.15.0-38-generic botocore/1.12.19],7.479541e-05,0.6931472,1.0,0.0,1.0
[aws-cli/1.11.123 Python/2.7.10 Darwin/17.7.0 botocore/1.5.86],7.479541e-05,0.6931472,1.0,0.0,1.0
[aws-cli/1.16.26 Python/3.6.7 Linux/4.17.0-kali3-amd64 botocore/1.12.16],7.479541e-05,0.6931472,1.0,0.0,1.0
[aws-cli/1.16.31 Python/3.7.1 Darwin/17.7.0 botocore/1.12.21],7.479541e-05,0.6931472,1.0,0.0,1.0
[aws-cli/1.11.85 Python/2.7.9 Windows/8 botocore/1.5.48],7.479541e-05,0.6931472,1.0,0.0,1.0
[aws-cli/2.0.7 Python/3.7.3 Linux/5.3.0-kali2-amd64 botocore/2.0.0dev11],7.479541e-05,0.6931472,1.0,0.0,1.0
[Boto3/1.12.39 Python/3.7.7 OpenBSD/6.7 Botocore/1.15.39],7.479541e-05,0.6931472,1.0,0.0,1.0
[aws-cli/2.0.6 Python/3.7.4 Darwin/19.4.0 botocore/2.0.0dev10],7.479541e-05,0.6931472,1.0,0.0,1.0
[aws-cli/1.14.63 Python/3.5.2 Linux/4.4.0-145-generic botocore/1.9.23],7.479541e-05,0.6931472,1.0,0.0,1.0
[aws-cli/1.16.296 Python/3.7.4 Darwin/19.3.0 botocore/1.13.32],7.479541e-05,0.6931472,1.0,0.0,1.0
[Boto3/1.12.31 Python/2.7.17 Linux/5.0.0-32-generic Botocore/1.15.31],7.479541e-05,0.6931472,1.0,0.0,1.0
[aws-cli/1.14.44 Python/3.6.9 Linux/5.0.0-32-generic botocore/1.8.48],7.479541e-05,0.6931472,1.0,0.0,1.0
[aws-cli/1.16.174 Python/2.7.18rc1 Linux/5.4.0-kali4-amd64 botocore/1.12.164],7.479541e-05,0.6931472,1.0,0.0,1.0
[aws-cli/1.16.290 Python/3.7.5 Darwin/19.3.0 botocore/1.13.26],7.479541e-05,0.6931472,1.0,0.0,1.0
[aws-cli/2.0.6 Python/3.7.3 Linux/5.4.0-kali4-amd64 botocore/2.0.0dev10],7.479541e-05,0.6931472,1.0,0.0,1.0
[aws-cli/1.16.254 Python/3.6.9 Linux/4.15.0-88-generic botocore/1.12.244],7.479541e-05,0.6931472,1.0,0.0,1.0
[aws-cli/1.18.46 Python/2.7.17 Linux/4.19.0-kali4-amd64 botocore/1.15.46],7.479541e-05,0.6931472,1.0,0.0,1.0
[aws-cli/1.18.45 Python/2.7.17 Linux/4.15.0-96-generic botocore/1.15.45],7.479541e-05,0.6931472,1.0,0.0,1.0
[aws-cli/1.16.47 Python/3.5.3 Linux/4.17.0-3rodete2-amd64 botocore/1.12.37],7.479541e-05,0.6931472,1.0,0.0,1.0
[aws-cli/1.16.47 Python/2.7.13 Linux/4.9.0-7-amd64 botocore/1.12.37],7.479541e-05,0.6931472,1.0,0.0,1.0
[aws-cli/1.16.47 Python/2.7.12+ Linux/4.8.0-59-generic botocore/1.12.37],7.479541e-05,0.6931472,1.0,0.0,1.0
[aws-cli/1.16.47 Python/2.7.13 Linux/4.14.74-49113-g7815dfea1ba2 botocore/1.12.37],7.479541e-05,0.6931472,1.0,0.0,1.0
[aws-cli/1.16.47 Python/2.7.15+ Linux/4.18.0-kali2-amd64 botocore/1.12.37],7.479541e-05,0.6931472,1.0,0.0,1.0
[aws-cli/1.16.51 Python/2.7.15 Darwin/18.0.0 botocore/1.12.41],7.479541e-05,0.6931472,1.0,0.0,1.0
[aws-cli/1.16.51 Python/2.7.15 Darwin/16.6.0 botocore/1.12.41],7.479541e-05,0.6931472,1.0,0.0,1.0
[aws-cli/1.16.51 Python/3.7.0 Darwin/18.2.0 botocore/1.12.41],7.479541e-05,0.6931472,1.0,0.0,1.0
[aws-cli/1.18.26 Python/3.7.4+ Linux/4.19.0-kali5-amd64 botocore/1.12.246],7.479541e-05,0.6931472,1.0,0.0,1.0
[aws-cli/2.0.6 Python/3.7.3 Linux/5.6.7-arch1-1 botocore/2.0.0dev10],7.479541e-05,0.6931472,1.0,0.0,1.0
[aws-cli/1.16.20 Python/2.7.15 Darwin/18.7.0 botocore/1.12.10],7.479541e-05,0.6931472,1.0,0.0,1.0
[aws-cli/1.18.16 Python/3.8.1 Darwin/19.2.0 botocore/1.15.16],7.479541e-05,0.6931472,1.0,0.0,1.0
[aws-cli/1.16.210 Python/3.7.7 Darwin/19.4.0 botocore/1.12.200],7.479541e-05,0.6931472,1.0,0.0,1.0
[aws-cli/1.16.260 Python/3.7.5 Linux/reka agent botocore/1.12.250],7.479541e-05,0.6931472,1.0,0.0,1.0
[aws-cli/1.16.13 Python/2.7.9 Windows/8 botocore/1.12.3],7.479541e-05,0.6931472,1.0,0.0,1.0
[aws-cli/1.15.19 Python/3.6.3 Darwin/16.7.0 botocore/1.10.21],7.479541e-05,0.6931472,1.0,0.0,1.0
[aws-cli/1.16.47 Python/2.7.15 Darwin/18.0.0 botocore/1.12.37],7.479541e-05,0.6931472,1.0,0.0,1.0
[aws-cli/1.16.166 Python/3.7.5 Linux/5.3.0-46-generic botocore/1.12.220],7.479541e-05,0.6931472,1.0,0.0,1.0
[aws-cli/1.18.27 Python/3.7.5 Darwin/18.7.0 botocore/1.15.27],7.479541e-05,0.6931472,1.0,0.0,1.0
[aws-cli/1.18.36 Python/3.7.7 Linux/4.19.0-kali3-amd64 botocore/1.15.36],7.479541e-05,0.6931472,1.0,0.0,1.0
[aws-cli/1.18.46 Python/3.8.2 Linux/5.5.0-kali2-amd64 botocore/1.15.26],7.479541e-05,0.6931472,1.0,0.0,1.0
[aws-cli/1.18.41 Python/3.8.2 Linux/4.19.107-1.pvops.qubes.x86_64 botocore/1.15.41],7.479541e-05,0.6931472,1.0,0.0,1.0
[aws-cli/1.16.313 Python/3.8.1 Windows/10 botocore/1.13.49],7.479541e-05,0.6931472,1.0,0.0,1.0
[aws-cli/1.18.22 Python/3.7.4 Darwin/19.3.0 botocore/1.15.22],7.479541e-05,0.6931472,1.0,0.0,1.0
[aws-cli/2.0.12 Python/3.7.3 Linux/5.5.0-kali2-amd64 botocore/2.0.0dev16],7.479541e-05,0.6931472,1.0,0.0,1.0
[aws-cli/1.14.50 Python/2.7.9 Windows/8 botocore/1.9.3],7.479541e-05,0.6931472,1.0,0.0,1.0
[aws-cli/1.18.46 Python/3.7.5 Linux/5.3.0-kali2-amd64 botocore/1.15.46],7.479541e-05,0.6931472,1.0,0.0,1.0
[aws-cli/2.0.10 Python/3.8.2 Darwin/18.7.0 botocore/2.0.0dev14],7.479541e-05,0.6931472,1.0,0.0,1.0
[aws-cli/1.16.31 Python/3.6.6 Linux/4.18.0-67921-generic botocore/1.12.21],7.479541e-05,0.6931472,1.0,0.0,1.0
[aws-cli/1.16.46 Python/2.7.15rc1 Linux/4.15.0-38-generic botocore/1.12.36],7.479541e-05,0.6931472,1.0,0.0,1.0
[aws-cli/1.16.45 Python/2.7.15 Windows/10 botocore/1.12.35],7.479541e-05,0.6931472,1.0,0.0,1.0
[aws-cli/1.16.40 Python/3.7.0 Darwin/17.5.0 botocore/1.12.30],7.479541e-05,0.6931472,1.0,0.0,1.0
[aws-cli/1.16.37 Python/3.6.5 Darwin/17.7.0 botocore/1.12.27],7.479541e-05,0.6931472,1.0,0.0,1.0
[aws-cli/1.16.46 Python/3.5.2 Linux/4.15.0-36-generic botocore/1.12.36],7.479541e-05,0.6931472,1.0,0.0,1.0
[aws-cli/1.16.12 Python/2.7.9 Windows/8 botocore/1.12.2],7.479541e-05,0.6931472,1.0,0.0,1.0
[aws-cli/1.16.45 Python/2.7.10 Darwin/17.7.0 botocore/1.12.35],7.479541e-05,0.6931472,1.0,0.0,1.0
[aws-cli/1.16.45 Python/3.6.6 Linux/4.15.0-38-generic botocore/1.12.35],7.479541e-05,0.6931472,1.0,0.0,1.0
[aws-cli/1.16.10 Python/3.7.0 Windows/10 botocore/1.12.0],7.479541e-05,0.6931472,1.0,0.0,1.0
[aws-cli/1.18.47 Python/2.7.16 Linux/4.19.0-kali5-amd64 botocore/1.15.47],7.479541e-05,0.6931472,1.0,0.0,1.0
[aws-cli/1.18.48 Python/2.7.10 Darwin/18.7.0 botocore/1.15.48],7.479541e-05,0.6931472,1.0,0.0,1.0
[aws-cli/1.18.61 Python/3.7.3rc1 Linux/4.19.0-kali4-amd64 botocore/1.16.11],7.479541e-05,0.6931472,1.0,0.0,1.0
[aws-cli/1.18.61 Python/2.7.10 Darwin/19.3.0 botocore/1.16.11],7.479541e-05,0.6931472,1.0,0.0,1.0
[aws-cli/1.18.61 Python/2.7.18 Linux/4.17.0-kali1-amd64 botocore/1.16.11],7.479541e-05,0.6931472,1.0,0.0,1.0
[aws-cli/1.18.60 Python/2.7.12 Linux/4.4.0-176-generic botocore/1.16.10],7.479541e-05,0.6931472,1.0,0.0,1.0
[aws-cli/1.16.309 Python/2.7.17 Linux/4.15.0-99-generic botocore/1.13.45],7.479541e-05,0.6931472,1.0,0.0,1.0
[aws-cli/1.18.56 Python/3.6.9 Linux/5.3.0-51-generic botocore/1.16.7],7.479541e-05,0.6931472,1.0,0.0,1.0
[aws-cli/1.16.240 Python/3.7.5 Darwin/17.7.0 botocore/1.12.230],7.479541e-05,0.6931472,1.0,0.0,1.0
[aws-cli/2.0.11 Python/3.7.4 Darwin/18.5.0 botocore/2.0.0dev15],7.479541e-05,0.6931472,1.0,0.0,1.0
[aws-cli/1.16.10 Python/3.6.5 Linux/4.15.0-36-generic botocore/1.12.0],7.479541e-05,0.6931472,1.0,0.0,1.0
[aws-cli/1.16.38 Python/2.7.15 Windows/10 botocore/1.12.28],7.479541e-05,0.6931472,1.0,0.0,1.0
[aws-cli/1.16.11 Python/3.7.0 Darwin/18.0.0 botocore/1.12.1],7.479541e-05,0.6931472,1.0,0.0,1.0
[aws-cli/1.16.26 Python/3.6.5rc1 Linux/4.16.0-parrot12-amd64 botocore/1.12.16],7.479541e-05,0.6931472,1.0,0.0,1.0
[aws-cli/1.16.10 Python/3.6.5 Darwin/18.0.0 botocore/1.12.0],7.479541e-05,0.6931472,1.0,0.0,1.0
[aws-cli/2.0.10 Python/3.7.4 Darwin/17.7.0 botocore/2.0.0dev14],7.479541e-05,0.6931472,1.0,0.0,1.0
[aws-cli/1.16.284 Python/3.7.4 Linux/5.2.0-kali2-amd64 botocore/1.13.20],7.479541e-05,0.6931472,1.0,0.0,1.0
[aws-cli/2.0.5 Python/3.7.4 Darwin/18.7.0 botocore/2.0.0dev9],7.479541e-05,0.6931472,1.0,0.0,1.0
[aws-cli/1.18.46 Python/3.8.2 Linux/5.5.0-1parrot1-amd64 botocore/1.15.46],7.479541e-05,0.6931472,1.0,0.0,1.0
[aws-cli/1.11.46 Python/2.7.10 Darwin/16.6.0 botocore/1.5.9],7.479541e-05,0.6931472,1.0,0.0,1.0
[aws-cli/1.16.8 Python/2.7.9 Windows/8 botocore/1.11.8],7.479541e-05,0.6931472,1.0,0.0,1.0
[aws-cli/1.16.39 Python/3.6.0 Windows/10 botocore/1.12.29],7.479541e-05,0.6931472,1.0,0.0,1.0
[aws-cli/1.16.10 Python/3.6.5 Darwin/17.5.0 botocore/1.12.0],7.479541e-05,0.6931472,1.0,0.0,1.0
[aws-cli/1.16.14 Python/3.7.0 Linux/4.14.77-1-MANJARO botocore/1.12.4],7.479541e-05,0.6931472,1.0,0.0,1.0
[aws-cli/1.16.42 Python/2.7.12 Linux/4.4.0-53329-Microsoft botocore/1.12.32],7.479541e-05,0.6931472,1.0,0.0,1.0
[aws-cli/1.16.43 Python/3.7.0 Windows/10 botocore/1.12.33],7.479541e-05,0.6931472,1.0,0.0,1.0
[aws-cli/1.16.14 Python/3.6.5 Darwin/18.0.0 botocore/1.12.4],7.479541e-05,0.6931472,1.0,0.0,1.0
[aws-cli/1.16.43 Python/3.7.1 Windows/10 botocore/1.12.33],7.479541e-05,0.6931472,1.0,0.0,1.0
[aws-cli/1.16.6 Python/3.6.4 Darwin/18.0.0 botocore/1.11.6],7.479541e-05,0.6931472,1.0,0.0,1.0
[aws-cli/2.0.10 Python/3.7.4 Darwin/18.7.0 botocore/2.0.0dev14],7.479541e-05,0.6931472,1.0,0.0,1.0
[aws-cli/1.18.58 Python/3.6.2 Darwin/19.4.0 botocore/1.16.8],7.479541e-05,0.6931472,1.0,0.0,1.0
[aws-cli/2.0.12 Python/3.7.4 Darwin/19.4.0 botocore/2.0.0dev16],7.479541e-05,0.6931472,1.0,0.0,1.0
[aws-cli/1.18.52 Python/3.6.6 Darwin/19.4.0 botocore/1.16.2],7.479541e-05,0.6931472,1.0,0.0,1.0
[aws-cli/1.16.218 Python/3.7.5 Linux/5.3.0-46-generic botocore/1.12.208],7.479541e-05,0.6931472,1.0,0.0,1.0
[aws-cli/1.17.6 Python/3.7.5 Linux/5.4.0-kali2-amd64 botocore/1.14.6],7.479541e-05,0.6931472,1.0,0.0,1.0
[aws-cli/1.18.46 Python/3.8.2 Linux/5.4.0-kali3-amd64 botocore/1.15.46],7.479541e-05,0.6931472,1.0,0.0,1.0
[aws-cli/1.18.65 Python/2.7.17 Linux/4.4.0-039049-Microsoft botocore/1.16.15],7.479541e-05,0.6931472,1.0,0.0,1.0
[aws-cli/1.16.40 Python/3.6.6 Linux/4.15.0-38-generic botocore/1.12.32],7.479541e-05,0.6931472,1.0,0.0,1.0
[aws-cli/1.16.38 Python/3.6.0 Windows/10 botocore/1.12.28],7.479541e-05,0.6931472,1.0,0.0,1.0
[aws-cli/1.15.40 Python/2.7.14+ Linux/4.14.0-kali3-amd64 botocore/1.10.40],7.479541e-05,0.6931472,1.0,0.0,1.0
[aws-cli/1.15.60 Python/3.7.0 Darwin/18.0.0 botocore/1.10.59],7.479541e-05,0.6931472,1.0,0.0,1.0
[aws-cli/1.14.30 Python/3.6.4 Darwin/17.7.0 botocore/1.8.34],7.479541e-05,0.6931472,1.0,0.0,1.0
[aws-cli/1.18.46 Python/3.7.5 Linux/4.17.0-kali1-amd64 botocore/1.15.46],7.479541e-05,0.6931472,1.0,0.0,1.0
[aws-cli/1.16.303 Python/3.6.9 Linux/5.3.0-1017-aws botocore/1.16.12],7.479541e-05,0.6931472,1.0,0.0,1.0
[aws-cli/1.18.60 Python/3.8.2 Linux/5.4.13-arch1-1 botocore/1.16.10],7.479541e-05,0.6931472,1.0,0.0,1.0
[aws-cli/1.18.51 Python/3.6.9 Linux/4.15.0-99-generic botocore/1.16.1],7.479541e-05,0.6931472,1.0,0.0,1.0
[aws-cli/2.0.14 Python/3.7.3 Linux/5.4.0-29-generic botocore/2.0.0dev18],7.479541e-05,0.6931472,1.0,0.0,1.0
[aws-cli/1.18.41 Python/3.7.7 Darwin/18.7.0 botocore/1.15.41],7.479541e-05,0.6931472,1.0,0.0,1.0
[aws-cli/1.18.46 Python/3.7.3 Darwin/19.4.0 botocore/1.15.46],7.479541e-05,0.6931472,1.0,0.0,1.0
[aws-cli/2.0.8 Python/3.7.3 Linux/5.4.0-kali4-amd64 botocore/2.0.0dev12],7.479541e-05,0.6931472,1.0,0.0,1.0
[aws-cli/1.18.66 Python/3.6.10 Linux/4.15.0-99-generic botocore/1.16.16],7.479541e-05,0.6931472,1.0,0.0,1.0
[aws-cli/1.16.183 Python/2.7.17 Linux/4.18.0-22-generic botocore/1.12.173],7.479541e-05,0.6931472,1.0,0.0,1.0
[aws-cli/1.16.41 Python/2.7.15+ Linux/4.4.0-53329-Microsoft botocore/1.12.31],7.479541e-05,0.6931472,1.0,0.0,1.0
[aws-cli/1.16.41 Python/3.6.6 MSYS_NT-10.0/2.10.0(0.325/5/3) botocore/1.12.31],7.479541e-05,0.6931472,1.0,0.0,1.0
[aws-cli/1.16.41 Python/2.7.15+ Linux/4.15.0-kali2-amd64 botocore/1.12.31],7.479541e-05,0.6931472,1.0,0.0,1.0
[aws-cli/1.16.40 Python/3.6.0 Windows/7 botocore/1.12.30],7.479541e-05,0.6931472,1.0,0.0,1.0
[aws-cli/1.16.21 Python/3.6.5 Darwin/17.7.0 botocore/1.12.11],7.479541e-05,0.6931472,1.0,0.0,1.0
[aws-cli/1.15.50 Python/3.7.0 Darwin/18.0.0 botocore/1.10.49],7.479541e-05,0.6931472,1.0,0.0,1.0
[aws-cli/1.11.97 Python/2.7.12 Linux/4.4.0-78-generic botocore/1.5.60],7.479541e-05,0.6931472,1.0,0.0,1.0
[aws-cli/1.11.63 Python/2.7.13 Linux/4.10.5-1-ARCH botocore/1.5.26],7.479541e-05,0.6931472,1.0,0.0,1.0
[aws-cli/1.11.97 Python/3.6.1 Linux/4.10.13-1-ARCH botocore/1.5.60],7.479541e-05,0.6931472,1.0,0.0,1.0
[aws-cli/1.11.97 Python/2.7.13 Darwin/15.6.0 botocore/1.5.60],7.479541e-05,0.6931472,1.0,0.0,1.0
[Boto3/1.13.16 Python/2.7.16 Darwin/19.0.0 Botocore/1.16.16],7.479541e-05,0.6931472,1.0,0.0,1.0
[aws-cli/1.18.66 Python/3.7.3rc1 Linux/4.19.0-kali4-amd64 botocore/1.16.16],7.479541e-05,0.6931472,1.0,0.0,1.0
[aws-cli/1.16.254 Python/2.7.17 Darwin/19.3.0 botocore/1.12.244],7.479541e-05,0.6931472,1.0,0.0,1.0
[aws-cli/2.0.16 Python/3.7.7 Windows/10 botocore/2.0.0dev20],7.479541e-05,0.6931472,1.0,0.0,1.0
[aws-cli/1.16.113 Python/3.7.3 Linux/4.19.0-8-amd64 botocore/1.12.103],7.479541e-05,0.6931472,1.0,0.0,1.0
[aws-cli/1.17.6 Python/2.7.17 Linux/5.3.0-kali2-686-pae botocore/1.14.6],7.479541e-05,0.6931472,1.0,0.0,1.0
[aws-cli/2.0.14 Python/3.7.3 Linux/5.6.0-1-amd64 botocore/2.0.0dev18],7.479541e-05,0.6931472,1.0,0.0,1.0
[Boto3/1.7.4 Python/3.6.6 Linux/4.16.0-kali2-amd64 Botocore/1.10.4 Resource],7.479541e-05,0.6931472,1.0,0.0,1.0
[Boto3/1.7.4 Python/3.6.6 Linux/4.16.0-kali2-amd64 Botocore/1.10.4],7.479541e-05,0.6931472,1.0,0.0,1.0
[aws-cli/1.16.26 Python/3.6.6 Linux/4.17.0-kali3-amd64 botocore/1.12.16],7.479541e-05,0.6931472,1.0,0.0,1.0
[aws-cli/1.16.38 Python/2.7.10 Darwin/18.0.0 botocore/1.12.28],7.479541e-05,0.6931472,1.0,0.0,1.0
[aws-cli/1.16.26 Python/3.6.4+ Linux/4.14.0-kali3-amd64 botocore/1.12.16],7.479541e-05,0.6931472,1.0,0.0,1.0
[aws-cli/1.16.41 Python/2.7.14+ Linux/4.15.0-kali2-amd64 botocore/1.12.31],7.479541e-05,0.6931472,1.0,0.0,1.0
[aws-cli/1.16.40 Python/2.7.15+ Linux/4.18.0-kali2-amd64 botocore/1.12.30],7.479541e-05,0.6931472,1.0,0.0,1.0
[aws-cli/1.16.41 Python/2.7.15+ Linux/4.18.0-kali1-686-pae botocore/1.12.31],7.479541e-05,0.6931472,1.0,0.0,1.0
[aws-cli/1.16.64 Python/2.7.17 Darwin/18.7.0 botocore/1.12.54],7.479541e-05,0.6931472,1.0,0.0,1.0
[aws-cli/2.0.15 Python/3.7.7 Windows/10 botocore/2.0.0dev19],7.479541e-05,0.6931472,1.0,0.0,1.0
[aws-cli/2.0.15 Python/3.7.3 Linux/4.19.76-linuxkit botocore/2.0.0dev19],7.479541e-05,0.6931472,1.0,0.0,1.0
[aws-cli/1.16.306 Python/3.7.6 Darwin/17.7.0 botocore/1.13.42],7.479541e-05,0.6931472,1.0,0.0,1.0
[aws-cli/1.18.10 Python/3.7.6 Darwin/19.4.0 botocore/1.15.10],7.479541e-05,0.6931472,1.0,0.0,1.0
[aws-cli/1.18.21 Python/2.7.16 Darwin/19.5.0 botocore/1.15.21],7.479541e-05,0.6931472,1.0,0.0,1.0
[aws-cli/1.16.200 Python/3.7.4 Darwin/19.5.0 botocore/1.12.190],7.479541e-05,0.6931472,1.0,0.0,1.0
[aws-cli/1.16.263 Python/2.7.18 Linux/5.4.0-kali3-amd64 botocore/1.12.253],7.479541e-05,0.6931472,1.0,0.0,1.0
[aws-cli/1.18.69 Python/3.7.7 Linux/5.6.0-kali1-amd64 botocore/1.16.19],7.479541e-05,0.6931472,1.0,0.0,1.0
[aws-cli/1.18.70 Python/3.7.6 Linux/5.4.0-kali3-amd64 botocore/1.16.20],7.479541e-05,0.6931472,1.0,0.0,1.0
[aws-cli/1.15.26 Python/3.6.5 Darwin/17.5.0 botocore/1.10.26],7.479541e-05,0.6931472,1.0,0.0,1.0
[aws-cli/1.16.36 Python/2.7.13 Darwin/17.7.0 botocore/1.12.25],7.479541e-05,0.6931472,1.0,0.0,1.0
[aws-cli/1.16.24 Python/3.7.0 Linux/4.18.11-arch1-1-ARCH botocore/1.12.14],7.479541e-05,0.6931472,1.0,0.0,1.0
[aws-cli/1.14.44 Python/3.6.6 Linux/4.4.0-01985-Microsoft botocore/1.8.48],7.479541e-05,0.6931472,1.0,0.0,1.0
[aws-cli/1.16.39 Python/3.6.5 Linux/4.15.0-34-generic botocore/1.12.29],7.479541e-05,0.6931472,1.0,0.0,1.0
[aws-cli/1.16.39 Python/2.7.15rc1 Linux/4.15.0-23-generic botocore/1.12.29],7.479541e-05,0.6931472,1.0,0.0,1.0
[aws-cli/1.16.310 Python/2.7.16 Darwin/19.3.0 botocore/1.13.46],7.479541e-05,0.6931472,1.0,0.0,1.0
[aws-cli/1.17.9 Python/3.7.0 Darwin/19.4.0 botocore/1.14.9],7.479541e-05,0.6931472,1.0,0.0,1.0
[aws-cli/1.18.69 Python/3.7.7 Darwin/19.4.0 botocore/1.16.19],7.479541e-05,0.6931472,1.0,0.0,1.0
[aws-cli/2.0.16 Python/3.7.4 Darwin/19.5.0 botocore/2.0.0dev20],7.479541e-05,0.6931472,1.0,0.0,1.0
[aws-cli/1.18.66 Python/2.7.18 Linux/5.4.0-kali4-amd64 botocore/1.16.19],7.479541e-05,0.6931472,1.0,0.0,1.0
[aws-cli/1.11.133 Python/3.6.6 Linux/4.17.19-100.fc27.x86_64 botocore/1.6.0],7.479541e-05,0.6931472,1.0,0.0,1.0
[aws-cli/1.16.18 Python/3.6.3 Linux/4.13.0-kali1-amd64 botocore/1.12.8],7.479541e-05,0.6931472,1.0,0.0,1.0
[aws-cli/1.16.6 Python/2.7.12 Linux/4.15.0-29-generic botocore/1.11.6],7.479541e-05,0.6931472,1.0,0.0,1.0
[aws-cli/1.16.28 Python/2.7.12 Linux/4.9.93-linuxkit-aufs botocore/1.12.18],7.479541e-05,0.6931472,1.0,0.0,1.0
[aws-cli/1.16.5 Python/3.6.5 Linux/4.4.0-137-generic botocore/1.11.5],7.479541e-05,0.6931472,1.0,0.0,1.0
[aws-cli/1.16.24 Python/2.7.15 Linux/4.17.0-kali1-amd64 botocore/1.12.15],7.479541e-05,0.6931472,1.0,0.0,1.0
[aws-cli/2.0.14 Python/3.7.4 Darwin/18.7.0 botocore/2.0.0dev18],7.479541e-05,0.6931472,1.0,0.0,1.0
[aws-cli/1.17.10 Python/3.8.1 Darwin/17.7.0 botocore/1.14.10],7.479541e-05,0.6931472,1.0,0.0,1.0
[aws-cli/1.10.43 Python/2.7.16 Darwin/19.4.0 botocore/1.4.33],7.479541e-05,0.6931472,1.0,0.0,1.0
[aws-cli/1.18.74 Python/3.8.3rc1 Linux/5.6.0-kali1-amd64 botocore/1.16.24],7.479541e-05,0.6931472,1.0,0.0,1.0
[aws-cli/2.0.19 Python/3.7.3 Linux/4.19.0-9-amd64 botocore/2.0.0dev23],7.479541e-05,0.6931472,1.0,0.0,1.0
[Boto3/1.13.23 Python/2.7.17 Linux/5.0.0-25-generic Botocore/1.16.23],7.479541e-05,0.6931472,1.0,0.0,1.0
[aws-cli/1.18.69 Python/3.6.0 Windows/10 botocore/1.16.19],7.479541e-05,0.6931472,1.0,0.0,1.0
[aws-cli/1.11.190 Python/3.6.3 Darwin/18.7.0 botocore/1.7.48],7.479541e-05,0.6931472,1.0,0.0,1.0
[aws-cli/1.18.72 Python/2.7.18 Linux/5.4.0-kali3-amd64 botocore/1.16.22],7.479541e-05,0.6931472,1.0,0.0,1.0
[aws-cli/1.18.55 Python/3.8.2 Linux/5.5.0-kali2-amd64 botocore/1.16.5],7.479541e-05,0.6931472,1.0,0.0,1.0
[aws-cli/1.16.300 Python/2.7.18 Linux/5.4.38-17.76.amzn2.x86_64 botocore/1.13.36],7.479541e-05,0.6931472,1.0,0.0,1.0
[aws-cli/1.18.75 Python/3.6.0 Windows/10 botocore/1.16.25],7.479541e-05,0.6931472,1.0,0.0,1.0
[aws-cli/1.16.284 Python/2.7.17 Windows/10 botocore/1.13.20],7.479541e-05,0.6931472,1.0,0.0,1.0
[aws-cli/1.18.41 Python/3.7.7 Darwin/19.5.0 botocore/1.15.41],7.479541e-05,0.6931472,1.0,0.0,1.0
[aws-cli/1.18.77 Python/2.7.16 Linux/4.19.0-kali4-amd64 botocore/1.17.0],7.479541e-05,0.6931472,1.0,0.0,1.0
[aws-cli/1.17.14 Python/3.8.2 Linux/4.19.76-linuxkit botocore/1.14.14],7.479541e-05,0.6931472,1.0,0.0,1.0
[aws-cli/1.11.13 Python/2.7.16 Darwin/19.4.0 botocore/1.4.70],7.479541e-05,0.6931472,1.0,0.0,1.0
[aws-cli/1.18.20 Python/3.6.8 Linux/4.18.0-17-generic botocore/1.16.23],7.479541e-05,0.6931472,1.0,0.0,1.0
[aws-cli/1.15.15 Python/3.7.5rc1 Linux/4.15.0-kali2-amd64 botocore/1.13.37],7.479541e-05,0.6931472,1.0,0.0,1.0
[Botocore/1.16.26 Python/2.7.18 Linux/5.4.0-2-amd64],7.479541e-05,0.6931472,1.0,0.0,1.0
[aws-cli/2.0.20 Python/3.7.3 Linux/5.6.0-kali2-amd64 botocore/2.0.0dev24],7.479541e-05,0.6931472,1.0,0.0,1.0
[aws-cli/1.16.31 Python/2.7.15+ Linux/4.18.0-kali1-amd64 botocore/1.12.21],7.479541e-05,0.6931472,1.0,0.0,1.0
[aws-cli/1.16.31 Python/3.6.0 Windows/10 botocore/1.12.21],7.479541e-05,0.6931472,1.0,0.0,1.0
[aws-cli/1.15.71 Python/3.5.2 Linux/4.15.0-33-generic botocore/1.10.70],7.479541e-05,0.6931472,1.0,0.0,1.0
[aws-cli/1.16.3 Python/2.7.15 Darwin/18.0.0 botocore/1.11.3],7.479541e-05,0.6931472,1.0,0.0,1.0
[aws-cli/1.14.50 Python/3.6.6 Linux/4.18.12-200.fc28.x86_64 botocore/1.9.1],7.479541e-05,0.6931472,1.0,0.0,1.0
[aws-cli/2.0.9 Python/3.7.4 Darwin/19.5.0 botocore/2.0.0dev13],7.479541e-05,0.6931472,1.0,0.0,1.0
[aws-cli/2.0.9 Python/3.7.3 Linux/5.3.0-59-generic botocore/2.0.0dev13],7.479541e-05,0.6931472,1.0,0.0,1.0
[aws-cli/2.0.24 Python/3.7.3 Linux/5.4.0-33-generic botocore/2.0.0dev28],7.479541e-05,0.6931472,1.0,0.0,1.0
[aws-cli/1.16.26 Python/3.6.2 Darwin/17.7.0 botocore/1.12.16],7.479541e-05,0.6931472,1.0,0.0,1.0
[aws-cli/1.16.19 Python/2.7.15 Windows/7 botocore/1.12.9],7.479541e-05,0.6931472,1.0,0.0,1.0
[aws-cli/1.15.65 Python/2.7.14 CYGWIN_NT-6.1/2.10.0(0.325/5/3) botocore/1.10.64],7.479541e-05,0.6931472,1.0,0.0,1.0
[aws-cli/1.16.30 Python/3.7.0 Darwin/17.5.0 botocore/1.12.20],7.479541e-05,0.6931472,1.0,0.0,1.0
[aws-cli/1.16.283 Python/3.8.2 Linux/5.3.0-kali2-amd64 botocore/1.13.19],7.479541e-05,0.6931472,1.0,0.0,1.0
[aws-cli/1.18.84 Python/3.7.2 CYGWIN_NT-10.0-WOW/3.0.4(0.338/5/3) botocore/1.17.7],7.479541e-05,0.6931472,1.0,0.0,1.0
[aws-cli/1.16.283 Python/2.7.17 Linux/4.4.0-039049-Microsoft botocore/1.13.19],7.479541e-05,0.6931472,1.0,0.0,1.0
[aws-cli/1.16.300 Python/2.7.18 Linux/4.14.177-139.254.amzn2.x86_64 botocore/1.13.36],7.479541e-05,0.6931472,1.0,0.0,1.0
[aws-cli/1.18.46 Python/3.7.4 Darwin/19.5.0 botocore/1.12.253],7.479541e-05,0.6931472,1.0,0.0,1.0
[aws-cli/1.14.44 Python/3.6.9 Linux/4.15.0-99-generic botocore/1.8.48],7.479541e-05,0.6931472,1.0,0.0,1.0
[aws-cli/2.0.4 Python/3.7.3 Linux/5.4.44-1-lts botocore/2.0.0dev8],7.479541e-05,0.6931472,1.0,0.0,1.0
[aws-cli/1.16.60 Python/3.7.4 Darwin/19.5.0 botocore/1.12.50],7.479541e-05,0.6931472,1.0,0.0,1.0
[aws-cli/1.18.77 Python/3.6.9 Linux/5.3.0-59-generic botocore/1.17.0],7.479541e-05,0.6931472,1.0,0.0,1.0
[aws-cli/1.11.102 Python/2.7.13 Linux/4.9.0-kali3-686-pae botocore/1.5.65],7.479541e-05,0.6931472,1.0,0.0,1.0
[aws-sdk-ruby2/2.9.37 ruby/2.3.3 x86_64-darwin15],7.479541e-05,0.6931472,1.0,0.0,1.0
[aws-cli/1.16.19 Python/2.7.15rc1 Linux/4.15.0-36-generic botocore/1.12.9],7.479541e-05,0.6931472,1.0,0.0,1.0
[aws-cli/1.16.28 Python/3.6.3 Linux/4.18.0-12.1-liquorix-amd64 botocore/1.12.18],7.479541e-05,0.6931472,1.0,0.0,1.0
[aws-cli/1.16.4 Python/2.7.10 Darwin/17.6.0 botocore/1.11.4],7.479541e-05,0.6931472,1.0,0.0,1.0
[aws-cli/1.11.13 Python/3.5.2 Linux/4.4.0-55862-Microsoft botocore/1.4.70],7.479541e-05,0.6931472,1.0,0.0,1.0
[aws-cli/1.14.42 Python/2.7.10 Darwin/17.4.0 botocore/1.8.46],7.479541e-05,0.6931472,1.0,0.0,1.0
[aws-cli/1.14.46 Python/2.7.9 Windows/7 botocore/1.8.50],7.479541e-05,0.6931472,1.0,0.0,1.0
[Boto3/1.12.11 Python/3.6.9 Linux/4.15.0-1057-aws Botocore/1.15.11 Resource],7.479541e-05,0.6931472,1.0,0.0,1.0
[aws-cli/1.18.89 Python/3.6.5 Darwin/18.7.0 botocore/1.17.12],7.479541e-05,0.6931472,1.0,0.0,1.0
[aws-cli/2.0.25 Python/3.7.3 Linux/5.5.0-kali2-amd64 botocore/2.0.0dev29],7.479541e-05,0.6931472,1.0,0.0,1.0
[aws-cli/1.18.88 Python/3.7.5 Linux/5.3.0-59-generic botocore/1.17.11],7.479541e-05,0.6931472,1.0,0.0,1.0
[aws-cli/1.18.64 Python/3.8.2 Linux/5.5.0-kali2-amd64 botocore/1.16.14],7.479541e-05,0.6931472,1.0,0.0,1.0
[aws-cli/1.18.83 Python/3.8.3 Linux/5.6.0-kali2-amd64 botocore/1.17.6],7.479541e-05,0.6931472,1.0,0.0,1.0
[aws-cli/1.16.218 Python/3.7.5 Linux/5.0.0-38-generic botocore/1.12.208],7.479541e-05,0.6931472,1.0,0.0,1.0
[aws-cli/1.16.263 Python/3.5.2 Linux/4.15.0-65-generic botocore/1.12.253],7.479541e-05,0.6931472,1.0,0.0,1.0
[aws-cli/1.18.69 Python/3.7.6 Darwin/17.7.0 botocore/1.16.19],7.479541e-05,0.6931472,1.0,0.0,1.0
[aws-cli/1.11.13 Python/3.5.2 Linux/5.3.0-1028-aws botocore/1.4.70],7.479541e-05,0.6931472,1.0,0.0,1.0
[aws-cli/2.0.0dev4 Python/3.7.3 Linux/5.4.0-33-generic botocore/2.0.0dev3],7.479541e-05,0.6931472,1.0,0.0,1.0
[aws-cli/1.18.37 Python/2.7.16 Darwin/19.3.0 botocore/1.15.37],7.479541e-05,0.6931472,1.0,0.0,1.0
[aws-cli/1.18.74 Python/3.8.0 Darwin/19.5.0 botocore/1.16.24],7.479541e-05,0.6931472,1.0,0.0,1.0
[aws-cli/1.14.2 Python/2.7.10 Darwin/17.4.0 botocore/1.8.6],7.479541e-05,0.6931472,1.0,0.0,1.0
[aws-cli/1.15.79 Python/2.7.9 Windows/7 botocore/1.10.78],7.479541e-05,0.6931472,1.0,0.0,1.0
[aws-cli/1.16.22 Python/3.6.5 Darwin/16.7.0 botocore/1.12.12],7.479541e-05,0.6931472,1.0,0.0,1.0
[aws-cli/1.16.20 Python/2.7.15 Linux/4.18.9-200.fc28.x86_64 botocore/1.12.10],7.479541e-05,0.6931472,1.0,0.0,1.0
[aws-cli/1.16.23 Python/2.7.15+ Linux/4.18.0-kali1-amd64 botocore/1.12.13],7.479541e-05,0.6931472,1.0,0.0,1.0
[aws-cli/1.11.152 Python/2.7.10 Darwin/17.7.0 botocore/1.7.10],7.479541e-05,0.6931472,1.0,0.0,1.0
[aws-cli/1.11.93 Python/2.7.13 Windows/10 botocore/1.5.56],7.479541e-05,0.6931472,1.0,0.0,1.0
[aws-cli/1.11.13 Python/3.5.3 Linux/4.9.0-kali3-686-pae botocore/1.4.70],7.479541e-05,0.6931472,1.0,0.0,1.0
[aws-cli/1.11.104 Python/3.5.2 Linux/4.4.0-22-generic botocore/1.5.67],7.479541e-05,0.6931472,1.0,0.0,1.0
[aws-cli/1.11.103 Python/3.5.2 Linux/4.4.0-53-generic botocore/1.5.66],7.479541e-05,0.6931472,1.0,0.0,1.0
[aws-cli/1.11.44 Python/2.7.12 Linux/4.4.0-78-generic botocore/1.5.65],7.479541e-05,0.6931472,1.0,0.0,1.0
[aws-cli/1.18.96 Python/3.8.3 Linux/5.7.4-1-ck botocore/1.17.16],7.479541e-05,0.6931472,1.0,0.0,1.0
[aws-cli/1.16.300 Python/3.7.6 Darwin/18.7.0 botocore/1.13.36],7.479541e-05,0.6931472,1.0,0.0,1.0
[aws-cli/2.0.31 Python/3.7.3 Linux/5.5.0-kali2-amd64 botocore/2.0.0dev35],7.479541e-05,0.6931472,1.0,0.0,1.0
[aws-cli/1.14.46 Python/2.7.10 Darwin/15.6.0 botocore/1.8.50],7.479541e-05,0.6931472,1.0,0.0,1.0
[aws-cli/1.14.44 Python/3.6.4 Linux/4.15.3-2-zen botocore/1.8.48],7.479541e-05,0.6931472,1.0,0.0,1.0
[aws-cli/1.18.79 Python/3.8.2 Linux/5.4.0-40-generic botocore/1.17.2],7.479541e-05,0.6931472,1.0,0.0,1.0
[aws-cli/2.0.28 Python/3.8.3 Darwin/19.4.0 botocore/2.0.0dev32],7.479541e-05,0.6931472,1.0,0.0,1.0
[aws-cli/1.16.302 Python/2.7.10 Darwin/18.7.0 botocore/1.13.38],7.479541e-05,0.6931472,1.0,0.0,1.0
[aws-cli/1.18.97 Python/3.6.9 Linux/4.15.0-109-generic botocore/1.17.20],7.479541e-05,0.6931472,1.0,0.0,1.0
[aws-cli/2.0.30 Python/3.7.3 Linux/5.6.0-kali2-amd64 botocore/2.0.0dev34],7.479541e-05,0.6931472,1.0,0.0,1.0
[aws-cli/2.0.8 Python/3.7.3 Linux/4.15.0-43-generic botocore/2.0.0dev12],7.479541e-05,0.6931472,1.0,0.0,1.0
[aws-cli/1.16.160 Python/2.7.17 Linux/5.3.0-51-generic botocore/1.12.150],7.479541e-05,0.6931472,1.0,0.0,1.0
[aws-cli/2.0.26 Python/3.7.4 Darwin/18.7.0 botocore/2.0.0dev30],7.479541e-05,0.6931472,1.0,0.0,1.0
[aws-cli/1.14.44 Python/3.6.9 Linux/4.15.0-20-generic botocore/1.8.48],7.479541e-05,0.6931472,1.0,0.0,1.0
[aws-cli/1.18.92 Python/3.8.2 Linux/5.6.0-kali2-amd64 botocore/1.17.15],7.479541e-05,0.6931472,1.0,0.0,1.0
[aws-cli/2.0.27 Python/3.7.3 Linux/4.4.0-039049-Microsoft botocore/2.0.0dev31],7.479541e-05,0.6931472,1.0,0.0,1.0
[aws-cli/2.0.33 Python/3.7.3 Linux/4.4.0-039049-Microsoft botocore/2.0.0dev37],7.479541e-05,0.6931472,1.0,0.0,1.0
[aws-cli/1.18.99 Python/3.8.4 Linux/5.5.0-kali2-amd64 botocore/1.17.6],7.479541e-05,0.6931472,1.0,0.0,1.0
[aws-cli/1.18.14 Python/3.6.0 Windows/10 botocore/1.15.14],7.479541e-05,0.6931472,1.0,0.0,1.0
[aws-cli/1.15.45 Python/2.7.12 Linux/4.4.0-135-generic botocore/1.10.45],7.479541e-05,0.6931472,1.0,0.0,1.0
[aws-cli/1.16.10 Python/2.7.15rc1 Linux/4.15.0-34-generic botocore/1.12.0],7.479541e-05,0.6931472,1.0,0.0,1.0
[aws-cli/1.16.18 Python/2.7.10 Darwin/15.6.0 botocore/1.12.8],7.479541e-05,0.6931472,1.0,0.0,1.0
[aws-cli/1.16.19 Python/2.7.15rc1 Linux/4.15.0-1021-aws botocore/1.12.9],7.479541e-05,0.6931472,1.0,0.0,1.0
[aws-cli/1.16.20 Python/3.7.0 Darwin/17.7.0 botocore/1.12.10],7.479541e-05,0.6931472,1.0,0.0,1.0
[aws-cli/1.16.9 Python/2.7.15 Linux/4.4.0-43-Microsoft botocore/1.11.9],7.479541e-05,0.6931472,1.0,0.0,1.0
[aws-cli/1.15.63 Python/2.7.15 Linux/4.18.9-200.fc28.x86_64 botocore/1.11.3],7.479541e-05,0.6931472,1.0,0.0,1.0
[aws-cli/2.0.29 Python/3.7.3 Linux/5.6.0-kali2-amd64 botocore/2.0.0dev33],7.479541e-05,0.6931472,1.0,0.0,1.0
[aws-cli/1.18.62 Python/3.7.4 Darwin/18.7.0 botocore/1.16.12],7.479541e-05,0.6931472,1.0,0.0,1.0
[aws-cli/2.0.28 Python/3.7.4 Darwin/17.7.0 botocore/2.0.0dev32],7.479541e-05,0.6931472,1.0,0.0,1.0
[aws-cli/1.18.95 Python/3.8.3 Linux/5.6.0-kali2-amd64 botocore/1.17.18],7.479541e-05,0.6931472,1.0,0.0,1.0
[aws-cli/1.18.86 Python/3.8.3 Linux/5.6.0-kali2-amd64 botocore/1.17.18],7.479541e-05,0.6931472,1.0,0.0,1.0
[aws-cli/1.16.61 Python/2.7.16 Darwin/19.5.0 botocore/1.12.51],7.479541e-05,0.6931472,1.0,0.0,1.0
[aws-cli/2.0.35 Python/3.7.3 Linux/5.3.0-1030-gcp botocore/2.0.0dev39],7.479541e-05,0.6931472,1.0,0.0,1.0
[aws-cli/2.0.35 Python/3.7.3 Linux/5.4.0-kali4-amd64 botocore/2.0.0dev39],7.479541e-05,0.6931472,1.0,0.0,1.0
[aws-cli/1.18.106 Python/2.7.16 Darwin/19.4.0 botocore/1.17.29],7.479541e-05,0.6931472,1.0,0.0,1.0
[aws-cli/2.0.34 Python/3.7.3 Linux/4.19.113-143842-g5803a1c7e9f9 botocore/2.0.0dev38],7.479541e-05,0.6931472,1.0,0.0,1.0
[aws-cli/2.0.10 Python/3.8.3 Darwin/18.7.0 botocore/2.0.0dev14],7.479541e-05,0.6931472,1.0,0.0,1.0
[aws-cli/1.16.7 Python/3.6.6 Linux/4.4.0-43-Microsoft botocore/1.11.7],7.479541e-05,0.6931472,1.0,0.0,1.0
[Boto3/1.9.9 Python/2.7.15 Linux/4.15.0-34-generic Botocore/1.12.9],7.479541e-05,0.6931472,1.0,0.0,1.0
[aws-cli/1.15.61 Python/3.6.6 Linux/4.17.0-kali1-amd64 botocore/1.10.60],7.479541e-05,0.6931472,1.0,0.0,1.0
[aws-cli/1.16.7 Python/2.7.9 Windows/8 botocore/1.11.7],7.479541e-05,0.6931472,1.0,0.0,1.0
[Boto3/1.7.48 Python/3.6.5 Darwin/17.7.0 Botocore/1.10.48],7.479541e-05,0.6931472,1.0,0.0,1.0
[aws-cli/2.0.31 Python/3.7.3 Linux/5.6.0-kali2-amd64 botocore/2.0.0dev35],7.479541e-05,0.6931472,1.0,0.0,1.0
[aws-cli/2.0.19 Python/3.8.3 Darwin/19.3.0 botocore/2.0.0dev23],7.479541e-05,0.6931472,1.0,0.0,1.0
[aws-cli/2.0.25 Python/3.7.4 Darwin/19.5.0 botocore/2.0.0dev29],7.479541e-05,0.6931472,1.0,0.0,1.0
[aws-cli/1.16.173 Python/3.6.9 Linux/5.3.0-1019-aws botocore/1.12.143],7.479541e-05,0.6931472,1.0,0.0,1.0
[aws-cli/2.0.31 Python/3.7.3 Linux/5.6.0-2parrot1-amd64 botocore/2.0.0dev35],7.479541e-05,0.6931472,1.0,0.0,1.0
[aws-cli/2.0.29 Python/3.7.7 Windows/10 botocore/2.0.0dev33],7.479541e-05,0.6931472,1.0,0.0,1.0
[aws-cli/1.11.189 Python/2.7.12 Linux/4.13.0-26-generic botocore/1.7.47],7.479541e-05,0.6931472,1.0,0.0,1.0
[aws-cli/1.14.32 Python/3.6.4 Linux/4.13.0-kali1-amd64 botocore/1.8.36],7.479541e-05,0.6931472,1.0,0.0,1.0
[aws-cli/1.14.36 Python/3.6.4 Linux/4.14.0-kali3-amd64 botocore/1.8.40],7.479541e-05,0.6931472,1.0,0.0,1.0
[aws-cli/1.18.110 Python/3.8.5 Linux/5.4.53-1-lts botocore/1.17.33],7.479541e-05,0.6931472,1.0,0.0,1.0
[aws-cli/2.0.28 Python/3.7.3 Linux/5.4.0-40-generic botocore/2.0.0dev32],7.479541e-05,0.6931472,1.0,0.0,1.0
[aws-cli/1.16.13 Python/2.7.15 Linux/4.17.12-100.fc27.x86_64 botocore/1.12.3],7.479541e-05,0.6931472,1.0,0.0,1.0
[aws-cli/1.16.5 Python/2.7.10 Darwin/17.7.0 botocore/1.11.5],7.479541e-05,0.6931472,1.0,0.0,1.0
[aws-cli/1.14.5 Python/3.5.1 Darwin/17.7.0 botocore/1.8.9],7.479541e-05,0.6931472,1.0,0.0,1.0
[aws-cli/1.15.85 Python/3.6.5 Darwin/17.7.0 botocore/1.11.3],7.479541e-05,0.6931472,1.0,0.0,1.0
[aws-cli/1.16.11 Python/3.6.6 Linux/4.15.0-33-generic botocore/1.12.1],7.479541e-05,0.6931472,1.0,0.0,1.0
[aws-cli/1.15.68 Python/3.4.7 Linux/4.9.124-0.1.ac.198.71.329.metal1.x86_64 botocore/1.10.67],7.479541e-05,0.6931472,1.0,0.0,1.0
[aws-cli/1.14.44 Python/3.6.6 Linux/4.15.0-1021-aws botocore/1.8.48],7.479541e-05,0.6931472,1.0,0.0,1.0
[aws-cli/1.18.101 Python/2.7.18 Linux/5.6.0-kali2-amd64 botocore/1.17.24],7.479541e-05,0.6931472,1.0,0.0,1.0
[aws-cli/1.16.169 Python/3.7.6 Darwin/18.7.0 botocore/1.12.159],7.479541e-05,0.6931472,1.0,0.0,1.0
[aws-cli/2.0.31 Python/3.8.4 Darwin/18.7.0 botocore/2.0.0dev35],7.479541e-05,0.6931472,1.0,0.0,1.0
[aws-cli/2.0.35 Python/3.7.7 Windows/10 botocore/2.0.0dev39],7.479541e-05,0.6931472,1.0,0.0,1.0
[aws-cli/1.18.112 Python/3.8.5 Darwin/19.6.0 botocore/1.17.35],7.479541e-05,0.6931472,1.0,0.0,1.0
[aws-cli/2.0.38 Python/3.7.3 Linux/4.4.0-039049-Microsoft exe/x86_64.ubuntu.18 command/s3.ls],7.479541e-05,0.6931472,1.0,0.0,1.0
[aws-cli/2.0.4 Python/3.7.3 Linux/5.4.0-42-generic botocore/2.0.0dev8],7.479541e-05,0.6931472,1.0,0.0,1.0
[aws-cli/1.18.107 Python/3.8.5 Linux/5.4.0-kali4-amd64 botocore/1.15.49],7.479541e-05,0.6931472,1.0,0.0,1.0
[aws-cli/1.18.69 Python/3.6.9 Linux/4.15.0-1065-aws botocore/1.16.19],7.479541e-05,0.6931472,1.0,0.0,1.0
[aws-cli/1.16.8 Python/3.7.0 Darwin/17.7.0 botocore/1.11.8],7.479541e-05,0.6931472,1.0,0.0,1.0
[aws-cli/1.11.185 Python/2.7.10 Darwin/17.4.0 botocore/1.8.32],7.479541e-05,0.6931472,1.0,0.0,1.0
[aws-cli/1.15.79 Python/3.6.6 Linux/4.17.0-kali3-amd64 botocore/1.11.8],7.479541e-05,0.6931472,1.0,0.0,1.0
[aws-cli/1.16.13 Python/2.7.15rc1 Linux/4.15.0-kali3-amd64 botocore/1.12.3],7.479541e-05,0.6931472,1.0,0.0,1.0
[aws-cli/1.16.261 Python/2.7.10 Darwin/18.7.0 botocore/1.12.251],7.479541e-05,0.6931472,1.0,0.0,1.0
[aws-cli/2.0.31 Python/3.7.4 Darwin/19.3.0 botocore/2.0.0dev35],7.479541e-05,0.6931472,1.0,0.0,1.0
[aws-cli/1.14.38 Python/2.7.9 Windows/7 botocore/1.8.42],7.479541e-05,0.6931472,1.0,0.0,1.0
[aws-cli/1.14.39 Python/2.7.14+ Linux/4.14.0-kali3-amd64 botocore/1.8.43],7.479541e-05,0.6931472,1.0,0.0,1.0
[aws-cli/1.11.145 Python/3.5.2 Darwin/15.5.0 botocore/1.7.3],7.479541e-05,0.6931472,1.0,0.0,1.0
[aws-cli/1.14.38 Python/2.7.9 Windows/8 botocore/1.8.42],7.479541e-05,0.6931472,1.0,0.0,1.0
[aws-cli/1.18.46 Python/3.8.2 Linux/5.5.0-kali2-amd64 botocore/1.17.24],7.479541e-05,0.6931472,1.0,0.0,1.0
[aws-cli/1.18.116 Python/3.7.4 Linux/5.6.0-kali2-686-pae botocore/1.17.39],7.479541e-05,0.6931472,1.0,0.0,1.0
[aws-cli/2.0.22 Python/3.7.3 Linux/5.4.0-42-generic botocore/2.0.0dev26],7.479541e-05,0.6931472,1.0,0.0,1.0
[aws-cli/2.0.39 Python/3.7.4 Darwin/19.6.0 exe/x86_64 command/s3.ls],7.479541e-05,0.6931472,1.0,0.0,1.0
[aws-cli/2.0.39 Python/3.7.3 Linux/5.4.0-40-generic exe/x86_64.linuxmint.20 command/s3.ls],7.479541e-05,0.6931472,1.0,0.0,1.0
[aws-cli/1.18.104 Python/3.8.5 Linux/5.7.12-arch1-1 botocore/1.13.47],7.479541e-05,0.6931472,1.0,0.0,1.0
[aws-cli/1.11.42 Python/3.4.3 Linux/3.4.0+ botocore/1.5.5],7.479541e-05,0.6931472,1.0,0.0,1.0
[aws-cli/1.11.38 Python/2.7.10 Darwin/16.4.0 botocore/1.5.1],7.479541e-05,0.6931472,1.0,0.0,1.0
[aws-cli/1.10.22 Python/2.7.10 Darwin/14.5.0 botocore/1.4.13],7.479541e-05,0.6931472,1.0,0.0,1.0
[aws-cli/1.14.44 Python/3.6.5 Linux/4.16.13-793015-generic botocore/1.8.48],7.479541e-05,0.6931472,1.0,0.0,1.0
[aws-cli/1.16.6 Python/3.7.0 Linux/4.18.6-arch1-1-ARCH botocore/1.11.6],7.479541e-05,0.6931472,1.0,0.0,1.0
[aws-cli/1.14.47 Python/2.7.9 Windows/8 botocore/1.9.0],7.479541e-05,0.6931472,1.0,0.0,1.0
[aws-cli/1.15.66 Python/2.7.15 Linux/4.18.4 botocore/1.10.65],7.479541e-05,0.6931472,1.0,0.0,1.0
[aws-cli/1.16.9 Python/2.7.13 Linux/4.9.0-4-amd64 botocore/1.11.9],7.479541e-05,0.6931472,1.0,0.0,1.0
[aws-cli/1.15.9 Python/3.6.3 Darwin/16.7.0 botocore/1.10.9],7.479541e-05,0.6931472,1.0,0.0,1.0
[aws-cli/2.0.38 Python/3.7.7 Windows/10 exe/AMD64 command/s3.ls],7.479541e-05,0.6931472,1.0,0.0,1.0
[aws-cli/2.0.39 Python/3.8.5 Darwin/19.5.0 source/x86_64 command/s3.ls],7.479541e-05,0.6931472,1.0,0.0,1.0
[aws-cli/1.18.123 Python/3.8.3 Linux/4.4.0-039049-Microsoft botocore/1.17.46],7.479541e-05,0.6931472,1.0,0.0,1.0
[aws-cli/1.16.301 Python/3.7.6 Linux/4.19.0-kali5-amd64 botocore/1.13.37],7.479541e-05,0.6931472,1.0,0.0,1.0
[aws-cli/1.18.116 Python/3.6.9 Linux/4.15.0-1065-aws botocore/1.17.39],7.479541e-05,0.6931472,1.0,0.0,1.0
[aws-cli/1.11.34 Python/2.7.16 Darwin/19.4.0 botocore/1.4.91],7.479541e-05,0.6931472,1.0,0.0,1.0
[aws-cli/1.11.15 Python/2.7.9 Windows/8 botocore/1.4.72],7.479541e-05,0.6931472,1.0,0.0,1.0
[aws-cli/1.11.109 Python/3.6.1 Linux/4.11.6-1-hardened botocore/1.5.72],7.479541e-05,0.6931472,1.0,0.0,1.0
[aws-cli/1.16.1 Python/3.7.0 Darwin/17.7.0 botocore/1.11.1],7.479541e-05,0.6931472,1.0,0.0,1.0
[aws-cli/1.16.4 Python/2.7.9 Windows/7 botocore/1.11.4],7.479541e-05,0.6931472,1.0,0.0,1.0
[aws-cli/1.15.81 Python/3.7.0 Darwin/16.7.0 botocore/1.10.80],7.479541e-05,0.6931472,1.0,0.0,1.0
[aws-cli/1.14.69 Python/2.7.12 Linux/4.15.0-33-generic botocore/1.9.22],7.479541e-05,0.6931472,1.0,0.0,1.0
[aws-cli/1.15.71 Python/2.7.15 Linux/4.18.1-arch1-1-ARCH botocore/1.10.70],7.479541e-05,0.6931472,1.0,0.0,1.0
[aws-cli/1.16.1 Python/2.7.10 Darwin/16.7.0 botocore/1.11.1],7.479541e-05,0.6931472,1.0,0.0,1.0
[aws-cli/1.11.56 Python/3.6.0 Linux/4.9.11-1-ec2 botocore/1.5.19],7.479541e-05,0.6931472,1.0,0.0,1.0
[aws-cli/2.0.40 Python/3.7.4 Darwin/19.0.0 exe/x86_64 command/s3.ls],7.479541e-05,0.6931472,1.0,0.0,1.0
[aws-cli/2.0.40 Python/3.7.3 Linux/5.4.0-kali3-amd64 exe/x86_64.kali.2020 command/s3.ls],7.479541e-05,0.6931472,1.0,0.0,1.0
[aws-cli/2.0.40 Python/3.7.3 Linux/5.5.0-kali2-amd64 exe/x86_64.kali.2020 command/s3api.list-buckets],7.479541e-05,0.6931472,1.0,0.0,1.0
[aws-cli/1.15.82 Python/2.7.12 Linux/4.4.0-1065-aws botocore/1.10.81],7.479541e-05,0.6931472,1.0,0.0,1.0
[aws-cli/1.15.79 Python/3.6.6 Linux/4.15.0-kali2-amd64 botocore/1.10.83],7.479541e-05,0.6931472,1.0,0.0,1.0
[aws-cli/1.16.1 Python/2.7.14 Darwin/17.7.0 botocore/1.11.1],7.479541e-05,0.6931472,1.0,0.0,1.0
[aws-cli/1.11.173 Python/2.7.9 Linux/3.16.0-6-amd64 botocore/1.8.20],7.479541e-05,0.6931472,1.0,0.0,1.0
[aws-cli/1.15.80 Python/2.7.10 Darwin/17.7.0 botocore/1.10.79],7.479541e-05,0.6931472,1.0,0.0,1.0
[aws-cli/1.11.51 Python/2.7.12 Darwin/16.4.0 botocore/1.5.14],7.479541e-05,0.6931472,1.0,0.0,1.0
[aws-cli/1.11.13 Python/3.5.2 Linux/4.9.11-455063-generic botocore/1.4.70],7.479541e-05,0.6931472,1.0,0.0,1.0
[aws-cli/1.11.57 Python/3.6.0 Linux/4.10.1-1-default botocore/1.5.20],7.479541e-05,0.6931472,1.0,0.0,1.0
[aws-cli/1.11.57 Python/2.7.6 Linux/3.13.0-105-generic botocore/1.5.20],7.479541e-05,0.6931472,1.0,0.0,1.0
[aws-cli/1.15.50 Python/3.7.0 Darwin/17.5.0 botocore/1.10.49],7.479541e-05,0.6931472,1.0,0.0,1.0
[aws-cli/1.16.6 Python/2.7.15 Linux/4.17.0-kali1-amd64 botocore/1.11.6],7.479541e-05,0.6931472,1.0,0.0,1.0
[aws-cli/2.0.42 Python/3.7.3 Linux/5.7.0-kali1-amd64 exe/x86_64.kali.2020 command/s3.ls],7.479541e-05,0.6931472,1.0,0.0,1.0
[aws-cli/1.18.124 Python/2.7.17 Linux/5.4.0-kali3-amd64 botocore/1.17.47],7.479541e-05,0.6931472,1.0,0.0,1.0
[aws-cli/2.0.41 Python/3.7.3 Linux/5.2.0-kali3-amd64 exe/x86_64.kali.2019 command/s3.ls],7.479541e-05,0.6931472,1.0,0.0,1.0
[aws-cli/2.0.42 Python/3.7.3 Linux/5.4.0-42-generic exe/x86_64.ubuntu.18 command/s3.ls],7.479541e-05,0.6931472,1.0,0.0,1.0
[aws-cli/2.0.42 Python/3.7.3 Linux/5.2.0-kali2-amd64 exe/x86_64.kali.2019 command/s3.ls],7.479541e-05,0.6931472,1.0,0.0,1.0
[aws-cli/1.11.5 Python/2.7.10 Darwin/15.6.0 botocore/1.4.62],7.479541e-05,0.6931472,1.0,0.0,1.0
[aws-cli/1.18.69 Python/3.6.9 Linux/4.14.154-boot2docker botocore/1.16.19],7.479541e-05,0.6931472,1.0,0.0,1.0
[aws-cli/2.0.44 Python/3.7.4 Darwin/19.5.0 exe/x86_64 command/s3.ls],7.479541e-05,0.6931472,1.0,0.0,1.0
[aws-cli/2.0.38 Python/3.7.7 Windows/10 exe/AMD64 command/s3api.list-buckets],7.479541e-05,0.6931472,1.0,0.0,1.0
[aws-cli/2.0.16 Python/3.7.3 Linux/5.7.0-kali1-amd64 botocore/2.0.0dev20],7.479541e-05,0.6931472,1.0,0.0,1.0
[aws-cli/1.16.287 Python/3.6.6 Windows/10 botocore/1.16.19],7.479541e-05,0.6931472,1.0,0.0,1.0
[aws-cli/1.9.10 Python/2.7.15 Darwin/17.7.0 botocore/1.3.10],7.479541e-05,0.6931472,1.0,0.0,1.0
[aws-cli/1.14.30 Python/3.6.0 Linux/4.15.0-32-generic botocore/1.8.34],7.479541e-05,0.6931472,1.0,0.0,1.0
[aws-cli/1.15.74 Python/3.7.0 Linux/4.18.1-zen1-1-zen botocore/1.10.73],7.479541e-05,0.6931472,1.0,0.0,1.0
[aws-cli/1.15.71 Python/2.7.10 Darwin/17.7.0 botocore/1.10.70],7.479541e-05,0.6931472,1.0,0.0,1.0
[aws-cli/1.2.9 Python/3.4.3 Linux/4.4.0-53329-Microsoft],7.479541e-05,0.6931472,1.0,0.0,1.0
[aws-cli/1.15.80 Python/2.7.9 Windows/8 botocore/1.10.79],7.479541e-05,0.6931472,1.0,0.0,1.0
[aws-cli/1.16.1 Python/2.7.10 Darwin/17.7.0 botocore/1.11.1],7.479541e-05,0.6931472,1.0,0.0,1.0
[aws-cli/1.16.1 Python/2.7.9 Windows/8 botocore/1.11.1],7.479541e-05,0.6931472,1.0,0.0,1.0
[aws-cli/1.15.68 Python/3.7.0 Darwin/17.7.0 botocore/1.10.67],7.479541e-05,0.6931472,1.0,0.0,1.0
[aws-cli/1.16.1 Python/3.7.0 Windows/10 botocore/1.11.1],7.479541e-05,0.6931472,1.0,0.0,1.0
[aws-cli/2.0.42 Python/3.7.3 Linux/5.4.0-45-generic exe/x86_64.ubuntu.20 command/s3.ls],7.479541e-05,0.6931472,1.0,0.0,1.0
[aws-cli/2.0.46 Python/3.7.4 Darwin/19.6.0 exe/x86_64 command/s3.ls],7.479541e-05,0.6931472,1.0,0.0,1.0
[aws-cli/2.0.44 Python/3.7.3 Linux/5.6.0-kali2-amd64 exe/x86_64.kali.2020 command/s3.ls],7.479541e-05,0.6931472,1.0,0.0,1.0
[aws-cli/2.0.44 Python/3.7.3 Linux/5.6.0-kali1-amd64 exe/x86_64.kali.2020 command/s3.ls],7.479541e-05,0.6931472,1.0,0.0,1.0
[aws-cli/1.15.77 Python/2.7.10 Darwin/17.7.0 botocore/1.10.76],7.479541e-05,0.6931472,1.0,0.0,1.0
[aws-cli/1.15.78 Python/2.7.9 Windows/8 botocore/1.10.77],7.479541e-05,0.6931472,1.0,0.0,1.0
[Boto3/1.7.75 Python/3.6.5 Linux/4.15.0-1017-gcp Botocore/1.10.75],7.479541e-05,0.6931472,1.0,0.0,1.0
[aws-cli/1.15.76 Python/3.6.5 Linux/4.15.0-1017-gcp botocore/1.10.75],7.479541e-05,0.6931472,1.0,0.0,1.0
aws-cli/2.0.40 Python/3.7.4 Darwin/19.0.0 exe/x86_64 command/ec2.describe-snapshots,7.479541e-05,0.6931472,1.0,0.0,1.0
[aws-cli/1.15.15 Python/3.6.5rc1 Linux/4.14.0-kali3-amd64 botocore/1.10.55],7.479541e-05,0.6931472,1.0,0.0,1.0
[aws-cli/1.15.82 Python/2.7.9 Windows/8 botocore/1.10.81],7.479541e-05,0.6931472,1.0,0.0,1.0
[aws-cli/1.11.104 Python/3.6.1 Darwin/17.7.0 botocore/1.8.22],7.479541e-05,0.6931472,1.0,0.0,1.0
[aws-cli/1.15.55 Python/2.7.14 Darwin/17.7.0 botocore/1.10.54],7.479541e-05,0.6931472,1.0,0.0,1.0
[Transmit/4.4.13 neon/0.29.3],7.479541e-05,0.6931472,1.0,0.0,1.0
[aws-cli/1.15.76 Python/2.7.10 Darwin/17.7.0 botocore/1.10.75],7.479541e-05,0.6931472,1.0,0.0,1.0
[aws-cli/1.10.49 Python/2.7.9 Windows/2008ServerR2 botocore/1.4.39],7.479541e-05,0.6931472,1.0,0.0,1.0
[aws-cli/1.15.80 Python/3.6.5 Windows/10 botocore/1.10.79],7.479541e-05,0.6931472,1.0,0.0,1.0
[aws-cli/1.15.80 Python/2.7.15 Linux/4.17.0-kali1-amd64 botocore/1.10.79],7.479541e-05,0.6931472,1.0,0.0,1.0
[aws-cli/1.15.79 Python/2.7.14 Darwin/17.3.0 botocore/1.10.78],7.479541e-05,0.6931472,1.0,0.0,1.0
[aws-cli/1.15.76 Python/2.7.5 Linux/3.10.0-514.10.2.el7.x86_64 botocore/1.10.75],7.479541e-05,0.6931472,1.0,0.0,1.0
[aws-cli/1.18.127 Python/2.7.17 Windows/10 botocore/1.17.50],7.479541e-05,0.6931472,1.0,0.0,1.0
[aws-cli/1.18.69 Python/3.8.2 Linux/5.4.0-47-generic botocore/1.16.19],7.479541e-05,0.6931472,1.0,0.0,1.0
[aws-cli/2.0.45 Python/3.7.4 Darwin/19.6.0 exe/x86_64 command/s3.ls],7.479541e-05,0.6931472,1.0,0.0,1.0
[aws-cli/1.18.125 Python/2.7.16 Darwin/19.6.0 botocore/1.17.48],7.479541e-05,0.6931472,1.0,0.0,1.0
[aws-cli/1.18.134 Python/2.7.17 Linux/5.4.0-kali4-amd64 botocore/1.17.57],7.479541e-05,0.6931472,1.0,0.0,1.0
[aws-cli/1.18.133 Python/2.7.16 Darwin/19.6.0 botocore/1.17.56],7.479541e-05,0.6931472,1.0,0.0,1.0
[aws-cli/2.0.44 Python/3.7.3 Linux/5.4.0-kali3-amd64 exe/x86_64.kali.2020 command/s3api.list-buckets],7.479541e-05,0.6931472,1.0,0.0,1.0
[aws-cli/1.18.69 Python/3.6.9 Linux/5.3.0-1032-aws botocore/1.16.19],7.479541e-05,0.6931472,1.0,0.0,1.0
[aws-cli/1.18.123 Python/3.7.8 Linux/5.7.15-100.fc31.x86_64 botocore/1.17.46],7.479541e-05,0.6931472,1.0,0.0,1.0
[aws-cli/2.0.28 Python/3.7.3 Linux/4.18.0-193.el8.x86_64 botocore/2.0.0dev32],7.479541e-05,0.6931472,1.0,0.0,1.0
[aws-cli/2.0.46 Python/3.7.3 Linux/5.5.0-kali2-amd64 exe/x86_64.kali.2020 command/s3.ls],7.479541e-05,0.6931472,1.0,0.0,1.0
[aws-cli/1.16.260 Python/3.7.5 Darwin/19.4.0 botocore/1.12.250],7.479541e-05,0.6931472,1.0,0.0,1.0
[aws-cli/2.0.44 Python/3.8.5 Darwin/19.6.0 source/x86_64 command/s3.ls],7.479541e-05,0.6931472,1.0,0.0,1.0
[aws-cli/2.0.50 Python/3.7.3 Linux/4.4.0-039049-Microsoft exe/x86_64.ubuntu.20 command/s3.ls],7.479541e-05,0.6931472,1.0,0.0,1.0
[aws-cli/1.15.77 Python/2.7.9 Windows/8 botocore/1.10.76],7.479541e-05,0.6931472,1.0,0.0,1.0
[aws-cli/1.10.34 Python/2.7.15rc1 Linux/4.15.0-30-generic botocore/1.4.24],7.479541e-05,0.6931472,1.0,0.0,1.0
[aws-cli/1.15.75 Python/3.7.0 Darwin/15.6.0 botocore/1.10.74],7.479541e-05,0.6931472,1.0,0.0,1.0
[aws-cli/1.14.63 Python/3.6.5 Darwin/18.0.0 botocore/1.10.64],7.479541e-05,0.6931472,1.0,0.0,1.0
[aws-cli/1.14.46 Python/2.7.15rc1 Linux/4.15.0-23-generic botocore/1.8.50],7.479541e-05,0.6931472,1.0,0.0,1.0
[aws-cli/1.15.75 Python/3.7.0 Darwin/17.7.0 botocore/1.10.74],7.479541e-05,0.6931472,1.0,0.0,1.0
[aws-cli/1.11.136 Python/2.7.15 Linux/4.17.9-200.fc28.x86_64 botocore/1.7.13],7.479541e-05,0.6931472,1.0,0.0,1.0
[aws-cli/2.0.5 Python/3.7.3 Linux/3.10.0-957.el7.x86_64 botocore/2.0.0dev9],7.479541e-05,0.6931472,1.0,0.0,1.0
[aws-cli/1.18.111 Python/3.8.5 Linux/5.4.0-kali3-amd64 botocore/1.17.22],7.479541e-05,0.6931472,1.0,0.0,1.0
[aws-cli/1.18.135 Python/3.8.5 Linux/5.7.0-kali3-amd64 botocore/1.17.22],7.479541e-05,0.6931472,1.0,0.0,1.0
[aws-cli/1.16.145 Python/3.6.7 Linux/4.15.0-45-generic botocore/1.12.135],7.479541e-05,0.6931472,1.0,0.0,1.0
[aws-cli/2.0.42 Python/3.7.7 Windows/10 exe/AMD64 command/s3.ls],7.479541e-05,0.6931472,1.0,0.0,1.0
[aws-cli/1.18.136 Python/3.7.6 Linux/5.4.0-kali4-amd64 botocore/1.17.59],7.479541e-05,0.6931472,1.0,0.0,1.0
[aws-cli/1.18.32 Python/3.6.11 Linux/5.7.19-gentoo botocore/1.17.31],7.479541e-05,0.6931472,1.0,0.0,1.0
[aws-cli/2.0.51 Python/3.7.3 Linux/5.7.0-kali1-amd64 exe/x86_64.kali.2020 command/s3.ls],7.479541e-05,0.6931472,1.0,0.0,1.0
[aws-cli/1.18.135 Python/3.8.5 Linux/5.5.0-kali2-amd64 botocore/1.17.22],7.479541e-05,0.6931472,1.0,0.0,1.0
[aws-cli/1.11.56 Python/2.7.13 Linux/4.9.12-200.fc25.x86_64 botocore/1.5.19],7.479541e-05,0.6931472,1.0,0.0,1.0
[aws-cli/1.15.72 Python/2.7.12 Linux/4.4.0-116-generic botocore/1.10.72],7.479541e-05,0.6931472,1.0,0.0,1.0
[aws-cli/1.15.71 Python/3.6.5 Linux/4.15.0-29-generic botocore/1.10.70],7.479541e-05,0.6931472,1.0,0.0,1.0
[aws-cli/1.15.30 Python/3.6.5 Darwin/16.7.0 botocore/1.10.30],7.479541e-05,0.6931472,1.0,0.0,1.0
[aws-cli/1.15.71 Python/2.7.15 Linux/4.15.0-kali3-amd64 botocore/1.10.70],7.479541e-05,0.6931472,1.0,0.0,1.0
[aws-cli/1.15.71 Python/2.7.10 Darwin/16.7.0 botocore/1.10.70],7.479541e-05,0.6931472,1.0,0.0,1.0
[aws-cli/1.15.69 Python/3.6.3 Darwin/17.7.0 botocore/1.10.68],7.479541e-05,0.6931472,1.0,0.0,1.0
[aws-cli/2.0.36 Python/3.7.3 Linux/5.7.0-kali1-amd64 exe/x86_64.kali.2020 command/s3.ls],7.479541e-05,0.6931472,1.0,0.0,1.0
[aws-cli/1.18.128 Python/2.7.17 Linux/5.3.0-kali3-amd64 botocore/1.17.51],7.479541e-05,0.6931472,1.0,0.0,1.0
[aws-cli/1.16.166 Python/2.7.12 Linux/4.4.0-165-generic botocore/1.12.156],7.479541e-05,0.6931472,1.0,0.0,1.0
[aws-cli/2.0.50 Python/3.7.7 Windows/10 exe/AMD64 command/s3.ls],7.479541e-05,0.6931472,1.0,0.0,1.0
[aws-cli/2.0.50 Python/3.7.4 Darwin/18.7.0 exe/x86_64 command/s3.ls],7.479541e-05,0.6931472,1.0,0.0,1.0
[aws-cli/2.0.50 Python/3.7.3 Linux/4.15.0-117-generic exe/x86_64.ubuntu.18 command/s3.ls],7.479541e-05,0.6931472,1.0,0.0,1.0
[aws-cli/1.16.113 Python/3.7.3 Linux/4.19.0-10-amd64 botocore/1.12.103],7.479541e-05,0.6931472,1.0,0.0,1.0
[aws-cli/1.15.58 Python/3.5.2 Linux/5.4.0-48-generic botocore/1.10.57],7.479541e-05,0.6931472,1.0,0.0,1.0
[aws-cli/1.18.128 Python/2.7.16 Linux/4.19.0-9-amd64 botocore/1.17.51],7.479541e-05,0.6931472,1.0,0.0,1.0
[aws-cli/1.18.95 Python/3.6.0 Windows/10 botocore/1.17.18],7.479541e-05,0.6931472,1.0,0.0,1.0
[aws-cli/2.0.52 Python/3.7.7 Windows/10 exe/AMD64 command/s3.ls],7.479541e-05,0.6931472,1.0,0.0,1.0
[aws-cli/1.11.56 Python/2.7.10 Darwin/16.0.0 botocore/1.5.19],7.479541e-05,0.6931472,1.0,0.0,1.0
[aws-cli/1.10.43 Python/2.7.10 Darwin/16.4.0 botocore/1.4.33],7.479541e-05,0.6931472,1.0,0.0,1.0
[aws-cli/1.15.69 Python/3.7.0 Darwin/17.6.0 botocore/1.10.68],7.479541e-05,0.6931472,1.0,0.0,1.0
[aws-cli/1.14.9 Python/2.7.14 Linux/4.14.55-62.37.amzn1.x86_64 botocore/1.8.13],7.479541e-05,0.6931472,1.0,0.0,1.0
[aws-cli/1.11.13 Python/3.5.2 Linux/4.4.0-130-generic botocore/1.4.70],7.479541e-05,0.6931472,1.0,0.0,1.0
[aws-cli/1.15.68 Python/3.6.0 Windows/10 botocore/1.10.67],7.479541e-05,0.6931472,1.0,0.0,1.0
[aws-cli/1.14.0 Python/2.7.10 Darwin/17.6.0 botocore/1.8.4],7.479541e-05,0.6931472,1.0,0.0,1.0
[aws-cli/1.11.48 Python/2.7.12 Linux/4.8.0-34-generic botocore/1.5.11],7.479541e-05,0.6931472,1.0,0.0,1.0
[aws-cli/1.18.146 Python/3.6.7 Linux/4.6.0-kali1-amd64 botocore/1.18.5],7.479541e-05,0.6931472,1.0,0.0,1.0
[aws-cli/1.18.146 Python/2.7.18rc1 Linux/5.4.0-48-generic botocore/1.18.5],7.479541e-05,0.6931472,1.0,0.0,1.0
[aws-cli/1.18.59 Python/2.7.16 Darwin/19.6.0 botocore/1.16.9],7.479541e-05,0.6931472,1.0,0.0,1.0
[aws-cli/2.0.51 Python/3.7.4 Darwin/18.7.0 exe/x86_64 command/s3.ls],7.479541e-05,0.6931472,1.0,0.0,1.0
[aws-cli/2.0.48 Python/3.7.4 Darwin/18.7.0 exe/x86_64 command/s3.ls],7.479541e-05,0.6931472,1.0,0.0,1.0
[aws-cli/2.0.53 Python/3.7.3 Linux/5.2.0-kali2-amd64 exe/x86_64.kali.2020 command/s3.ls],7.479541e-05,0.6931472,1.0,0.0,1.0
[aws-cli/1.15.67 Python/2.7.10 Darwin/17.7.0 botocore/1.10.66],7.479541e-05,0.6931472,1.0,0.0,1.0
[aws-cli/1.11.93 Python/2.7.10 Darwin/17.6.0 botocore/1.5.56],7.479541e-05,0.6931472,1.0,0.0,1.0
[aws-cli/1.10.1 Python/2.7.13 Darwin/17.7.0 botocore/1.3.23],7.479541e-05,0.6931472,1.0,0.0,1.0
[Cyberduck/5.254.240.13679 (Windows 7/6.1) (x86)],7.479541e-05,0.6931472,1.0,0.0,1.0
[aws-cli/1.15.66 Python/2.7.9 Windows/7 botocore/1.10.65],7.479541e-05,0.6931472,1.0,0.0,1.0
[aws-cli/1.11.13 Python/3.5.2 Linux/4.13.0-37-generic botocore/1.10.65],7.479541e-05,0.6931472,1.0,0.0,1.0
aws-cli/1.18.46 Python/3.8.3 Linux/5.6.0-kali1-amd64 botocore/1.15.46,7.479541e-05,0.6931472,1.0,0.0,1.0
[aws-cli/1.11.36 Python/2.7.10 Darwin/16.4.0 botocore/1.4.93],7.479541e-05,0.6931472,1.0,0.0,1.0
[aws-cli/1.11.24 Python/2.7.10 Darwin/15.6.0 botocore/1.4.81],7.479541e-05,0.6931472,1.0,0.0,1.0
[aws-cli/1.11.56 Python/2.7.13 Linux/4.6.0-kali1-amd64 botocore/1.5.19],7.479541e-05,0.6931472,1.0,0.0,1.0
[aws-cli/1.10.54 Python/2.7.9 Linux/3.16.0-4-amd64 botocore/1.4.44],7.479541e-05,0.6931472,1.0,0.0,1.0
[aws-cli/1.18.149 Python/3.8.5 Linux/5.8.11-200.fc32.x86_64 botocore/1.18.8],7.479541e-05,0.6931472,1.0,0.0,1.0
[aws-cli/2.0.44 Python/3.7.3 Linux/5.4.0-26-generic exe/x86_64.linuxmint.20 command/s3.ls],7.479541e-05,0.6931472,1.0,0.0,1.0
[aws-cli/2.0.50 Python/3.8.5 Darwin/19.6.0 source/x86_64 command/s3api.list-buckets],7.479541e-05,0.6931472,1.0,0.0,1.0
[aws-cli/1.14.35 Python/3.6.4 Linux/4.9.60-linuxkit-aufs botocore/1.8.39],7.479541e-05,0.6931472,1.0,0.0,1.0
[aws-cli/1.11.162 Python/2.7.13 Darwin/17.4.0 botocore/1.7.20],7.479541e-05,0.6931472,1.0,0.0,1.0
[aws-cli/1.11.167 Python/2.7.12 Windows/7 botocore/1.7.25],7.479541e-05,0.6931472,1.0,0.0,1.0
[aws-cli/1.14.32 Python/2.7.13 Linux/4.12.0-kali1-amd64 botocore/1.8.36],7.479541e-05,0.6931472,1.0,0.0,1.0
[aws-cli/1.15.42 Python/2.7.10 Darwin/17.7.0 botocore/1.10.42],7.479541e-05,0.6931472,1.0,0.0,1.0
[aws-cli/1.14.44 Python/3.6.5 Linux/4.15.0-24-generic botocore/1.8.48],7.479541e-05,0.6931472,1.0,0.0,1.0
[aws-cli/1.15.4 Python/2.7.6 Linux/4.4.0-75-generic botocore/1.10.4],7.479541e-05,0.6931472,1.0,0.0,1.0
[aws-cli/1.15.55 Python/2.7.12 Linux/4.13.0-43-generic botocore/1.10.54],7.479541e-05,0.6931472,1.0,0.0,1.0
[aws-cli/1.11.13 Python/3.5.3 Linux/4.9.0-7-amd64 botocore/1.4.70],7.479541e-05,0.6931472,1.0,0.0,1.0
[aws-cli/1.15.67 Python/2.7.14 Darwin/17.6.0 botocore/1.10.66],7.479541e-05,0.6931472,1.0,0.0,1.0
[aws-cli/1.15.38 Python/2.7.10 Darwin/17.5.0 botocore/1.10.38],7.479541e-05,0.6931472,1.0,0.0,1.0
[aws-cli/1.15.49 Python/3.5.5 Darwin/17.6.0 botocore/1.10.48],7.479541e-05,0.6931472,1.0,0.0,1.0
[aws-cli/1.18.148 Python/2.7.15rc1 Linux/4.4.0-76667-Microsoft botocore/1.18.7],7.479541e-05,0.6931472,1.0,0.0,1.0
[aws-cli/1.18.69 Python/3.8.2 Linux/5.4.0-48-generic botocore/1.17.20],7.479541e-05,0.6931472,1.0,0.0,1.0
[aws-cli/1.16.198 Python/2.7.16 Darwin/19.6.0 botocore/1.12.188],7.479541e-05,0.6931472,1.0,0.0,1.0
[aws-cli/2.0.10 Python/3.8.2 Darwin/19.6.0 botocore/2.0.0dev14],7.479541e-05,0.6931472,1.0,0.0,1.0
[aws-cli/1.9.15 Python/2.7.3 Linux/3.2.0-119-generic botocore/1.4.13],7.479541e-05,0.6931472,1.0,0.0,1.0
[aws-cli/1.10.47 Python/2.7.12 Windows/7 botocore/1.4.37],7.479541e-05,0.6931472,1.0,0.0,1.0
[aws-cli/1.11.56 Python/2.7.13 Linux/4.9.0-kali1-686-pae botocore/1.5.19],7.479541e-05,0.6931472,1.0,0.0,1.0
[aws-cli/1.11.56 Python/3.6.0 Darwin/16.4.0 botocore/1.5.19],7.479541e-05,0.6931472,1.0,0.0,1.0
[aws-cli/1.10.62 Python/2.7.10 Darwin/16.3.0 botocore/1.4.52],7.479541e-05,0.6931472,1.0,0.0,1.0
[aws-cli/1.11.50 Python/2.7.10 Darwin/16.4.0 botocore/1.5.13],7.479541e-05,0.6931472,1.0,0.0,1.0
[aws-cli/1.11.30 Python/2.7.10 Darwin/16.4.0 botocore/1.4.87],7.479541e-05,0.6931472,1.0,0.0,1.0
[aws-cli/1.11.56 Python/2.7.13 Linux/4.9.0-kali1-amd64 botocore/1.5.19],7.479541e-05,0.6931472,1.0,0.0,1.0
[aws-cli/1.11.44 Python/2.7.10 Darwin/15.6.0 botocore/1.5.7],7.479541e-05,0.6931472,1.0,0.0,1.0
[aws-cli/1.15.65 Python/2.7.10 Darwin/17.7.0 botocore/1.10.64],7.479541e-05,0.6931472,1.0,0.0,1.0
[aws-cli/1.15.40 Python/2.7.10 Darwin/17.7.0 botocore/1.10.40],7.479541e-05,0.6931472,1.0,0.0,1.0
[aws-cli/1.15.55 Python/2.7.13 Linux/4.9.0-7-amd64 botocore/1.10.62],7.479541e-05,0.6931472,1.0,0.0,1.0
[aws-cli/1.11.181 Python/2.7.12 Linux/4.4.0-104-generic botocore/1.7.39],7.479541e-05,0.6931472,1.0,0.0,1.0
[aws-cli/1.11.52 Python/2.7.10 Darwin/15.6.0 botocore/1.5.15],7.479541e-05,0.6931472,1.0,0.0,1.0
[aws-cli/1.14.32 Python/2.7.12 Linux/4.10.0-28-generic botocore/1.8.36],7.479541e-05,0.6931472,1.0,0.0,1.0
[aws-cli/1.14.32 Python/3.6.4 Linux/4.14.0-kali3-amd64 botocore/1.8.36],7.479541e-05,0.6931472,1.0,0.0,1.0
[aws-cli/1.11.139 Python/3.5.4 Linux/4.12.0-kali1-amd64 botocore/1.8.28],7.479541e-05,0.6931472,1.0,0.0,1.0
[aws-cli/1.7.45 Python/2.7.10 Darwin/15.6.0],7.479541e-05,0.6931472,1.0,0.0,1.0
[Boto3/1.9.218 Python/3.6.9 Linux/5.4.0-42-generic Botocore/1.15.4 Resource],7.479541e-05,0.6931472,1.0,0.0,1.0
[aws-cli/1.14.32 Python/2.7.10 Darwin/16.7.0 botocore/1.8.36],7.479541e-05,0.6931472,1.0,0.0,1.0
[aws-cli/1.14.32 Python/3.5.2 Linux/4.4.0-43-Microsoft botocore/1.8.36],7.479541e-05,0.6931472,1.0,0.0,1.0
[aws-cli/1.14.32 Python/2.7.14+ Linux/4.14.0-kali3-amd64 botocore/1.8.36],7.479541e-05,0.6931472,1.0,0.0,1.0
[aws-cli/1.14.32 Python/2.7.14+ Linux/4.12.0-kali1-amd64 botocore/1.8.36],7.479541e-05,0.6931472,1.0,0.0,1.0
[aws-cli/1.15.62 Python/2.7.14 Linux/4.9.0-kali4-amd64 botocore/1.10.61],7.479541e-05,0.6931472,1.0,0.0,1.0
[aws-cli/1.15.58 Python/3.7.0 Windows/10 botocore/1.10.57],7.479541e-05,0.6931472,1.0,0.0,1.0
[aws-cli/1.15.46 Python/2.7.12 Linux/4.15.0-24-generic botocore/1.10.46],7.479541e-05,0.6931472,1.0,0.0,1.0
[aws-cli/1.15.59 Python/2.7.15 Windows/10 botocore/1.10.58],7.479541e-05,0.6931472,1.0,0.0,1.0
[aws-cli/1.15.59 Python/2.7.5 Linux/3.10.0-862.6.3.el7.x86_64 botocore/1.10.58],7.479541e-05,0.6931472,1.0,0.0,1.0
[aws-cli/1.15.59 Python/2.7.10 Darwin/17.7.0 botocore/1.10.58],7.479541e-05,0.6931472,1.0,0.0,1.0
[aws-cli/1.15.61 Python/2.7.14+ Linux/4.12.0-kali2-amd64 botocore/1.10.60],7.479541e-05,0.6931472,1.0,0.0,1.0
[aws-cli/1.10.58 Python/2.7.11 Darwin/17.6.0 botocore/1.4.48],7.479541e-05,0.6931472,1.0,0.0,1.0
[aws-cli/1.14.53 Python/2.7.12 Linux/4.4.0-53329-Microsoft botocore/1.9.6],7.479541e-05,0.6931472,1.0,0.0,1.0
[aws-cli/2.0.36 Python/3.7.3 Linux/5.0.0-38-generic exe/x86_64.ubuntu.19 command/s3api.get-bucket-lifecycle-configuration],7.479541e-05,0.6931472,1.0,0.0,1.0
[aws-cli/1.11.19 Python/2.7.12 Linux/4.13.0-31-generic botocore/1.7.12],7.479541e-05,0.6931472,1.0,0.0,1.0
[aws-cli/1.14.30 Python/2.7.14+ Linux/4.14.0-kali3-amd64 botocore/1.8.34],7.479541e-05,0.6931472,1.0,0.0,1.0
[aws-cli/1.14.26 Python/2.7.12 Linux/4.10.1-520793-generic botocore/1.8.30],7.479541e-05,0.6931472,1.0,0.0,1.0
[aws-cli/1.15.56 Python/3.5.2 Linux/4.13.0-26-generic botocore/1.10.55],7.479541e-05,0.6931472,1.0,0.0,1.0
[aws-cli/1.15.40 Python/2.7.12 Linux/4.4.0-53329-Microsoft botocore/1.10.40],7.479541e-05,0.6931472,1.0,0.0,1.0
[aws-cli/1.15.59 Python/2.7.9 Windows/8 botocore/1.10.58],7.479541e-05,0.6931472,1.0,0.0,1.0
[aws-cli/1.14.44 Python/3.6.5rc1 Linux/4.13.0-kali1-amd64 botocore/1.8.48],7.479541e-05,0.6931472,1.0,0.0,1.0
[aws-cli/1.14.50 Python/3.6.5 Linux/4.17.3-200.fc28.x86_64 botocore/1.9.1],7.479541e-05,0.6931472,1.0,0.0,1.0
[aws-cli/1.15.51 Python/2.7.15rc1 Linux/4.15.0-23-generic botocore/1.10.55],7.479541e-05,0.6931472,1.0,0.0,1.0
[aws-cli/1.11.108 Python/2.7.10 Linux/2.6.32-696.23.1.el6.x86_64 botocore/1.5.71],7.479541e-05,0.6931472,1.0,0.0,1.0
[aws-cli/1.15.56 Python/2.7.15rc1 Linux/4.15.0-24-generic botocore/1.10.55],7.479541e-05,0.6931472,1.0,0.0,1.0
[aws-cli/1.11.38 Python/3.4.3 Linux/4.2.0-27-generic botocore/1.5.1],7.479541e-05,0.6931472,1.0,0.0,1.0
[aws-cli/1.15.24 Python/2.7.10 Darwin/17.4.0 botocore/1.10.24],7.479541e-05,0.6931472,1.0,0.0,1.0
[aws-cli/1.11.117 Python/2.7.10 Darwin/17.5.0 botocore/1.5.80],7.479541e-05,0.6931472,1.0,0.0,1.0
[aws-cli/1.14.32 Python/2.7.14 Linux/4.13.0-kali1-amd64 botocore/1.8.36],7.479541e-05,0.6931472,1.0,0.0,1.0
[aws-cli/1.15.55 Python/2.7.12 Linux/4.4.0-53329-Microsoft botocore/1.10.54],7.479541e-05,0.6931472,1.0,0.0,1.0
[aws-cli/1.15.15 Python/3.6.6 Linux/4.16.0-kali2-amd64 botocore/1.10.15],7.479541e-05,0.6931472,1.0,0.0,1.0
[aws-cli/1.15.40 Python/3.7.0 Darwin/17.6.0 botocore/1.10.40],7.479541e-05,0.6931472,1.0,0.0,1.0
[aws-internal/3 aws-sdk-java/1.11.347 Linux/3.2.45-0.6.wd.971.49.326.metal1.x86_64 Java_HotSpot(TM)_64-Bit_Server_VM/25.172-b31 java/1.8.0_172],7.479541e-05,0.6931472,1.0,0.0,1.0
[aws-cli/1.11.161 Python/2.7.12 Linux/4.4.0-21-generic botocore/1.7.19],7.479541e-05,0.6931472,1.0,0.0,1.0
[aws-cli/1.11.44 Python/3.5.3 Linux/4.12.2 botocore/1.5.7],7.479541e-05,0.6931472,1.0,0.0,1.0
[aws-cli/1.11.33 Python/2.7.12 Linux/4.4.0-130-generic botocore/1.10.2],7.479541e-05,0.6931472,1.0,0.0,1.0
[aws-cli/1.11.108 Python/2.7.14 Darwin/16.7.0 botocore/1.5.71],7.479541e-05,0.6931472,1.0,0.0,1.0
[aws-cli/1.11.170 Python/2.7.9 Windows/8 botocore/1.7.28],7.479541e-05,0.6931472,1.0,0.0,1.0
[aws-cli/1.14.30 Python/3.6.4 Darwin/16.1.0 botocore/1.8.34],7.479541e-05,0.6931472,1.0,0.0,1.0
[aws-cli/1.11.132 Python/2.7.10 Darwin/16.7.0 botocore/1.8.22],7.479541e-05,0.6931472,1.0,0.0,1.0
[aws-cli/1.10.16 Python/2.7.10 Darwin/15.6.0 botocore/1.4.7],7.479541e-05,0.6931472,1.0,0.0,1.0
[aws-cli/1.11.190 Python/3.6.3 Darwin/17.3.0 botocore/1.7.48],7.479541e-05,0.6931472,1.0,0.0,1.0
[aws-cli/1.14.32 Python/3.5.2 Linux/4.4.0-112-generic botocore/1.8.36],7.479541e-05,0.6931472,1.0,0.0,1.0
[aws-cli/1.11.139 Python/3.6.4rc1 Linux/4.14.0-kali1-amd64 botocore/1.6.6],7.479541e-05,0.6931472,1.0,0.0,1.0
[aws-cli/1.18.41 Python/3.6.0 Windows/10 botocore/1.15.41],7.479541e-05,0.6931472,1.0,0.0,1.0
[aws-cli/1.14.23 Python/2.7.13 Linux/4.9.0-5-amd64 botocore/1.8.27],7.479541e-05,0.6931472,1.0,0.0,1.0
[aws-cli/1.11.145 Python/2.7.11 Darwin/17.3.0 botocore/1.7.3],7.479541e-05,0.6931472,1.0,0.0,1.0
[aws-cli/1.11.95 Python/2.7.14 Darwin/16.7.0 botocore/1.5.58],7.479541e-05,0.6931472,1.0,0.0,1.0
[aws-cli/1.11.51 Python/2.7.10 Darwin/15.6.0 botocore/1.5.21],7.479541e-05,0.6931472,1.0,0.0,1.0
[aws-cli/1.14.9 Python/2.7.10 Darwin/16.7.0 botocore/1.8.13],7.479541e-05,0.6931472,1.0,0.0,1.0
[aws-cli/1.11.160 Python/2.7.10 Darwin/17.3.0 botocore/1.7.18],7.479541e-05,0.6931472,1.0,0.0,1.0
[aws-cli/1.14.28 Python/2.7.12+ Linux/4.3.0-kali1-amd64 botocore/1.8.32],7.479541e-05,0.6931472,1.0,0.0,1.0
[aws-cli/1.14.26 Python/2.7.11 Darwin/16.7.0 botocore/1.8.30],7.479541e-05,0.6931472,1.0,0.0,1.0
[aws-cli/1.15.49 Python/3.6.5 Linux/4.15.0-23-generic botocore/1.10.48],7.479541e-05,0.6931472,1.0,0.0,1.0
[aws-cli/1.15.49 Python/2.7.15 Linux/4.16.0-kali2-amd64 botocore/1.10.48],7.479541e-05,0.6931472,1.0,0.0,1.0
[aws-cli/1.15.14 Python/2.7.15 Darwin/17.6.0 botocore/1.8.50],7.479541e-05,0.6931472,1.0,0.0,1.0
[aws-cli/1.15.49 Python/2.7.9 Linux/3.16.0-6-amd64 botocore/1.10.48],7.479541e-05,0.6931472,1.0,0.0,1.0
[aws-cli/1.15.40 Python/3.6.5 Darwin/16.7.0 botocore/1.10.40],7.479541e-05,0.6931472,1.0,0.0,1.0
[aws-cli/1.15.44 Python/2.7.10 Darwin/17.5.0 botocore/1.10.44],7.479541e-05,0.6931472,1.0,0.0,1.0
[aws-cli/1.11.55 Python/3.5.2 Windows/10 botocore/1.5.18],7.479541e-05,0.6931472,1.0,0.0,1.0
[aws-cli/1.11.56 Python/2.7.13 Windows/7 botocore/1.5.19],7.479541e-05,0.6931472,1.0,0.0,1.0
[aws-cli/1.14.25 Python/2.7.10 Windows/8 botocore/1.8.29],7.479541e-05,0.6931472,1.0,0.0,1.0
[aws-cli/1.11.139 Python/3.6.4 Linux/4.14.0-2-amd64 botocore/1.6.6],7.479541e-05,0.6931472,1.0,0.0,1.0
aws-cli/1.16.24 Python/3.6.5 Linux/4.15.0-39-generic botocore/1.12.14,7.479541e-05,0.6931472,1.0,0.0,1.0
aws-cli/1.16.40 Python/3.7.0 Darwin/17.5.0 botocore/1.12.30,7.479541e-05,0.6931472,1.0,0.0,1.0
[aws-cli/1.11.56 Python/2.7.12 Linux/4.4.0-59-generic botocore/1.5.19],7.479541e-05,0.6931472,1.0,0.0,1.0
[aws-cli/1.11.56 Python/2.7.6 Linux/3.13.0-79-generic botocore/1.5.19],7.479541e-05,0.6931472,1.0,0.0,1.0
[aws-cli/1.11.54 Python/2.7.10 Darwin/16.4.0 botocore/1.5.17],7.479541e-05,0.6931472,1.0,0.0,1.0
[aws-cli/1.11.36 Python/2.7.11 Darwin/15.6.0 botocore/1.4.93],7.479541e-05,0.6931472,1.0,0.0,1.0
[aws-cli/1.11.40 Python/3.5.2 Linux/4.9.12-200.fc25.x86_64+debug botocore/1.5.3],7.479541e-05,0.6931472,1.0,0.0,1.0
[aws-cli/1.15.40 Python/3.7.0 Darwin/17.5.0 botocore/1.10.40],7.479541e-05,0.6931472,1.0,0.0,1.0
[aws-cli/1.15.0 Python/2.7.9 Windows/7 botocore/1.10.0],7.479541e-05,0.6931472,1.0,0.0,1.0
[aws-cli/1.11.13 Python/3.5.2 Linux/4.13.0-45-generic botocore/1.4.70],7.479541e-05,0.6931472,1.0,0.0,1.0
[aws-cli/1.14.26 Python/3.6.4 Linux/4.14.13-1-ARCH botocore/1.8.32],7.479541e-05,0.6931472,1.0,0.0,1.0
[aws-cli/1.11.105 Python/2.7.13 Darwin/17.3.0 botocore/1.5.68],7.479541e-05,0.6931472,1.0,0.0,1.0
[aws-cli/1.14.29 Python/2.7.11 Linux/4.3.0-kali1-amd64 botocore/1.8.33],7.479541e-05,0.6931472,1.0,0.0,1.0
[aws-cli/1.14.28 Python/2.7.11 Darwin/17.3.0 botocore/1.8.32],7.479541e-05,0.6931472,1.0,0.0,1.0
[aws-cli/1.11.177 Python/3.6.3 Darwin/17.3.0 botocore/1.8.18],7.479541e-05,0.6931472,1.0,0.0,1.0
[aws-cli/1.11.177 Python/3.6.1 Darwin/16.3.0 botocore/1.7.35],7.479541e-05,0.6931472,1.0,0.0,1.0
[aws-cli/1.11.77 Python/2.7.10 Darwin/16.6.0 botocore/1.5.40],7.479541e-05,0.6931472,1.0,0.0,1.0
[aws-cli/1.11.113 Python/2.7.13 Darwin/16.6.0 botocore/1.5.76],7.479541e-05,0.6931472,1.0,0.0,1.0
[aws-cli/1.11.63 Python/2.7.5 Linux/3.10.0-514.16.1.el7.x86_64 botocore/1.5.26],7.479541e-05,0.6931472,1.0,0.0,1.0
[aws-cli/1.10.65 Python/2.7.9 Windows/8 botocore/1.4.55],7.479541e-05,0.6931472,1.0,0.0,1.0
[aws-cli/1.11.111 Python/3.6.1 Darwin/16.6.0 botocore/1.5.74],7.479541e-05,0.6931472,1.0,0.0,1.0
[aws-cli/1.11.40 Python/3.5.2 Linux/4.8.10-200.fc24.x86_64 botocore/1.5.3],7.479541e-05,0.6931472,1.0,0.0,1.0
[aws-cli/1.10.59 Python/2.7.10 Darwin/15.4.0 botocore/1.4.49],7.479541e-05,0.6931472,1.0,0.0,1.0
[aws-cli/1.11.28 Python/2.7.13 Darwin/16.0.0 botocore/1.4.85],7.479541e-05,0.6931472,1.0,0.0,1.0
[aws-cli/1.11.13 Python/3.5.2+ Linux/4.8.0-kali1-amd64 botocore/1.4.70],7.479541e-05,0.6931472,1.0,0.0,1.0
[aws-cli/1.14.26 Python/2.7.9 Windows/8 botocore/1.8.30],7.479541e-05,0.6931472,1.0,0.0,1.0
[aws-cli/1.14.24 Python/3.6.4 Darwin/17.3.0 botocore/1.8.28],7.479541e-05,0.6931472,1.0,0.0,1.0
[aws-cli/1.11.13 Python/3.5.2 Linux/4.4.0-109-generic botocore/1.4.70],7.479541e-05,0.6931472,1.0,0.0,1.0
[aws-cli/1.10.3 Python/2.7.14 Darwin/17.3.0 botocore/1.3.25],7.479541e-05,0.6931472,1.0,0.0,1.0
[aws-cli/1.14.5 Python/2.7.14 Linux/4.14.13-300.fc27.x86_64 botocore/1.8.16],7.479541e-05,0.6931472,1.0,0.0,1.0
[aws-cli/1.11.112 Python/2.7.9 Windows/7 botocore/1.5.75],7.479541e-05,0.6931472,1.0,0.0,1.0
[aws-cli/1.11.158 Python/2.7.10 Darwin/17.3.0 botocore/1.8.12],7.479541e-05,0.6931472,1.0,0.0,1.0
[aws-cli/1.12.2 Python/2.7.12 Linux/4.4.96-96461-gdcf10bfcdb62-dirty botocore/1.8.2],7.479541e-05,0.6931472,1.0,0.0,1.0
[aws-cli/1.11.68 Python/2.7.10 Darwin/17.3.0 botocore/1.5.31],7.479541e-05,0.6931472,1.0,0.0,1.0
[aws-cli/1.11.190 Python/2.7.13 Darwin/15.6.0 botocore/1.7.48],7.479541e-05,0.6931472,1.0,0.0,1.0
[aws-cli/1.11.34 Python/2.7.13 Darwin/16.6.0 botocore/1.4.91],7.479541e-05,0.6931472,1.0,0.0,1.0
[aws-cli/1.11.45 Python/2.7.13 Linux/4.9.33 botocore/1.5.8],7.479541e-05,0.6931472,1.0,0.0,1.0
[aws-cli/1.14.4 Python/2.7.14 CYGWIN_NT-6.1/2.9.0(0.318/5/3) botocore/1.8.8],7.479541e-05,0.6931472,1.0,0.0,1.0
[aws-cli/1.11.41 Python/2.7.10 Darwin/17.3.0 botocore/1.5.4],7.479541e-05,0.6931472,1.0,0.0,1.0
[aws-cli/1.11.13 Python/3.5.3 Linux/4.8.0-kali2-amd64 botocore/1.4.70],7.479541e-05,0.6931472,1.0,0.0,1.0
[aws-cli/1.11.56 Python/2.7.13 Darwin/15.6.0 botocore/1.5.19],7.479541e-05,0.6931472,1.0,0.0,1.0
[aws-cli/1.11.13 Python/3.5.2 Linux/4.3.0-kali1-amd64 botocore/1.4.70],7.479541e-05,0.6931472,1.0,0.0,1.0
[aws-cli/1.11.56 Python/2.7.6 Linux/3.13.0-85-generic botocore/1.5.19],7.479541e-05,0.6931472,1.0,0.0,1.0
[aws-cli/1.11.25 Python/2.7.9 Windows/8 botocore/1.4.82],7.479541e-05,0.6931472,1.0,0.0,1.0
[aws-cli/1.10.20 Python/2.7.10 Linux/4.2.0-42-generic botocore/1.4.81],7.479541e-05,0.6931472,1.0,0.0,1.0
[aws-cli/1.14.23 Python/3.6.4 Linux/4.14.13-1-ARCH botocore/1.8.27],7.479541e-05,0.6931472,1.0,0.0,1.0
[aws-cli/1.14.16 Python/3.6.3 Linux/4.13.0-21-generic botocore/1.8.20],7.479541e-05,0.6931472,1.0,0.0,1.0
[aws-cli/1.14.10 Python/2.7.10 Linux/4.13.0-26-generic botocore/1.8.14],7.479541e-05,0.6931472,1.0,0.0,1.0
[aws-cli/1.11.147 Python/3.6.1 Darwin/16.7.0 botocore/1.7.7],7.479541e-05,0.6931472,1.0,0.0,1.0
[aws-cli/1.11.89 Python/2.7.14 Linux/4.13.0-25-generic botocore/1.5.95],7.479541e-05,0.6931472,1.0,0.0,1.0
[aws-cli/1.14.22 Python/2.7.14 Darwin/16.7.0 botocore/1.8.26],7.479541e-05,0.6931472,1.0,0.0,1.0
[aws-cli/1.14.19 Python/2.7.10 Darwin/17.0.0 botocore/1.8.23],7.479541e-05,0.6931472,1.0,0.0,1.0
[aws-cli/1.14.13 Python/3.6.1 Darwin/16.7.0 botocore/1.8.17],7.479541e-05,0.6931472,1.0,0.0,1.0
[aws-cli/1.14.10 Python/3.6.4 Darwin/17.2.0 botocore/1.8.14],7.479541e-05,0.6931472,1.0,0.0,1.0
[aws-cli/1.15.42 Python/2.7.9 Windows/8 botocore/1.10.42],7.479541e-05,0.6931472,1.0,0.0,1.0
[aws-cli/1.15.42 Python/3.6.5 Linux/4.15.0-23-generic botocore/1.10.42],7.479541e-05,0.6931472,1.0,0.0,1.0
[aws-cli/1.15.42 Python/2.7.15rc1 Linux/4.14.0-kali3-amd64 botocore/1.10.42],7.479541e-05,0.6931472,1.0,0.0,1.0
[aws-cli/1.11.134 Python/2.7.10 Darwin/15.5.0 botocore/1.6.1],7.479541e-05,0.6931472,1.0,0.0,1.0
[aws-cli/1.11.139 Python/3.6.3 Linux/4.13.0-45-generic botocore/1.6.6],7.479541e-05,0.6931472,1.0,0.0,1.0
[aws-cli/1.15.38 Python/2.7.12 Linux/4.13.0-45-generic botocore/1.10.38],7.479541e-05,0.6931472,1.0,0.0,1.0
[aws-cli/1.15.38 Python/2.7.12 Linux/4.4.0-127-generic botocore/1.10.38],7.479541e-05,0.6931472,1.0,0.0,1.0
[aws-cli/1.11.101 Python/2.7.10 Darwin/15.6.0 botocore/1.5.64],7.479541e-05,0.6931472,1.0,0.0,1.0
[aws-cli/1.14.10 Python/2.7.14 Darwin/16.7.0 botocore/1.8.14],7.479541e-05,0.6931472,1.0,0.0,1.0
[aws-cli/1.11.190 Python/3.6.3 Darwin/16.7.0 botocore/1.7.48],7.479541e-05,0.6931472,1.0,0.0,1.0
[aws-cli/1.11.129 Python/2.7.10 Darwin/15.6.0 botocore/1.5.92],7.479541e-05,0.6931472,1.0,0.0,1.0
[aws-cli/1.14.7 Python/2.7.14 Darwin/16.7.0 botocore/1.8.11],7.479541e-05,0.6931472,1.0,0.0,1.0
[aws-cli/1.7.39 Python/2.7.10 Darwin/15.6.0],7.479541e-05,0.6931472,1.0,0.0,1.0
[aws-cli/1.11.13 Python/3.5.2 Linux/4.4.0-63-generic botocore/1.4.70],7.479541e-05,0.6931472,1.0,0.0,1.0
[aws-cli/1.11.56 Python/3.5.2 Linux/4.10.0-eudyptula-325a7-g28da37e botocore/1.5.19],7.479541e-05,0.6931472,1.0,0.0,1.0
[aws-cli/1.11.56 Python/2.7.12 Darwin/16.4.0 botocore/1.5.19],7.479541e-05,0.6931472,1.0,0.0,1.0
[aws-cli/1.11.34 Python/3.5.2 Linux/4.9.8-100.fc24.x86_64 botocore/1.4.91],7.479541e-05,0.6931472,1.0,0.0,1.0
[aws-cli/1.11.2 Python/2.7.12 Darwin/14.4.0 botocore/1.4.60],7.479541e-05,0.6931472,1.0,0.0,1.0
[aws-cli/1.11.53 Python/2.7.12 Darwin/15.6.0 botocore/1.5.16],7.479541e-05,0.6931472,1.0,0.0,1.0
[aws-cli/1.11.51 Python/2.7.13 Darwin/15.6.0 botocore/1.5.14],7.479541e-05,0.6931472,1.0,0.0,1.0
[aws-cli/1.11.29 Python/2.7.10 Darwin/14.5.0 botocore/1.4.86],7.479541e-05,0.6931472,1.0,0.0,1.0
[aws-cli/1.15.42 Python/2.7.15 Linux/4.6.0-kali1-amd64 botocore/1.10.42],7.479541e-05,0.6931472,1.0,0.0,1.0
[aws-cli/1.15.40 Python/2.7.12 Linux/4.13.0-36-generic botocore/1.10.40],7.479541e-05,0.6931472,1.0,0.0,1.0
[aws-cli/1.11.165 Python/3.6.2 Darwin/16.7.0 botocore/1.5.95],7.479541e-05,0.6931472,1.0,0.0,1.0
[aws-cli/1.14.7 Python/2.7.6 Linux/4.4.0-101-generic botocore/1.8.11],7.479541e-05,0.6931472,1.0,0.0,1.0
[aws-cli/1.12.1 Python/3.5.2 Linux/4.10.0-40-generic botocore/1.8.1],7.479541e-05,0.6931472,1.0,0.0,1.0
[aws-cli/1.11.139 Python/3.5.4 Linux/4.6.0-kali1-amd64 botocore/1.6.6],7.479541e-05,0.6931472,1.0,0.0,1.0
[aws-cli/1.11.129 Python/2.7.12 Linux/4.4.0-43-Microsoft botocore/1.5.92],7.479541e-05,0.6931472,1.0,0.0,1.0
[aws-cli/1.11.44 Python/2.7.12 Linux/4.4.0-64-generic botocore/1.5.7],7.479541e-05,0.6931472,1.0,0.0,1.0
[aws-cli/1.11.56 Python/2.7.8 Linux/3.2.45-0.6.acc.624.45.283.amzn1acc.x86_64 botocore/1.5.19],7.479541e-05,0.6931472,1.0,0.0,1.0
[aws-cli/1.10.64 Python/2.7.5 Linux/3.10.0-229.el7.x86_64 botocore/1.4.54],7.479541e-05,0.6931472,1.0,0.0,1.0
[aws-cli/1.11.55 Python/2.7.13 Linux/4.9.0-kali1-amd64 botocore/1.5.18],7.479541e-05,0.6931472,1.0,0.0,1.0
[aws-cli/1.11.2 Python/2.7.10 Darwin/16.1.0 botocore/1.4.60],7.479541e-05,0.6931472,1.0,0.0,1.0
[aws-cli/1.11.10 Python/3.5.1 Darwin/15.6.0 botocore/1.4.67],7.479541e-05,0.6931472,1.0,0.0,1.0
[aws-cli/1.2.9 Python/3.4.3 Linux/4.4.0-53-generic],7.479541e-05,0.6931472,1.0,0.0,1.0
[aws-cli/1.11.139 Python/3.6.3 Linux/4.13.0-16-generic botocore/1.6.6],7.479541e-05,0.6931472,1.0,0.0,1.0
[aws-cli/1.14.15 Python/2.7.12 Darwin/16.7.0 botocore/1.8.19],7.479541e-05,0.6931472,1.0,0.0,1.0
[aws-cli/1.14.6 Python/2.7.9 Windows/8 botocore/1.8.10],7.479541e-05,0.6931472,1.0,0.0,1.0
[aws-cli/1.11.13 Python/3.5.2 Linux/4.4.0-1039-aws botocore/1.4.70],7.479541e-05,0.6931472,1.0,0.0,1.0
[aws-cli/1.14.10 Python/2.7.14 Windows/10 botocore/1.8.14],7.479541e-05,0.6931472,1.0,0.0,1.0
[aws-cli/1.11.181 Python/2.7.13 Linux/4.5.0-kali1-amd64 botocore/1.7.39],7.479541e-05,0.6931472,1.0,0.0,1.0
[aws-cli/1.12.2 Python/2.7.9 Windows/8 botocore/1.8.2],7.479541e-05,0.6931472,1.0,0.0,1.0
[aws-cli/1.11.123 Python/3.5.2 Linux/4.4.0-72-generic botocore/1.7.20],7.479541e-05,0.6931472,1.0,0.0,1.0
[aws-cli/1.11.142 Python/2.7.9 Linux/3.16.0-4-amd64 botocore/1.7.0],7.479541e-05,0.6931472,1.0,0.0,1.0
[aws-cli/1.11.180 Python/3.6.3 Darwin/16.7.0 botocore/1.7.38],7.479541e-05,0.6931472,1.0,0.0,1.0
[aws-cli/1.11.47 Python/2.7.10 Darwin/16.7.0 botocore/1.5.10],7.479541e-05,0.6931472,1.0,0.0,1.0
[aws-cli/1.15.37 Python/2.7.9 Windows/8 botocore/1.10.37],7.479541e-05,0.6931472,1.0,0.0,1.0
[aws-cli/1.14.2 Python/2.7.10 Darwin/17.5.0 botocore/1.8.6],7.479541e-05,0.6931472,1.0,0.0,1.0
[aws-cli/1.14.40 Python/3.6.4 Darwin/17.5.0 botocore/1.8.44],7.479541e-05,0.6931472,1.0,0.0,1.0
[aws-cli/1.15.33 Python/2.7.15rc1 Linux/4.4.0-53329-Microsoft botocore/1.10.33],7.479541e-05,0.6931472,1.0,0.0,1.0
[aws-cli/1.15.15 Python/3.6.5 Windows/7 botocore/1.10.15],7.479541e-05,0.6931472,1.0,0.0,1.0
[aws-cli/1.15.31 Python/2.7.15rc1 Linux/4.15.0-22-generic botocore/1.10.31],7.479541e-05,0.6931472,1.0,0.0,1.0
[aws-cli/1.15.29 Python/2.7.10 Darwin/17.6.0 botocore/1.10.29],7.479541e-05,0.6931472,1.0,0.0,1.0
[aws-cli/1.11.122 Python/2.7.12 Linux/4.4.0-101-generic botocore/1.5.85],7.479541e-05,0.6931472,1.0,0.0,1.0
[aws-cli/1.14.14 Python/2.7.12 Linux/4.4.0-43-Microsoft botocore/1.8.18],7.479541e-05,0.6931472,1.0,0.0,1.0
[aws-cli/1.14.11 Python/2.7.12 Linux/4.4.0-43-Microsoft botocore/1.8.15],7.479541e-05,0.6931472,1.0,0.0,1.0
[aws-cli/1.11.181 Python/2.7.9 Windows/7 botocore/1.7.39],7.479541e-05,0.6931472,1.0,0.0,1.0
[aws-cli/1.11.121 Python/2.7.10 Darwin/16.7.0 botocore/1.7.36],7.479541e-05,0.6931472,1.0,0.0,1.0
[aws-cli/1.11.151 Python/2.7.12 Windows/10 botocore/1.7.9],7.479541e-05,0.6931472,1.0,0.0,1.0
[aws-cli/1.15.30 Python/3.6.5 Darwin/17.4.0 botocore/1.10.30],7.479541e-05,0.6931472,1.0,0.0,1.0
[aws-cli/1.15.32 Python/2.7.14+ Linux/4.15.0-kali2-amd64 botocore/1.10.32],7.479541e-05,0.6931472,1.0,0.0,1.0
[aws-cli/1.15.32 Python/3.6.4 Darwin/16.7.0 botocore/1.10.32],7.479541e-05,0.6931472,1.0,0.0,1.0
[aws-cli/1.14.44 Python/3.6.4 Linux/4.14.0-kali3-amd64 botocore/1.8.48],7.479541e-05,0.6931472,1.0,0.0,1.0
[aws-cli/1.15.31 Python/2.7.15rc1 Linux/4.15.0-kali3-amd64 botocore/1.10.31],7.479541e-05,0.6931472,1.0,0.0,1.0
[aws-cli/1.15.31 Python/2.7.13 Linux/4.12.0-kali2-686 botocore/1.10.31],7.479541e-05,0.6931472,1.0,0.0,1.0
[aws-cli/1.15.31 Python/2.7.14+ Linux/4.14.0-kali3-amd64 botocore/1.10.31],7.479541e-05,0.6931472,1.0,0.0,1.0
aws-cli/2.0.37 Python/3.7.4 Darwin/19.3.0 exe/x86_64 command/sts.get-caller-identity,7.479541e-05,0.6931472,1.0,0.0,1.0
aws-cli/1.16.269 Python/3.7.7 Darwin/19.6.0 botocore/1.13.5,7.479541e-05,0.6931472,1.0,0.0,1.0
aws-cli/1.18.109 Python/3.8.5 Linux/5.7.11-200.fc32.x86_64 botocore/1.17.32,7.479541e-05,0.6931472,1.0,0.0,1.0
[aws-cli/1.12.2 Python/3.4.2 Linux/2.6.32-042stab123.9 botocore/1.8.2],7.479541e-05,0.6931472,1.0,0.0,1.0
[aws-cli/1.14.2 Python/2.7.14 Linux/4.13.0-kali1-amd64 botocore/1.8.6],7.479541e-05,0.6931472,1.0,0.0,1.0
[aws-cli/1.11.181 Python/3.6.1 Darwin/17.2.0 botocore/1.7.39],7.479541e-05,0.6931472,1.0,0.0,1.0
[aws-cli/1.15.28 Python/2.7.10 Darwin/17.5.0 botocore/1.10.28],7.479541e-05,0.6931472,1.0,0.0,1.0
[aws-cli/1.15.11 Python/3.6.5 Linux/4.8.6-078388-generic botocore/1.10.11],7.479541e-05,0.6931472,1.0,0.0,1.0
[aws-cli/1.15.15 Python/3.6.5rc1 Linux/4.15.0-kali2-amd64 botocore/1.10.15],7.479541e-05,0.6931472,1.0,0.0,1.0
[aws-cli/1.11.180 Python/3.6.3 Darwin/17.5.0 botocore/1.7.38],7.479541e-05,0.6931472,1.0,0.0,1.0
[aws-cli/1.11.163 Python/2.7.10 Darwin/17.5.0 botocore/1.10.28],7.479541e-05,0.6931472,1.0,0.0,1.0
Boto3/1.14.38 Python/3.7.3 Darwin/19.6.0 Botocore/1.17.38,7.479541e-05,0.6931472,1.0,0.0,1.0
[aws-cli/1.15.31 Python/2.7.15 Linux/4.16.0-2-amd64 botocore/1.10.31],7.479541e-05,0.6931472,1.0,0.0,1.0
[aws-cli/1.11.139 Python/3.5.4 Linux/4.9.0-kali4-amd64 botocore/1.6.6],7.479541e-05,0.6931472,1.0,0.0,1.0
[aws-cli/1.11.97 Python/2.7.12 Linux/4.4.0-97-generic botocore/1.5.60],7.479541e-05,0.6931472,1.0,0.0,1.0
[aws-cli/1.11.127 Python/2.7.9 Windows/8 botocore/1.5.90],7.479541e-05,0.6931472,1.0,0.0,1.0
[aws-cli/1.11.178 Python/2.7.12 Linux/4.4.0-43-Microsoft botocore/1.7.36],7.479541e-05,0.6931472,1.0,0.0,1.0
[aws-cli/1.11.2 Python/2.7.13 Linux/4.11.0-1-amd64 botocore/1.5.65],7.479541e-05,0.6931472,1.0,0.0,1.0
[aws-cli/1.11.175 Python/2.7.14 Darwin/16.7.0 botocore/1.7.33],7.479541e-05,0.6931472,1.0,0.0,1.0
[aws-cli/1.11.2 Python/2.7.10 Darwin/16.6.0 botocore/1.4.60],7.479541e-05,0.6931472,1.0,0.0,1.0
[aws-cli/1.10.10 Python/2.7.13 Darwin/15.6.0 botocore/1.4.92],7.479541e-05,0.6931472,1.0,0.0,1.0
[aws-cli/1.10.12 Python/2.7.12 Linux/4.4.0-81-generic botocore/1.4.3],7.479541e-05,0.6931472,1.0,0.0,1.0
[aws-cli/1.11.170 Python/2.7.13 Windows/10 botocore/1.7.28],7.479541e-05,0.6931472,1.0,0.0,1.0
[aws-cli/1.11.119 Python/2.7.11 Darwin/15.5.0 botocore/1.5.82],7.479541e-05,0.6931472,1.0,0.0,1.0
[aws-cli/1.11.74 Python/2.7.10 Darwin/16.6.0 botocore/1.5.37],7.479541e-05,0.6931472,1.0,0.0,1.0
aws-cli/2.0.42 Python/3.7.4 Darwin/19.6.0 exe/x86_64 command/sts.get-caller-identity,7.479541e-05,0.6931472,1.0,0.0,1.0
aws-cli/2.0.44 Python/3.7.3 Linux/5.4.0-kali3-amd64 exe/x86_64.kali.2020 command/sts.get-caller-identity,7.479541e-05,0.6931472,1.0,0.0,1.0
aws-cli/2.0.5 Python/3.7.3 Linux/3.10.0-957.el7.x86_64 botocore/2.0.0dev9,7.479541e-05,0.6931472,1.0,0.0,1.0
aws-cli/2.0.44 Python/3.7.3 Linux/5.6.0-kali1-amd64 exe/x86_64.kali.2020 command/sts.get-caller-identity,7.479541e-05,0.6931472,1.0,0.0,1.0
aws-cli/2.0.44 Python/3.7.3 Linux/5.7.0-kali1-amd64 exe/x86_64.kali.2020 command/sts.get-caller-identity,7.479541e-05,0.6931472,1.0,0.0,1.0
aws-cli/2.0.42 Python/3.7.4 Darwin/18.7.0 exe/x86_64 command/sts.get-caller-identity,7.479541e-05,0.6931472,1.0,0.0,1.0
aws-cli/2.0.41 Python/3.7.3 Linux/5.2.0-kali3-amd64 exe/x86_64.kali.2019 command/sts.get-caller-identity,7.479541e-05,0.6931472,1.0,0.0,1.0
[aws-cli/1.11.63 Python/2.7.10 Darwin/17.5.0 botocore/1.5.26],7.479541e-05,0.6931472,1.0,0.0,1.0
[aws-cli/1.14.32 Python/3.5.2 Linux/4.4.0-127-generic botocore/1.10.28],7.479541e-05,0.6931472,1.0,0.0,1.0
[aws-cli/1.11.13 Python/3.5.2 Linux/4.8.0-54-generic botocore/1.4.70],7.479541e-05,0.6931472,1.0,0.0,1.0
[aws-cli/1.11.170 Python/2.7.10 Darwin/17.2.0 botocore/1.7.28],7.479541e-05,0.6931472,1.0,0.0,1.0
[aws-cli/1.11.146 Python/2.7.10 Darwin/16.7.0 botocore/1.7.4],7.479541e-05,0.6931472,1.0,0.0,1.0
[aws-cli/1.11.170 Python/2.7.6 Linux/3.4.0+ botocore/1.7.28],7.479541e-05,0.6931472,1.0,0.0,1.0
[aws-cli/1.10.61 Python/2.7.9 Linux/3.16.0-4-amd64 botocore/1.4.51],7.479541e-05,0.6931472,1.0,0.0,1.0
[aws-cli/1.11.167 Python/2.7.10 Linux/4.4.14-200.fc22.x86_64 botocore/1.7.25],7.479541e-05,0.6931472,1.0,0.0,1.0
[aws-cli/1.11.115 Python/2.7.10 Darwin/16.0.0 botocore/1.5.78],7.479541e-05,0.6931472,1.0,0.0,1.0
aws-cli/1.18.44 Python/2.7.18rc1 Linux/5.4.0-47-generic botocore/1.15.44,7.479541e-05,0.6931472,1.0,0.0,1.0
aws-cli/2.0.50 Python/3.7.7 Windows/10 exe/AMD64 command/sts.get-caller-identity,7.479541e-05,0.6931472,1.0,0.0,1.0
aws-cli/2.0.44 Python/3.8.5 Darwin/19.6.0 source/x86_64 command/sts.get-caller-identity,7.479541e-05,0.6931472,1.0,0.0,1.0
aws-cli/2.0.50 Python/3.7.3 Linux/4.4.0-039049-Microsoft exe/x86_64.ubuntu.20 command/sts.get-caller-identity,7.479541e-05,0.6931472,1.0,0.0,1.0
aws-cli/1.17.9 Python/3.7.0 Darwin/19.6.0 botocore/1.16.20,7.479541e-05,0.6931472,1.0,0.0,1.0
aws-cli/2.0.46 Python/3.8.5 Darwin/19.6.0 source/x86_64 command/sts.get-caller-identity,7.479541e-05,0.6931472,1.0,0.0,1.0
aws-cli/1.18.135 Python/3.8.5 Linux/5.7.0-kali3-amd64 botocore/1.17.22,7.479541e-05,0.6931472,1.0,0.0,1.0
aws-cli/2.0.47 Python/3.7.7 Windows/10 exe/AMD64 command/sts.get-caller-identity,7.479541e-05,0.6931472,1.0,0.0,1.0
aws-cli/2.0.36 Python/3.7.3 Linux/5.7.0-kali1-amd64 exe/x86_64.kali.2020 command/sts.get-caller-identity,7.479541e-05,0.6931472,1.0,0.0,1.0
aws-cli/2.0.42 Python/3.7.3 Linux/5.4.0-47-generic exe/x86_64.ubuntu.20 command/sts.get-caller-identity,7.479541e-05,0.6931472,1.0,0.0,1.0
aws-cli/2.0.45 Python/3.7.4 Darwin/19.6.0 exe/x86_64 command/sts.get-caller-identity,7.479541e-05,0.6931472,1.0,0.0,1.0
[aws-cli/1.11.167 Python/2.7.13 Linux/4.12.0-kali1-amd64 botocore/1.7.25],7.479541e-05,0.6931472,1.0,0.0,1.0
[aws-cli/1.7.8 Python/2.7.10 Darwin/16.7.0],7.479541e-05,0.6931472,1.0,0.0,1.0
[aws-cli/1.11.138 Python/2.7.12 Linux/4.10.0-35-generic botocore/1.6.5],7.479541e-05,0.6931472,1.0,0.0,1.0
[aws-cli/1.11.145 Python/2.7.13 Darwin/16.7.0 botocore/1.7.3],7.479541e-05,0.6931472,1.0,0.0,1.0
aws-cli/2.0.48 Python/3.7.4 Darwin/18.7.0 exe/x86_64 command/sts.get-caller-identity,7.479541e-05,0.6931472,1.0,0.0,1.0
aws-cli/2.0.53 Python/3.7.3 Linux/5.2.0-kali2-amd64 exe/x86_64.kali.2020 command/sts.get-caller-identity,7.479541e-05,0.6931472,1.0,0.0,1.0
aws-cli/1.18.149 Python/3.8.5 Linux/5.8.11-200.fc32.x86_64 botocore/1.18.8,7.479541e-05,0.6931472,1.0,0.0,1.0
aws-cli/2.0.44 Python/3.7.3 Linux/5.4.0-26-generic exe/x86_64.linuxmint.20 command/sts.get-caller-identity,7.479541e-05,0.6931472,1.0,0.0,1.0
aws-cli/1.18.44 Python/2.7.18rc1 Linux/5.4.0-48-generic botocore/1.15.44,7.479541e-05,0.6931472,1.0,0.0,1.0
aws-cli/2.0.52 Python/3.7.3 Linux/4.4.0-039049-Microsoft exe/x86_64.ubuntu.18 command/sts.get-caller-identity,7.479541e-05,0.6931472,1.0,0.0,1.0
aws-cli/2.0.50 Python/3.7.3 Linux/4.4.0-039049-Microsoft exe/x86_64.ubuntu.18 command/sts.get-caller-identity,7.479541e-05,0.6931472,1.0,0.0,1.0
aws-cli/2.0.52 Python/3.7.7 Windows/10 exe/AMD64 command/sts.get-caller-identity,7.479541e-05,0.6931472,1.0,0.0,1.0
aws-cli/2.0.51 Python/3.7.7 Windows/10 exe/AMD64 command/sts.get-caller-identity,7.479541e-05,0.6931472,1.0,0.0,1.0
aws-cli/2.0.50 Python/3.7.3 Linux/5.5.0-kali1-amd64 exe/x86_64.kali.2020 command/sts.get-caller-identity,7.479541e-05,0.6931472,1.0,0.0,1.0
[aws-cli/1.11.76 Python/2.7.12 Darwin/16.6.0 botocore/1.5.39],7.479541e-05,0.6931472,1.0,0.0,1.0
[aws-cli/1.11.42 Python/2.7.10 Darwin/15.6.0 botocore/1.5.5],7.479541e-05,0.6931472,1.0,0.0,1.0
[aws-cli/1.11.42 Python/2.7.10 Darwin/16.6.0 botocore/1.5.5],7.479541e-05,0.6931472,1.0,0.0,1.0
[aws-cli/1.11.117 Python/2.7.13 Windows/10 botocore/1.5.80],7.479541e-05,0.6931472,1.0,0.0,1.0
[aws-cli/1.11.103 Python/2.7.13 Darwin/16.6.0 botocore/1.5.66],7.479541e-05,0.6931472,1.0,0.0,1.0
[aws-cli/1.11.118 Python/3.6.1 Linux/4.11.9-1-ARCH botocore/1.5.81],7.479541e-05,0.6931472,1.0,0.0,1.0
[aws-cli/1.11.17 Python/2.7.6 Darwin/14.5.0 botocore/1.4.88],7.479541e-05,0.6931472,1.0,0.0,1.0
[aws-cli/1.15.26 Python/2.7.9 Windows/8 botocore/1.10.26],7.479541e-05,0.6931472,1.0,0.0,1.0
[aws-cli/1.11.89 Python/2.7.11 Darwin/17.5.0 botocore/1.5.52],7.479541e-05,0.6931472,1.0,0.0,1.0
[aws-cli/1.11.133 Python/3.6.5 Linux/4.15.17-300.fc27.x86_64 botocore/1.6.0],7.479541e-05,0.6931472,1.0,0.0,1.0
Boto3/1.15.13 Python/3.7.3 Linux/4.4.0-039049-Microsoft Botocore/1.18.13,7.479541e-05,0.6931472,1.0,0.0,1.0
aws-cli/2.0.54 Python/3.7.7 Windows/10 exe/AMD64 command/sts.get-caller-identity,7.479541e-05,0.6931472,1.0,0.0,1.0
aws-cli/2.0.50 Python/3.7.3 Linux/5.6.0-kali2-amd64 exe/x86_64.kali.2020 command/sts.get-caller-identity,7.479541e-05,0.6931472,1.0,0.0,1.0
aws-cli/2.0.10 Python/3.8.2 Darwin/19.6.0 botocore/2.0.0dev14,7.479541e-05,0.6931472,1.0,0.0,1.0
[aws-cli/1.11.128 Python/2.7.12 Linux/4.4.0-96-generic botocore/1.5.91],7.479541e-05,0.6931472,1.0,0.0,1.0
[aws-cli/1.10.64 Python/2.7.9 Darwin/15.6.0 botocore/1.5.91],7.479541e-05,0.6931472,1.0,0.0,1.0
[aws-cli/1.11.75 Python/2.7.14 Darwin/16.5.0 botocore/1.5.38],7.479541e-05,0.6931472,1.0,0.0,1.0
[aws-cli/1.4.2 Python/3.4.2 Linux/4.4.0-0.bpo.1-amd64],7.479541e-05,0.6931472,1.0,0.0,1.0
[aws-cli/1.11.162 Python/2.7.9 Windows/8 botocore/1.7.20],7.479541e-05,0.6931472,1.0,0.0,1.0
[aws-cli/1.11.159 Python/2.7.13 Linux/4.12.0-kali1-amd64 botocore/1.7.17],7.479541e-05,0.6931472,1.0,0.0,1.0
[aws-cli/1.11.139 Python/3.5.3 Linux/4.9.0-kali3-amd64 botocore/1.6.6],7.479541e-05,0.6931472,1.0,0.0,1.0
[aws-cli/1.11.146 Python/2.7.13 Linux/4.9.0-kali3-amd64 botocore/1.7.4],7.479541e-05,0.6931472,1.0,0.0,1.0
[aws-cli/1.11.149 Python/2.7.13 Linux/4.9.0-kali3-amd64 botocore/1.7.7],7.479541e-05,0.6931472,1.0,0.0,1.0
[aws-cli/1.11.67 Python/2.7.13 Darwin/16.6.0 botocore/1.5.30],7.479541e-05,0.6931472,1.0,0.0,1.0
[AWSPowerShell/74.36.54.6 .NET_Runtime/4.0 .NET_Framework/4.0 OS/Microsoft_Windows_NT_10.0.814599.0 WindowsPowerShell/5.0 ClientSync],7.479541e-05,0.6931472,1.0,0.0,1.0
[aws-cli/1.15.0 Python/3.6.5 Darwin/15.6.0 botocore/1.10.0],7.479541e-05,0.6931472,1.0,0.0,1.0
[aws-cli/1.14.52 Python/2.7.12 Darwin/16.7.0 botocore/1.9.5],7.479541e-05,0.6931472,1.0,0.0,1.0
aws-cli/2.0.38 Python/3.7.7 Windows/10 exe/AMD64 command/iam.get-user-policy,7.479541e-05,0.6931472,1.0,0.0,1.0
aws-cli/2.0.49 Python/3.7.4 Darwin/19.6.0 exe/x86_64 command/apigateway.get-api-keys,7.479541e-05,0.6931472,1.0,0.0,1.0
Boto3/1.12.39 Python/3.7.3 Linux/4.4.0-039049-Microsoft Botocore/1.15.39,7.479541e-05,0.6931472,1.0,0.0,1.0
[aws-cli/1.14.38 Python/2.7.12 Linux/4.4.0-127-generic botocore/1.8.42],7.479541e-05,0.6931472,1.0,0.0,1.0
[aws-cli/1.15.24 Python/3.6.5 Darwin/17.5.0 botocore/1.10.24],7.479541e-05,0.6931472,1.0,0.0,1.0
[aws-cli/1.11.34 Python/2.7.13 Darwin/16.7.0 botocore/1.5.40],7.479541e-05,0.6931472,1.0,0.0,1.0
[aws-cli/1.11.167 Python/2.7.6 Linux/3.13.0-132-generic botocore/1.7.25],7.479541e-05,0.6931472,1.0,0.0,1.0
[aws-cli/1.11.96 Python/2.7.12+ Linux/4.8.0-58-generic botocore/1.5.59],7.479541e-05,0.6931472,1.0,0.0,1.0
[aws-cli/1.11.79 Python/2.7.10 Darwin/16.6.0 botocore/1.5.42],7.479541e-05,0.6931472,1.0,0.0,1.0
[aws-cli/1.11.146 Python/2.7.6 Linux/4.4.0-43-Microsoft botocore/1.7.4],7.479541e-05,0.6931472,1.0,0.0,1.0
[aws-cli/1.11.145 Python/3.6.1 Darwin/16.7.0 botocore/1.7.3],7.479541e-05,0.6931472,1.0,0.0,1.0
[aws-cli/1.11.145 Python/2.7.12 Linux/4.10.0-33-generic botocore/1.7.3],7.479541e-05,0.6931472,1.0,0.0,1.0
[aws-cli/1.11.149 Python/2.7.12 Linux/4.4.0-43-Microsoft botocore/1.7.7],7.479541e-05,0.6931472,1.0,0.0,1.0
[aws-cli/1.11.145 Python/3.6.2 Linux/3.18.35 botocore/1.7.3],7.479541e-05,0.6931472,1.0,0.0,1.0
[aws-cli/1.11.13 Python/3.5.2 Linux/4.4.0-93-generic botocore/1.4.70],7.479541e-05,0.6931472,1.0,0.0,1.0
[aws-cli/1.14.30 Python/3.6.4 Windows/10 botocore/1.8.34],7.479541e-05,0.6931472,1.0,0.0,1.0
[aws-cli/1.15.4 Python/2.7.14+ Linux/4.15.0-kali2-amd64 botocore/1.10.4],7.479541e-05,0.6931472,1.0,0.0,1.0
[aws-cli/1.15.20 Python/2.7.9 Windows/8 botocore/1.10.20],7.479541e-05,0.6931472,1.0,0.0,1.0
[aws-cli/1.15.14 Python/3.6.5 Darwin/17.5.0 botocore/1.10.14],7.479541e-05,0.6931472,1.0,0.0,1.0
[aws-cli/1.15.3 Python/2.7.13 Windows/10 botocore/1.10.3],7.479541e-05,0.6931472,1.0,0.0,1.0
[aws-cli/1.11.139 Python/3.6.3 Linux/4.13.0-39-generic botocore/1.6.6],7.479541e-05,0.6931472,1.0,0.0,1.0
[aws-cli/1.10.56 Python/2.7.12 Linux/4.4.0-122-generic botocore/1.4.46],7.479541e-05,0.6931472,1.0,0.0,1.0
[aws-cli/1.11.156 Python/2.7.6 Linux/4.4.0-43-Microsoft botocore/1.7.14],7.479541e-05,0.6931472,1.0,0.0,1.0
[aws-cli/1.11.154 Python/2.7.13 Darwin/16.5.0 botocore/1.7.12],7.479541e-05,0.6931472,1.0,0.0,1.0
[aws-cli/1.11.56 Python/2.7.13+ Linux/4.9.0-3-amd64 botocore/1.5.19],7.479541e-05,0.6931472,1.0,0.0,1.0
[aws-cli/1.11.142 Python/2.7.12+ Linux/4.6.0-kali1-amd64 botocore/1.7.0],7.479541e-05,0.6931472,1.0,0.0,1.0
[Boto3/1.4.4 Python/2.7.11 Darwin/16.7.0 Botocore/1.5.88],7.479541e-05,0.6931472,1.0,0.0,1.0
[aws-cli/1.11.123 Python/2.7.9 Windows/8 botocore/1.5.86],7.479541e-05,0.6931472,1.0,0.0,1.0
[AWSPowerShell/5.255.35.8 .NET_Runtime/4.0 .NET_Framework/4.0 OS/Microsoft_Windows_NT_10.0.17369.0 WindowsPowerShell/5.0 ClientSync],7.479541e-05,0.6931472,1.0,0.0,1.0
[aws-cli/1.11.123 Python/2.7.12 Linux/4.4.0-83-generic botocore/1.5.86],7.479541e-05,0.6931472,1.0,0.0,1.0
[aws-cli/1.11.116 Python/3.5.3 Darwin/16.6.0 botocore/1.5.79],7.479541e-05,0.6931472,1.0,0.0,1.0
[aws-cli/1.14.44 Python/3.6.4rc1 Linux/4.14.0-kali1-amd64 botocore/1.8.48],7.479541e-05,0.6931472,1.0,0.0,1.0
[Boto3/1.7.4 Python/2.7.12 Linux/4.4.0-119-generic Botocore/1.10.4],7.479541e-05,0.6931472,1.0,0.0,1.0
[aws-cli/1.14.50 Python/3.6.4 Darwin/17.5.0 botocore/1.9.3],7.479541e-05,0.6931472,1.0,0.0,1.0
[aws-cli/1.14.41 Python/2.7.14 Darwin/17.4.0 botocore/1.8.45],7.479541e-05,0.6931472,1.0,0.0,1.0
[aws-cli/1.15.9 Python/2.7.12 Linux/4.13.0-36-generic botocore/1.10.9],7.479541e-05,0.6931472,1.0,0.0,1.0
[Boto3/1.4.4 Python/3.6.1 Windows/7 Botocore/1.5.82 Resource],7.479541e-05,0.6931472,1.0,0.0,1.0
[aws-cli/1.11.16 Python/2.7.12 Darwin/15.6.0 botocore/1.4.73],7.479541e-05,0.6931472,1.0,0.0,1.0
[aws-cli/1.11.140 Python/2.7.13 Linux/4.10.0-33-generic botocore/1.7.6],7.479541e-05,0.6931472,1.0,0.0,1.0
[aws-cli/1.11.145 Python/2.7.9 Windows/8 botocore/1.7.3],7.479541e-05,0.6931472,1.0,0.0,1.0
[aws-cli/1.11.145 Python/2.7.10 Darwin/14.5.0 botocore/1.7.3],7.479541e-05,0.6931472,1.0,0.0,1.0
[aws-cli/1.11.63 Python/2.7.10 Darwin/16.0.0 botocore/1.5.26],7.479541e-05,0.6931472,1.0,0.0,1.0
[aws-cli/1.11.30 Python/2.7.10 Darwin/15.6.0 botocore/1.4.87],7.479541e-05,0.6931472,1.0,0.0,1.0
[aws-cli/1.11.13 Python/3.5.2 Linux/4.10.0-33-generic botocore/1.4.70],7.479541e-05,0.6931472,1.0,0.0,1.0
[aws-cli/1.11.146 Python/2.7.13 Linux/4.9.0-kali4-amd64 botocore/1.7.4],7.479541e-05,0.6931472,1.0,0.0,1.0
[aws-cli/1.11.131 Python/2.7.10 Darwin/16.7.0 botocore/1.5.94],7.479541e-05,0.6931472,1.0,0.0,1.0
[aws-cli/1.11.92 Python/2.7.12 Linux/4.4.0-92-generic botocore/1.5.55],7.479541e-05,0.6931472,1.0,0.0,1.0
aws-cli/2.0.52 Python/3.7.3 Linux/4.19.128-microsoft-standard exe/x86_64.ubuntu.18 command/ec2.describe-prefix-lists,7.479541e-05,0.6931472,1.0,0.0,1.0
aws-cli/2.0.38 Python/3.7.4 Darwin/19.6.0 exe/x86_64 command/ec2.describe-vpc-endpoints,7.479541e-05,0.6931472,1.0,0.0,1.0
aws-cli/2.0.50 Python/3.8.5 Darwin/19.6.0 source/x86_64 command/apigateway.get-domain-names,7.479541e-05,0.6931472,1.0,0.0,1.0
aws-cli/2.0.49 Python/3.7.4 Darwin/19.6.0 exe/x86_64 command/apigateway.create-authorizer,7.479541e-05,0.6931472,1.0,0.0,1.0
aws-cli/2.0.38 Python/3.7.4 Darwin/19.6.0 exe/x86_64 command/apigateway.get-api-key,7.479541e-05,0.6931472,1.0,0.0,1.0
aws-cli/2.0.49 Python/3.7.4 Darwin/19.6.0 exe/x86_64 command/apigateway.get-authorizers,7.479541e-05,0.6931472,1.0,0.0,1.0
[aws-cli/1.15.4 Python/2.7.14 Darwin/17.2.0 botocore/1.10.4],7.479541e-05,0.6931472,1.0,0.0,1.0
[aws-sdk-ruby3/3.19.0 ruby/2.3.1 x86_64-darwin15 aws-sdk-s3/1.9.0],7.479541e-05,0.6931472,1.0,0.0,1.0
[aws-cli/1.11.144 Python/2.7.9 Windows/7 botocore/1.7.2],7.479541e-05,0.6931472,1.0,0.0,1.0
[aws-cli/1.11.74 Python/2.7.12 Linux/4.4.0-31-generic botocore/1.5.34],7.479541e-05,0.6931472,1.0,0.0,1.0
[aws-sdk-ruby2/2.10.29 ruby/2.1.5 x86_64-darwin14.0],7.479541e-05,0.6931472,1.0,0.0,1.0
[aws-cli/1.11.133 Python/2.7.13 Darwin/16.7.0 botocore/1.6.0],7.479541e-05,0.6931472,1.0,0.0,1.0
[aws-cli/1.11.136 Python/2.7.10 Darwin/17.5.0 botocore/1.6.3],7.479541e-05,0.6931472,1.0,0.0,1.0
[aws-cli/1.14.40 Python/2.7.9 Linux/3.16.0-5-amd64 botocore/1.8.44],7.479541e-05,0.6931472,1.0,0.0,1.0
[aws-cli/1.15.3 Python/2.7.9 Windows/8 botocore/1.10.3],7.479541e-05,0.6931472,1.0,0.0,1.0
[aws-cli/1.14.33 Python/2.7.12 Linux/4.4.0-119-generic botocore/1.8.37],7.479541e-05,0.6931472,1.0,0.0,1.0
[aws-cli/1.15.2 Python/3.6.5 Darwin/17.5.0 botocore/1.10.2],7.479541e-05,0.6931472,1.0,0.0,1.0
[aws-cli/1.14.68 Python/2.7.9 Windows/8 botocore/1.9.21],7.479541e-05,0.6931472,1.0,0.0,1.0
[aws-cli/1.14.64 Python/3.6.4 Windows/10 botocore/1.9.17],7.479541e-05,0.6931472,1.0,0.0,1.0
[aws-cli/1.14.61 Python/2.7.9 Linux/4.0.0-kali1-amd64 botocore/1.9.14],7.479541e-05,0.6931472,1.0,0.0,1.0
[aws-cli/1.11.139 Python/3.6.3 Linux/4.13.0-24-generic botocore/1.8.2],7.479541e-05,0.6931472,1.0,0.0,1.0
[aws-cli/1.14.60 Python/3.6.5 Darwin/16.7.0 botocore/1.9.13],7.479541e-05,0.6931472,1.0,0.0,1.0
[aws-cli/1.11.110 Python/2.7.9 Windows/8 botocore/1.5.73],7.479541e-05,0.6931472,1.0,0.0,1.0
[aws-cli/1.11.121 Python/3.6.0 Windows/10 botocore/1.5.84],7.479541e-05,0.6931472,1.0,0.0,1.0
[aws-cli/1.11.93 Python/2.7.9 Windows/8 botocore/1.5.56],7.479541e-05,0.6931472,1.0,0.0,1.0
[aws-cli/1.11.10 Python/2.7.9 Windows/8 botocore/1.4.67],7.479541e-05,0.6931472,1.0,0.0,1.0
[aws-cli/1.11.126 Python/2.7.8 Linux/4.4.20-0.1.fm.237.49.326.metal1.x86_64 botocore/1.5.89],7.479541e-05,0.6931472,1.0,0.0,1.0
[aws-cli/1.14.63 Python/3.6.4 Linux/4.15.12-1-ARCH botocore/1.9.16],7.479541e-05,0.6931472,1.0,0.0,1.0
[aws-cli/1.14.63 Python/2.7.12 Linux/4.13.0-37-generic botocore/1.9.16],7.479541e-05,0.6931472,1.0,0.0,1.0
[aws-cli/1.11.122 Python/2.7.12 Linux/4.4.0-116-generic botocore/1.5.85],7.479541e-05,0.6931472,1.0,0.0,1.0
[aws-cli/1.11.13 Python/2.7.10 Darwin/17.4.0 botocore/1.5.90],7.479541e-05,0.6931472,1.0,0.0,1.0
[aws-cli/1.14.38 Python/2.7.14+ Linux/4.14.0-kali3-amd64 botocore/1.8.42],7.479541e-05,0.6931472,1.0,0.0,1.0
[aws-cli/1.14.50 Python/2.7.14 Darwin/17.4.0 botocore/1.9.3],7.479541e-05,0.6931472,1.0,0.0,1.0
[aws-cli/1.14.58 Python/3.6.4 Darwin/16.7.0 botocore/1.9.11],7.479541e-05,0.6931472,1.0,0.0,1.0
[aws-cli/1.11.133 Python/3.6.4 Linux/4.15.3-300.fc27.x86_64 botocore/1.6.0],7.479541e-05,0.6931472,1.0,0.0,1.0
[aws-cli/1.11.136 Python/2.7.13 Linux/4.9.0-kali4-amd64 botocore/1.6.3],7.479541e-05,0.6931472,1.0,0.0,1.0
[aws-cli/1.11.132 Python/2.7.12 Linux/4.9.38-16.35.amzn1.x86_64 botocore/1.5.95],7.479541e-05,0.6931472,1.0,0.0,1.0
[aws-cli/1.11.135 Python/2.7.11 Darwin/16.4.0 botocore/1.6.2],7.479541e-05,0.6931472,1.0,0.0,1.0
[aws-cli/1.11.141 Python/2.7.13+ Linux/4.9.0-3-amd64 botocore/1.6.8],7.479541e-05,0.6931472,1.0,0.0,1.0
[aws-cli/1.11.140 Python/2.7.11+ Linux/4.4.0-kali1-686 botocore/1.6.7],7.479541e-05,0.6931472,1.0,0.0,1.0
[aws-cli/1.11.132 Python/2.7.12 Linux/4.9.43-17.38.amzn1.x86_64 botocore/1.5.95],7.479541e-05,0.6931472,1.0,0.0,1.0
[aws-cli/1.11.107 Python/2.7.10 Darwin/16.6.0 botocore/1.5.70],7.479541e-05,0.6931472,1.0,0.0,1.0
[aws-cli/1.10.50 Python/2.7.12 Darwin/16.6.0 botocore/1.5.76],7.479541e-05,0.6931472,1.0,0.0,1.0
[aws-cli/1.14.55 Python/2.7.12 Linux/4.10.0-30-generic botocore/1.9.8],7.479541e-05,0.6931472,1.0,0.0,1.0
[aws-cli/1.14.53 Python/3.6.0 Windows/10 botocore/1.9.6],7.479541e-05,0.6931472,1.0,0.0,1.0
[aws-cli/1.14.53 Python/2.7.12 Linux/4.13.0-36-generic botocore/1.9.6],7.479541e-05,0.6931472,1.0,0.0,1.0
[aws-cli/1.14.51 Python/3.6.1 Windows/10 botocore/1.9.4],7.479541e-05,0.6931472,1.0,0.0,1.0
[aws-cli/1.14.51 Python/2.7.9 Windows/8 botocore/1.9.4],7.479541e-05,0.6931472,1.0,0.0,1.0
[aws-cli/1.14.34 Python/3.6.4 Darwin/17.4.0 botocore/1.8.40],7.479541e-05,0.6931472,1.0,0.0,1.0
[aws-cli/1.14.53 Python/2.7.14+ Linux/4.14.0-kali3-amd64 botocore/1.9.6],7.479541e-05,0.6931472,1.0,0.0,1.0
aws-cli/2.0.38 Python/3.7.4 Darwin/19.6.0 exe/x86_64 command/iam.get-instance-profile,7.479541e-05,0.6931472,1.0,0.0,1.0
[aws-cli/1.10.35 Python/2.7.10 Darwin/16.7.0 botocore/1.5.90],7.479541e-05,0.6931472,1.0,0.0,1.0
[aws-cli/1.11.130 Python/2.7.10 Darwin/15.6.0 botocore/1.5.93],7.479541e-05,0.6931472,1.0,0.0,1.0
[aws-cli/1.11.86 Python/2.7.13 Linux/4.11.11-300.fc26.x86_64 botocore/1.5.49],7.479541e-05,0.6931472,1.0,0.0,1.0
[aws-cli/1.11.127 Python/2.7.12+ Linux/4.6.0-kali1-amd64 botocore/1.5.90],7.479541e-05,0.6931472,1.0,0.0,1.0
[aws-cli/1.10.64 Python/2.7.13 Linux/4.11.11-300.fc26.x86_64 botocore/1.4.54],7.479541e-05,0.6931472,1.0,0.0,1.0
[aws-cli/1.11.121 Python/3.6.2 Darwin/16.6.0 botocore/1.5.84],7.479541e-05,0.6931472,1.0,0.0,1.0
[aws-cli/1.11.63 Python/2.7.10 Darwin/16.6.0 botocore/1.5.26],7.479541e-05,0.6931472,1.0,0.0,1.0
[aws-cli/1.11.48 Python/2.7.10 Darwin/15.6.0 botocore/1.5.11],7.479541e-05,0.6931472,1.0,0.0,1.0
aws-cli/2.0.49 Python/3.7.4 Darwin/19.6.0 exe/x86_64 command/cloudtrail.get-trail,7.479541e-05,0.6931472,1.0,0.0,1.0
aws-cli/2.0.38 Python/3.7.4 Darwin/19.6.0 exe/x86_64 command/ec2.describe-vpc-endpoint-connections,7.479541e-05,0.6931472,1.0,0.0,1.0
UNKNOWN_USER_AGENT,7.479541e-05,0.6931472,1.0,0.0,1.0
aws-cli/2.0.38 Python/3.7.4 Darwin/19.6.0 exe/x86_64 command/workspaces.describe-workspaces,7.479541e-05,0.6931472,1.0,0.0,1.0
Boto3/1.14.51 Python/3.8.5 Darwin/18.7.0 Botocore/1.17.51,7.479541e-05,0.6931472,1.0,0.0,1.0
[aws-cli/1.10.59 Python/2.7.13 Darwin/15.6.0 botocore/1.4.49],7.479541e-05,0.6931472,1.0,0.0,1.0
[aws-cli/1.14.9 Python/2.7.12 Linux/4.9.76-3.78.amzn1.x86_64 botocore/1.8.13],7.479541e-05,0.6931472,1.0,0.0,1.0
aws-cli/1.18.3 Python/3.6.0 Windows/10 botocore/1.15.3,7.479541e-05,0.6931472,1.0,0.0,1.0
aws-cli/2.0.49 Python/3.7.4 Darwin/19.6.0 exe/x86_64 command/securityhub.describe-hub,7.479541e-05,0.6931472,1.0,0.0,1.0
aws-cli/2.0.36 Python/3.7.3 Linux/5.0.0-38-generic exe/x86_64.ubuntu.19 command/apigatewayv2.get-apis,7.479541e-05,0.6931472,1.0,0.0,1.0
aws-cli/1.16.283 Python/3.7.5 Linux/5.2.0-kali3-amd64 botocore/1.13.8,7.479541e-05,0.6931472,1.0,0.0,1.0
aws-cli/2.0.38 Python/3.7.4 Darwin/19.6.0 exe/x86_64 command/waf-regional.list-web-acls,7.479541e-05,0.6931472,1.0,0.0,1.0
aws-cli/2.0.49 Python/3.7.4 Darwin/19.6.0 exe/x86_64 command/dynamodb.describe-endpoints,7.479541e-05,0.6931472,1.0,0.0,1.0
aws-cli/2.0.38 Python/3.7.4 Darwin/19.6.0 exe/x86_64 command/route53.list-query-logging-configs,7.479541e-05,0.6931472,1.0,0.0,1.0
[aws-cli/1.11.13 Python/3.5.2 Linux/4.8.0-56-generic botocore/1.4.70],7.479541e-05,0.6931472,1.0,0.0,1.0
aws-cli/2.0.50 Python/3.8.5 Darwin/19.6.0 source/x86_64 command/route53.list-geo-locations,7.479541e-05,0.6931472,1.0,0.0,1.0
[aws-cli/1.11.129 Python/3.6.2 Darwin/16.7.0 botocore/1.5.92],7.479541e-05,0.6931472,1.0,0.0,1.0
aws-cli/2.0.50 Python/3.8.5 Darwin/19.6.0 source/x86_64 command/lambda.list-function-event-invoke-configs,7.479541e-05,0.6931472,1.0,0.0,1.0
Boto3/1.11.9 Python/3.7.3 Darwin/18.7.0 Botocore/1.14.9,7.479541e-05,0.6931472,1.0,0.0,1.0
[aws-cli/1.14.23 Python/2.7.12 Linux/4.13.0-36-generic botocore/1.8.27],7.479541e-05,0.6931472,1.0,0.0,1.0
[aws-cli/1.14.46 Python/3.6.4 Darwin/17.3.0 botocore/1.8.50],7.479541e-05,0.6931472,1.0,0.0,1.0
[aws-cli/1.14.43 Python/3.6.3 Darwin/17.4.0 botocore/1.8.47],7.479541e-05,0.6931472,1.0,0.0,1.0
aws-cli/2.0.50 Python/3.8.5 Darwin/19.6.0 source/x86_64 command/ec2.get-console-screenshot,7.479541e-05,0.6931472,1.0,0.0,1.0
eb-cli/3.10.1 Python/2.7.10 Darwin/16.7.0,7.479541e-05,0.6931472,1.0,0.0,1.0
aws-cli/2.0.22 Python/3.7.3 Linux/5.4.0-42-generic botocore/2.0.0dev26,7.479541e-05,0.6931472,1.0,0.0,1.0
[aws-cli/1.14.56 Python/2.7.1 Java/1.8.0_162 botocore/1.9.9],7.479541e-05,0.6931472,1.0,0.0,1.0
[aws-cli/1.11.24 Python/2.7.14+ Linux/4.14.0-kali3-amd64 botocore/1.7.28],7.479541e-05,0.6931472,1.0,0.0,1.0
[aws-cli/1.11.107 Python/2.7.10 Darwin/16.7.0 botocore/1.5.70],7.479541e-05,0.6931472,1.0,0.0,1.0
[aws-cli/1.11.133 Python/3.6.2 Linux/4.12.6-1-ARCH botocore/1.6.0],7.479541e-05,0.6931472,1.0,0.0,1.0
[aws-cli/1.11.95 Python/2.7.13 Darwin/16.0.0 botocore/1.5.58],7.479541e-05,0.6931472,1.0,0.0,1.0
[aws-cli/1.11.129 Python/3.6.1 Windows/10 botocore/1.5.92],7.479541e-05,0.6931472,1.0,0.0,1.0
